crop,series_id,Commodity,State,District,Market,latitude,longitude,mean_arrival,std_arrival,mean_price,neighbor_degree_75km,neighbor_degree_150km,neighbor_degree_300km,density_bucket,volume_bucket
onion,Onion||Andhra Pradesh||Kurnool||Pattikonda APMC,Onion,Andhra Pradesh,Kurnool,Pattikonda APMC,15.830925100000002,78.0425373,1.0,0.0,3197.4897727703396,0,3,10,sparse,low
onion,Onion||Bihar||Banka||Barahat APMC,Onion,Bihar,Banka,Barahat APMC,24.8328273,86.8161114,4.006662458158273,0.050282546962636364,3517.009070067955,1,13,61,sparse,medium
onion,Onion||Bihar||Bhojpur||Piro APMC,Onion,Bihar,Bhojpur,Piro APMC,25.4501182,84.5635193,7.555268042629924,1.4748914655480567,3015.441845592531,5,12,37,sparse,medium
onion,Onion||Bihar||Jamui||Jamui APMC,Onion,Bihar,Jamui,Jamui APMC,24.7562514,86.3011128,9.73888227388783,1.2833583108991409,2768.07756496432,1,4,52,sparse,medium
onion,"Onion||Bihar||Kaithar||Gerabari, Korha Block APMC",Onion,Bihar,Kaithar,"Gerabari, Korha Block APMC",25.6440845,85.906508,3.2806197536540846,0.6866260769260907,3737.8537148747955,1,9,40,sparse,medium
onion,Onion||Bihar||Kishanganj||Bahadurganj APMC,Onion,Bihar,Kishanganj,Bahadurganj APMC,26.2984144,87.9466715,3.9217108226295028,2.044685277995735,2751.0377813876185,0,12,30,sparse,medium
onion,Onion||Bihar||Madhepura||Murliganj APMC,Onion,Bihar,Madhepura,Murliganj APMC,25.7806118,86.9364753,1.1725919461952854,0.13348055619530544,2787.793847761482,0,10,45,sparse,low
onion,Onion||Bihar||Madhubani||Jahajharpur APMC,Onion,Bihar,Madhubani,Jahajharpur APMC,26.3503076,86.2296424,3.6804858878001796,1.2928581880554808,3014.7235753961604,2,6,35,sparse,medium
onion,Onion||Bihar||Madhubani||Jainagar APMC,Onion,Bihar,Madhubani,Jainagar APMC,26.3503076,86.2296424,1.3576103240616049,0.9795866489782079,3435.2889761441425,2,6,35,sparse,medium
onion,Onion||Bihar||Patna||Danapur APMC,Onion,Bihar,Patna,Danapur APMC,25.6093239,85.1235252,34.46912747647997,1.567239918575179,3541.814433474392,1,11,35,sparse,high
onion,Onion||Bihar||Rohtas||Sasaram APMC,Onion,Bihar,Rohtas,Sasaram APMC,24.9394143,84.0197031,5.840455703247953,1.4853964591419206,2882.182872438415,0,13,39,sparse,medium
onion,Onion||Bihar||Samastipur||Tajpur APMC,Onion,Bihar,Samastipur,Tajpur APMC,25.7747885,85.8672314,2.0,0.0,2902.2299464314383,3,9,39,sparse,medium
onion,Onion||Bihar||Sheohar||Sheohar APMC,Onion,Bihar,Sheohar,Sheohar APMC,26.4934234,85.2717561,1.4669864508776638,1.1696744432794282,3085.878207987528,0,10,28,sparse,medium
onion,Onion||Chandigarh||Chandigarh||Chandigarh(Grain/Fruit) APMC,Onion,Chandigarh,Chandigarh,Chandigarh(Grain/Fruit) APMC,30.7334421,76.7797143,223.4391977158027,107.5851812026418,2065.1092141673007,18,73,172,dense,high
onion,Onion||Chattisgarh||Bilaspur||Tiphra APMC,Onion,Chattisgarh,Bilaspur,Tiphra APMC,22.1638486,82.1365923,86.56453064644043,23.298927288332195,1993.4588206665633,0,2,16,sparse,high
onion,Onion||Chattisgarh||Durg||Durg APMC,Onion,Chattisgarh,Durg,Durg APMC,21.1982964,81.4007922,9.88386499369189,7.838665336099893,2552.0864167831746,1,4,17,sparse,medium
onion,Onion||Chattisgarh||Raigarh||Raigarh APMC,Onion,Chattisgarh,Raigarh,Raigarh APMC,22.2361795,83.3529534,41.049021559490754,17.128811960290996,2310.952053284572,1,6,22,sparse,high
onion,Onion||Chattisgarh||Rajnandgaon||Rajnandgaon APMC,Onion,Chattisgarh,Rajnandgaon,Rajnandgaon APMC,21.0684425,80.7970779,35.59664929131225,23.740291383654277,2011.0212778407817,1,1,12,sparse,high
onion,Onion||Goa||North Goa||Mapusa APMC,Onion,Goa,North Goa,Mapusa APMC,15.6044413,74.0017241,8.9605458414024,5.140788108994559,1817.330082107106,1,3,9,sparse,medium
onion,Onion||Gujarat||Ahmedabad||Ahmedabad(Chimanbhai Patal Market Vasana) APMC,Onion,Gujarat,Ahmedabad,Ahmedabad(Chimanbhai Patal Market Vasana) APMC,23.0215374,72.5800568,770.8172363567307,258.33576640271133,2160.033806323559,4,8,31,sparse,high
onion,"Onion||Gujarat||Anand||Anand(Veg,Yard,Anand) APMC",Onion,Gujarat,Anand,"Anand(Veg,Yard,Anand) APMC",22.5586555,72.9627227,41.21150791113051,21.551134529749834,2047.4092398458613,5,10,49,sparse,high
onion,Onion||Gujarat||Banaskanth||Deesa(Deesa Veg Yard) APMC,Onion,Gujarat,Banaskanth,Deesa(Deesa Veg Yard) APMC,22.3850051,71.745261,53.50357269457668,17.655341379636553,2203.118327487419,0,13,19,sparse,high
onion,Onion||Gujarat||Bharuch||Ankleshwar APMC,Onion,Gujarat,Bharuch,Ankleshwar APMC,21.7080427,72.9956936,10.551874992935632,4.8440468872733895,1544.099830506023,3,9,44,sparse,medium
onion,Onion||Gujarat||Bhavnagar||Mahuva(Station Road) APMC,Onion,Gujarat,Bhavnagar,Mahuva(Station Road) APMC,21.7718836,72.1416449,3020.114519039243,3320.328676820063,1418.8830875203942,0,10,34,sparse,high
onion,Onion||Gujarat||Dahod||Dahod(Veg. Market) APMC,Onion,Gujarat,Dahod,Dahod(Veg. Market) APMC,22.919409899999998,74.1342725,10.51986119539619,13.43114168890484,1970.3152436511255,2,15,48,sparse,medium
onion,Onion||Gujarat||Jamnagar||Jamnagar APMC,Onion,Gujarat,Jamnagar,Jamnagar APMC,22.4732415,70.0552102,47.76933353736671,60.09407341760111,1631.9838924392986,0,6,11,sparse,high
onion,Onion||Gujarat||Kachchh||Bhuj APMC,Onion,Gujarat,Kachchh,Bhuj APMC,23.583333,70.0,47.04351667745816,21.573566640627682,2627.5056165961564,0,2,10,sparse,high
onion,Onion||Gujarat||Kheda||Kapadvanj APMC,Onion,Gujarat,Kheda,Kapadvanj APMC,22.853250299999996,72.9953586,8.361060133546848,3.927487029917773,1859.9754473221612,5,10,38,sparse,medium
onion,Onion||Gujarat||Kheda||Nadiyad(Piplag) APMC,Onion,Gujarat,Kheda,Nadiyad(Piplag) APMC,22.8532503,72.9953586,27.95434886533075,12.643949891229973,2280.86884076653,5,10,38,sparse,high
onion,Onion||Gujarat||Mehsana||Mehsana(Mehsana Veg) APMC,Onion,Gujarat,Mehsana,Mehsana(Mehsana Veg) APMC,23.6012628,72.3741516,45.9898287243867,25.238195804522707,1939.2174461675527,1,5,25,sparse,high
onion,Onion||Gujarat||Morbi||Morbi APMC,Onion,Gujarat,Morbi,Morbi APMC,22.8003959,70.886232,9.458706675459537,4.481106209158506,1572.213931078268,3,6,18,sparse,medium
onion,Onion||Gujarat||Navsari||Bilimora APMC,Onion,Gujarat,Navsari,Bilimora APMC,20.952407,72.9323831,2.471478835406425,1.5443677122010342,2491.535353535877,1,15,47,sparse,medium
onion,Onion||Gujarat||Porbandar||Porbandar APMC,Onion,Gujarat,Porbandar,Porbandar APMC,21.6029751,69.8538067,62.88429565479768,84.34487901735429,1970.481990698232,0,4,8,sparse,high
onion,Onion||Gujarat||Rajkot||Gondal APMC,Onion,Gujarat,Rajkot,Gondal APMC,22.3053263,70.8028377,962.0365511520796,778.8203959331526,1578.0009630742616,3,6,18,sparse,high
onion,Onion||Gujarat||Rajkot||Jetpur(Dist.Rajkot) APMC,Onion,Gujarat,Rajkot,Jetpur(Dist.Rajkot) APMC,22.3053263,70.8028377,40.589533721781166,54.72206137920263,1640.2113869089696,3,6,18,sparse,high
onion,Onion||Gujarat||Rajkot||Rajkot(Veg.Sub Yard) APMC,Onion,Gujarat,Rajkot,Rajkot(Veg.Sub Yard) APMC,22.3053263,70.8028377,283.94897790964643,186.34490660418254,1490.432577728981,3,6,18,sparse,high
onion,Onion||Gujarat||Surat||Surat APMC,Onion,Gujarat,Surat,Surat APMC,21.2094892,72.8317058,262.34603778010825,71.56141978739537,1939.5708787323128,2,5,38,sparse,high
onion,Onion||Gujarat||Vadodara(Baroda)||Padra APMC,Onion,Gujarat,Vadodara(Baroda),Padra APMC,22.3108103,73.1657471,9.71925976840547,2.0000948452511045,2176.028924711305,5,10,50,sparse,medium
onion,Onion||Gujarat||Vadodara(Baroda)||Vadodara(Sayajipura) APMC,Onion,Gujarat,Vadodara(Baroda),Vadodara(Sayajipura) APMC,22.3108103,73.1657471,256.0001944483973,87.33719390175595,1704.0408920127975,5,10,50,sparse,high
onion,Onion||Haryana||Ambala||Ambala City(Subji Mandi) APMC,Onion,Haryana,Ambala,Ambala City(Subji Mandi) APMC,30.3843674,76.770421,61.3734479727394,31.053833379405432,1133.3168659446221,31,72,180,dense,high
onion,Onion||Haryana||Ambala||Barara APMC,Onion,Haryana,Ambala,Barara APMC,30.3843674,76.770421,1.0543507863487802,0.33548025811502125,1630.6064068608384,31,72,180,dense,low
onion,Onion||Haryana||Ambala||Naraingarh APMC,Onion,Haryana,Ambala,Naraingarh APMC,30.3843674,76.770421,7.246650645036742,12.824485391813525,1756.0357848755773,31,72,180,dense,medium
onion,Onion||Haryana||Ambala||Shahzadpur APMC,Onion,Haryana,Ambala,Shahzadpur APMC,30.3843674,76.770421,0.44804466886489014,0.2468314257518912,1725.1461711577206,31,72,180,dense,low
onion,Onion||Haryana||Bhiwani||Ch. Dadri APMC,Onion,Haryana,Bhiwani,Ch. Dadri APMC,28.7931703,76.1391283,3.61473321839501,1.8593746576536927,1812.0395161407316,7,63,176,dense,medium
onion,Onion||Haryana||Faridabad||Ballabhgarh APMC,Onion,Haryana,Faridabad,Ballabhgarh APMC,28.4031478,77.3105561,12.405223795771645,11.930209099211401,1500.0359528829088,30,61,167,dense,high
onion,"Onion||Haryana||Faridabad||New Grain Market , Faridabad APMC",Onion,Haryana,Faridabad,"New Grain Market , Faridabad APMC",28.403147800000003,77.3105561,54.36872498047981,29.46891614169812,1691.7658971056537,30,61,167,dense,high
onion,Onion||Haryana||Fatehabad||Fatehabad APMC,Onion,Haryana,Fatehabad,Fatehabad APMC,29.5359209,75.5752901,10.093924243020547,22.945436332777415,1901.391490763014,12,60,170,dense,medium
onion,Onion||Haryana||Fatehabad||Jakhal APMC,Onion,Haryana,Fatehabad,Jakhal APMC,29.5359209,75.5752901,0.30211839319911615,0.15790128663164057,2310.19784747221,12,60,170,dense,low
onion,Onion||Haryana||Fatehabad||Ratia APMC,Onion,Haryana,Fatehabad,Ratia APMC,29.5359209,75.5752901,3.9113593874362644,6.149457054602123,1938.0817898025248,12,60,170,dense,medium
onion,Onion||Haryana||Gurgaon||Farukh Nagar APMC,Onion,Haryana,Gurgaon,Farukh Nagar APMC,28.4646148,77.0299194,1.1320690246199743,0.5214377832017466,2079.403041100716,32,63,180,dense,low
onion,Onion||Haryana||Gurgaon||Gurgaon APMC,Onion,Haryana,Gurgaon,Gurgaon APMC,28.464614800000003,77.0299194,80.95712167064903,36.79367416908626,1697.5278272192238,32,63,180,dense,high
onion,Onion||Haryana||Gurgaon||Pataudi APMC,Onion,Haryana,Gurgaon,Pataudi APMC,28.4646148,77.0299194,3.0704280843064002,2.1805581594157655,1922.0876360877248,32,63,180,dense,medium
onion,Onion||Haryana||Gurgaon||Sohna APMC,Onion,Haryana,Gurgaon,Sohna APMC,28.4646148,77.0299194,2.419984002342161,1.1242429264834626,2137.272611801938,32,63,180,dense,medium
onion,Onion||Haryana||Hissar||Barwala(Hisar) APMC,Onion,Haryana,Hissar,Barwala(Hisar) APMC,29.717033499999996,76.3591737,2.7900688945549517,1.8315200935107223,2068.60269794835,26,84,189,dense,medium
onion,Onion||Haryana||Hissar||Hansi APMC,Onion,Haryana,Hissar,Hansi APMC,29.7170335,76.3591737,10.555681404657026,7.227946292365306,1980.7277808069227,26,84,189,dense,medium
onion,Onion||Haryana||Hissar||Hissar APMC,Onion,Haryana,Hissar,Hissar APMC,29.7170335,76.3591737,19.433914738355767,11.344930170203149,2246.6623486335543,26,84,189,dense,high
onion,Onion||Haryana||Hissar||Uklana APMC,Onion,Haryana,Hissar,Uklana APMC,29.8258374,76.4242968,0.3546142616293395,0.19392282800789157,2210.571957703134,30,80,190,dense,low
onion,Onion||Haryana||Jhajar||Bahadurgarh APMC,Onion,Haryana,Jhajar,Bahadurgarh APMC,29.0,76.0,8.387449781250432,6.736294426663145,1874.4434954038632,10,60,170,dense,medium
onion,Onion||Haryana||Jhajar||Jhajjar APMC,Onion,Haryana,Jhajar,Jhajjar APMC,29.0,76.0,4.307469058779083,2.7449086261449467,2263.0724254601287,10,60,170,dense,medium
onion,Onion||Haryana||Jind||Jind APMC,Onion,Haryana,Jind,Jind APMC,29.3152073,76.314082,13.517677509507703,8.696775262683603,2075.5764565121467,18,75,189,dense,high
onion,Onion||Haryana||Jind||Narwana APMC,Onion,Haryana,Jind,Narwana APMC,29.315207300000004,76.314082,7.580953014224941,7.128895929141412,1887.63865495061,18,75,189,dense,medium
onion,Onion||Haryana||Jind||Safidon APMC,Onion,Haryana,Jind,Safidon APMC,29.315207299999997,76.314082,3.9426761331227476,2.5703405922778013,1722.634933347298,18,75,189,dense,medium
onion,Onion||Haryana||Kaithal||Dhand APMC,Onion,Haryana,Kaithal,Dhand APMC,29.7996588,76.3989903,0.33958297463077786,0.15166271415562121,2379.5837560729924,30,80,190,dense,low
onion,Onion||Haryana||Kaithal||Pundri APMC,Onion,Haryana,Kaithal,Pundri APMC,29.7996588,76.3989903,1.2038379167232112,1.5028525277408085,2454.3982281298454,30,80,190,dense,low
onion,Onion||Haryana||Kaithal||Siwan APMC,Onion,Haryana,Kaithal,Siwan APMC,29.799658800000003,76.3989903,0.846744563303898,0.4570798949840315,2223.2638616216354,30,80,190,dense,low
onion,Onion||Haryana||Karnal||Gharaunda APMC,Onion,Haryana,Karnal,Gharaunda APMC,29.7255766,76.9106924,1.5654904703242765,1.0953830306015546,2474.8027740636794,33,87,200,dense,medium
onion,"Onion||Haryana||Karnal||New Grain Market(main), Karnal APMC",Onion,Haryana,Karnal,"New Grain Market(main), Karnal APMC",29.725576599999997,76.9106924,51.61372604609473,31.50524380335891,1850.6985175241464,33,87,200,dense,high
onion,Onion||Haryana||Kurukshetra||Ladwa APMC,Onion,Haryana,Kurukshetra,Ladwa APMC,29.969374700000003,76.8482787,0.8021963956466319,0.6198039622933065,2047.1101065103257,34,78,192,dense,low
onion,Onion||Haryana||Kurukshetra||Pehowa APMC,Onion,Haryana,Kurukshetra,Pehowa APMC,29.969374699999996,76.8482787,0.6536998892787367,0.8319461853116908,1524.0181227105736,34,78,192,dense,low
onion,Onion||Haryana||Kurukshetra||Shahabad APMC,Onion,Haryana,Kurukshetra,Shahabad APMC,29.9693747,76.8482787,4.709153450044261,5.363925030768218,2074.320063235598,34,78,192,dense,medium
onion,Onion||Haryana||Kurukshetra||Thanesar APMC,Onion,Haryana,Kurukshetra,Thanesar APMC,29.9693747,76.8482787,24.070539969313906,10.98850092678939,2507.4762853271004,34,78,192,dense,high
onion,Onion||Haryana||Mahendragarh-Narnaul||Mohindergarh APMC,Onion,Haryana,Mahendragarh-Narnaul,Mohindergarh APMC,28.0530574,76.1136303,3.219965442530585,3.24594457886923,1516.205212154763,3,34,149,sparse,medium
onion,Onion||Haryana||Mahendragarh-Narnaul||Narnaul APMC,Onion,Haryana,Mahendragarh-Narnaul,Narnaul APMC,28.053057399999997,76.1136303,2.1091621456121628,1.0708054441078112,1901.3661661182502,3,34,149,sparse,medium
onion,Onion||Haryana||Mewat||Nuh APMC,Onion,Haryana,Mewat,Nuh APMC,27.9935177,77.0419634,1.3318857162351125,0.8484981731708693,1268.3122419557862,13,49,148,dense,medium
onion,Onion||Haryana||Mewat||Punhana APMC,Onion,Haryana,Mewat,Punhana APMC,27.9935177,77.0419634,1.8368899233076748,1.070578026257643,2007.4189891718481,13,49,148,dense,medium
onion,Onion||Haryana||Mewat||Tauru APMC,Onion,Haryana,Mewat,Tauru APMC,27.9935177,77.0419634,3.940135673245602,2.308627711553686,2020.4549415434417,13,49,148,dense,medium
onion,Onion||Haryana||Panchkula||Barwala APMC,Onion,Haryana,Panchkula,Barwala APMC,30.6975401,76.85510660000001,10.125053280781621,6.230426111472384,1917.1965956898725,18,75,172,dense,medium
onion,"Onion||Haryana||Panchkula||New Grain Market , Panchkula APMC",Onion,Haryana,Panchkula,"New Grain Market , Panchkula APMC",30.6975401,76.8551066,1.0,0.0,2622.734402122216,18,75,172,dense,low
onion,Onion||Haryana||Panchkula||Raipur Rai APMC,Onion,Haryana,Panchkula,Raipur Rai APMC,30.6975401,76.8551066,0.18484235458205073,0.10127100115991358,1508.6262036166672,18,75,172,dense,low
onion,Onion||Haryana||Panipat||Madlauda APMC,Onion,Haryana,Panipat,Madlauda APMC,29.3912753,76.9771675,0.4667402189867354,1.966284376488583,2212.157033634601,28,93,196,dense,low
onion,Onion||Haryana||Panipat||Panipat APMC,Onion,Haryana,Panipat,Panipat APMC,29.391275300000004,76.9771675,38.60636158413574,13.95402053420913,1413.6908709979484,28,93,196,dense,high
onion,Onion||Haryana||Rewari||Rewari APMC,Onion,Haryana,Rewari,Rewari APMC,28.1956468,76.6165179,5.018662368491052,5.244753340036714,1715.5365462725954,11,47,165,dense,medium
onion,Onion||Haryana||Rohtak||Meham APMC,Onion,Haryana,Rohtak,Meham APMC,28.9010899,76.5801935,0.7998066644296283,0.4512981273502627,1929.5208692273936,20,68,183,dense,low
onion,Onion||Haryana||Rohtak||Rohtak APMC,Onion,Haryana,Rohtak,Rohtak APMC,28.901089899999995,76.5801935,12.339004201140757,10.244293562637573,1281.7002663171754,20,68,183,dense,high
onion,Onion||Haryana||Sirsa||Rania APMC,Onion,Haryana,Sirsa,Rania APMC,29.6063041,74.9036568,0.20861374053566029,0.07186975023963738,1839.7896979425716,19,45,155,dense,low
onion,Onion||Haryana||Sirsa||Sirsa APMC,Onion,Haryana,Sirsa,Sirsa APMC,29.6063041,74.9036568,13.02188428095387,7.640146969301192,2066.9166703692326,19,45,155,dense,high
onion,Onion||Haryana||Sonipat||Ganaur APMC,Onion,Haryana,Sonipat,Ganaur APMC,28.9953758,77.0233627,1.7262543081102646,0.5892084407379208,2539.5156593405895,23,76,188,dense,medium
onion,Onion||Haryana||Sonipat||Gohana APMC,Onion,Haryana,Sonipat,Gohana APMC,28.9953758,77.0233627,5.957009401199511,2.708837786705121,1799.6832506004534,23,76,188,dense,medium
onion,Onion||Haryana||Sonipat||Sonepat APMC,Onion,Haryana,Sonipat,Sonepat APMC,28.995375799999998,77.0233627,12.68870648721054,7.341054442057304,2290.2757189656627,23,76,188,dense,high
onion,Onion||Haryana||Sonipat||Sonepat(Kharkhoda) APMC,Onion,Haryana,Sonipat,Sonepat(Kharkhoda) APMC,28.9953758,77.0233627,3.261327071966854,1.0943451461671185,1846.8166280342757,23,76,188,dense,medium
onion,Onion||Haryana||Yamuna Nagar||Chhachrauli APMC,Onion,Haryana,Yamuna Nagar,Chhachrauli APMC,30.1389108,77.301064,0.18336902634430377,0.07807524273638311,2220.99801580137,23,65,182,dense,low
onion,Onion||Haryana||Yamuna Nagar||Jagadhri APMC,Onion,Haryana,Yamuna Nagar,Jagadhri APMC,30.1389108,77.301064,5.428868665762188,2.557447956759156,2136.4006763160055,23,65,182,dense,medium
onion,Onion||Haryana||Yamuna Nagar||Mustafabad APMC,Onion,Haryana,Yamuna Nagar,Mustafabad APMC,30.138910800000005,77.301064,0.1979290145265219,0.09515200765244312,2067.267978182854,23,65,182,dense,low
onion,Onion||Haryana||Yamuna Nagar||Radaur APMC,Onion,Haryana,Yamuna Nagar,Radaur APMC,30.138910800000005,77.301064,12.196102397278471,2.869207448323545,2028.6816353840345,23,65,182,dense,high
onion,Onion||Haryana||Yamuna Nagar||Sadhaura APMC,Onion,Haryana,Yamuna Nagar,Sadhaura APMC,30.138910800000005,77.301064,0.7477775229012594,0.5238905671833575,2034.003592343504,23,65,182,dense,low
onion,Onion||Himachal Pradesh||Bilaspur||PMY Bilaspur,Onion,Himachal Pradesh,Bilaspur,PMY Bilaspur,31.3380959,76.7611631,2.2713863680202517,0.49751602659838695,2780.007073180502,15,50,143,dense,medium
onion,Onion||Himachal Pradesh||Chamba||PMY Chamba,Onion,Himachal Pradesh,Chamba,PMY Chamba,32.6923316,76.1631552,1.9666914380337632,1.410245519480472,2526.784436281335,5,27,77,sparse,medium
onion,Onion||Himachal Pradesh||Hamirpur||PMY Hamirpur,Onion,Himachal Pradesh,Hamirpur,PMY Hamirpur,31.653986599999996,76.5403633,1.6007249693793426,0.7082238787792677,2787.447339219362,18,49,127,dense,medium
onion,Onion||Himachal Pradesh||Hamirpur||SMY Nadaun,Onion,Himachal Pradesh,Hamirpur,SMY Nadaun,31.6539866,76.5403633,1.2887848444450034,0.38007393229543085,2945.1964542783658,18,49,127,dense,low
onion,Onion||Himachal Pradesh||Kangra||PMY Kangra,Onion,Himachal Pradesh,Kangra,PMY Kangra,32.0768665,76.2985872,1.9224897287357974,0.23353153275174618,2831.4767767805533,14,40,109,sparse,medium
onion,Onion||Himachal Pradesh||Kangra||SMY Jaisinghpur,Onion,Himachal Pradesh,Kangra,SMY Jaisinghpur,32.0768665,76.2985872,0.20456056163491707,0.10709839605848825,2906.2343471223235,14,40,109,sparse,low
onion,Onion||Himachal Pradesh||Kangra||SMY Jassur,Onion,Himachal Pradesh,Kangra,SMY Jassur,32.0768665,76.2985872,2.4193050493085715,0.6923767138253386,2768.113210745118,14,40,109,sparse,medium
onion,Onion||Himachal Pradesh||Kangra||SMY Palampur,Onion,Himachal Pradesh,Kangra,SMY Palampur,32.0768665,76.2985872,1.9121632554576664,0.45674441607677896,2964.054833555786,14,40,109,sparse,medium
onion,Onion||Himachal Pradesh||Kullu||PMY Kullu,Onion,Himachal Pradesh,Kullu,PMY Kullu,31.9578974,77.1089232,1.7771697744329316,0.938368392465844,2937.5572338206744,5,29,116,sparse,medium
onion,Onion||Himachal Pradesh||Kullu||SMY Bhuntar,Onion,Himachal Pradesh,Kullu,SMY Bhuntar,31.957897399999997,77.1089232,1.8270465736693455,0.6136531295593994,2825.949041048562,5,29,116,sparse,medium
onion,Onion||Himachal Pradesh||Mandi||SMY Dhanotu,Onion,Himachal Pradesh,Mandi,SMY Dhanotu,31.6516617,77.0092542,2.1285321791000906,1.084053950792921,2174.628571725473,8,39,129,sparse,medium
onion,Onion||Himachal Pradesh||Mandi||SMY Takoli,Onion,Himachal Pradesh,Mandi,SMY Takoli,31.6516617,77.0092542,0.2795383940094443,0.19120916950808595,2733.9113914874742,8,39,129,sparse,low
onion,Onion||Himachal Pradesh||Shimla||PMY Dhalli Shimla,Onion,Himachal Pradesh,Shimla,PMY Dhalli Shimla,31.104152600000003,77.1709729,11.372975190300656,4.198777364775056,2601.2210355853226,12,53,159,dense,high
onion,Onion||Himachal Pradesh||Solan||PMY Kather Solan,Onion,Himachal Pradesh,Solan,PMY Kather Solan,30.907756900000003,77.1023645,4.756154688228266,3.0289650375322617,2262.716480266146,14,62,164,dense,medium
onion,Onion||Himachal Pradesh||Una||PMY Una,Onion,Himachal Pradesh,Una,PMY Una,31.5834642,76.2351452,4.301925579840155,1.0152125164797274,2689.828782144987,19,52,127,dense,medium
onion,Onion||Jammu and Kashmir||Anantnag||Ashahipora (Anantnagh) APMC,Onion,Jammu and Kashmir,Anantnag,Ashahipora (Anantnagh) APMC,33.74611,75.1854475,8.025943010512032,4.278724632975695,2533.9152403189323,1,5,35,sparse,medium
onion,Onion||Jammu and Kashmir||Jammu||Akhnoor APMC,Onion,Jammu and Kashmir,Jammu,Akhnoor APMC,32.7185614,74.8580917,1.930858980487965,0.5070285724494035,2999.751659620205,4,14,68,sparse,medium
onion,Onion||Jammu and Kashmir||Jammu||Narwal Jammu (F&V) APMC,Onion,Jammu and Kashmir,Jammu,Narwal Jammu (F&V) APMC,32.7185614,74.8580917,197.2125658720282,18.366573225460296,2534.9714298621175,4,14,68,sparse,high
onion,Onion||Jammu and Kashmir||Kathua||Kathua APMC,Onion,Jammu and Kashmir,Kathua,Kathua APMC,32.3765524,75.5243044,3.224344626402161,1.3498379020406173,2539.589617482191,7,30,90,sparse,medium
onion,Onion||Jammu and Kashmir||Ramban||Batote APMC,Onion,Jammu and Kashmir,Ramban,Batote APMC,33.2116371,75.2050989,2.8119163489930576,0.24163390684532027,2672.8524211941885,4,9,46,sparse,medium
onion,Onion||Jammu and Kashmir||Udhampur||Udhampur APMC,Onion,Jammu and Kashmir,Udhampur,Udhampur APMC,32.9219726,75.1331482,5.5628784125036495,0.6117660218995618,2158.3782837618537,4,18,59,sparse,medium
onion,Onion||Karnataka||Bangalore||Bangalore APMC,Onion,Karnataka,Bangalore,Bangalore APMC,12.9767936,77.590082,2745.862953857874,1039.0348690887981,1729.8894486787178,5,11,121,sparse,high
onion,Onion||Karnataka||Belgaum||Belgaum APMC,Onion,Karnataka,Belgaum,Belgaum APMC,15.857266599999999,74.5069343,362.4941645720222,437.30877633008686,2650.8642522246964,1,4,11,sparse,high
onion,Onion||Karnataka||Chikmagalur||Chikkamagalore APMC,Onion,Karnataka,Chikmagalur,Chikkamagalore APMC,13.318014000000002,75.7738743,4.446480524526212,3.033628599413248,2875.6024639213992,0,5,51,sparse,medium
onion,Onion||Karnataka||Davangere||Davangere APMC,Onion,Karnataka,Davangere,Davangere APMC,14.461887900000002,75.9314156,23.97510899465865,12.581241758395503,1762.0614829912458,0,3,14,sparse,high
onion,Onion||Karnataka||Dharwad||Hubli (Amaragol) APMC,Onion,Karnataka,Dharwad,Hubli (Amaragol) APMC,15.370729599999999,75.1332867,357.65055896467476,250.96120407689708,1237.8236538622732,0,4,12,sparse,high
onion,Onion||Karnataka||Kolar||Chintamani APMC,Onion,Karnataka,Kolar,Chintamani APMC,13.1805066,78.2669329,4.822801958580622,3.0646032986565452,2109.9667256504845,0,18,103,sparse,medium
onion,Onion||Karnataka||Shimoga||Shimoga APMC,Onion,Karnataka,Shimoga,Shimoga APMC,14.055650300000002,75.2380553,11.132135788768723,5.414827123069807,2445.054641209429,1,4,12,sparse,high
onion,Onion||Karnataka||Udupi||Udupi APMC,Onion,Karnataka,Udupi,Udupi APMC,13.526978399999999,74.8731879,10.596210579424788,12.235200506621608,2460.6423185090302,1,4,13,sparse,high
onion,Onion||Kerala||Alappuzha||Alappuzha APMC,Onion,Kerala,Alappuzha,Alappuzha APMC,9.5003416,76.4123364,3.762434200125846,4.74629009107608,4451.814789072208,24,51,119,dense,medium
onion,Onion||Kerala||Alappuzha||Chengannur APMC,Onion,Kerala,Alappuzha,Chengannur APMC,9.5003416,76.4123364,1.0268910088384209,0.22186133828541846,4532.784830859639,24,51,119,dense,low
onion,Onion||Kerala||Alappuzha||Cherthala APMC,Onion,Kerala,Alappuzha,Cherthala APMC,9.5003416,76.4123364,0.8170952784036244,0.6396340615333056,4000.6146433602894,24,51,119,dense,low
onion,Onion||Kerala||Alappuzha||Kayamkulam APMC,Onion,Kerala,Alappuzha,Kayamkulam APMC,9.5003416,76.41233639999999,4.699130012924494,1.617444997357306,3593.6862911260223,24,51,119,dense,medium
onion,Onion||Kerala||Ernakulam||Aluva APMC,Onion,Kerala,Ernakulam,Aluva APMC,10.0383947,76.5074145,36.69542373880818,97.40293315788777,3015.260886930057,24,66,151,dense,high
onion,Onion||Kerala||Ernakulam||Angamaly APMC,Onion,Kerala,Ernakulam,Angamaly APMC,10.0383947,76.5074145,2.056143467682829,0.4339534575427619,3515.797384840801,24,66,151,dense,medium
onion,Onion||Kerala||Ernakulam||Broadway market APMC,Onion,Kerala,Ernakulam,Broadway market APMC,10.0383947,76.5074145,26.070289824104318,15.792875286615308,3841.3338412957974,24,66,151,dense,high
onion,Onion||Kerala||Ernakulam||Ernakulam APMC,Onion,Kerala,Ernakulam,Ernakulam APMC,10.0383947,76.5074145,4.421429315032621,10.513718134190112,5200.13091653011,24,66,151,dense,medium
onion,Onion||Kerala||Ernakulam||Kothamangalam APMC,Onion,Kerala,Ernakulam,Kothamangalam APMC,10.0383947,76.5074145,2.1488831460456104,1.3666743969772928,3797.761832481133,24,66,151,dense,medium
onion,Onion||Kerala||Ernakulam||North Paravur APMC,Onion,Kerala,Ernakulam,North Paravur APMC,10.0383947,76.5074145,1.0116438247053832,0.06862248352617033,5436.310711755543,24,66,151,dense,low
onion,Onion||Kerala||Ernakulam||Perumbavoor APMC,Onion,Kerala,Ernakulam,Perumbavoor APMC,10.0383947,76.5074145,4.778576358008608,1.8233743090627734,3015.330318690439,24,66,151,dense,medium
onion,Onion||Kerala||Ernakulam||Piravam APMC,Onion,Kerala,Ernakulam,Piravam APMC,10.0383947,76.5074145,0.6253462609759383,0.13656069404947546,3183.9037757122655,24,66,151,dense,low
onion,Onion||Kerala||Ernakulam||Thrippunithura APMC,Onion,Kerala,Ernakulam,Thrippunithura APMC,10.0383947,76.5074145,1.176823786073064,0.4231161388946207,3185.2507969861745,24,66,151,dense,low
onion,Onion||Kerala||Idukki||Kattappana APMC,Onion,Kerala,Idukki,Kattappana APMC,9.8154785,76.9991599,4.88517432245886,2.2381842268272663,4791.918141035967,34,78,164,dense,medium
onion,Onion||Kerala||Idukki||Thodupuzha APMC,Onion,Kerala,Idukki,Thodupuzha APMC,9.8154785,76.9991599,48.05190516064206,9.111886260834794,4316.610040110601,34,78,164,dense,high
onion,Onion||Kerala||Idukki||Vandiperiyar APMC,Onion,Kerala,Idukki,Vandiperiyar APMC,9.8154785,76.9991599,15.664997168676049,25.039322948506555,3546.977734372758,34,78,164,dense,high
onion,Onion||Kerala||Kannur||Kannur APMC,Onion,Kerala,Kannur,Kannur APMC,11.8763836,75.3737973,14.01539952384403,4.681944303834234,3225.969118082262,2,12,74,sparse,high
onion,Onion||Kerala||Kannur||Taliparamba APMC,Onion,Kerala,Kannur,Taliparamba APMC,11.8763836,75.3737973,0.037678742696195984,0.004147992026477947,3004.637397281325,2,12,74,sparse,low
onion,Onion||Kerala||Kannur||Thalasserry APMC,Onion,Kerala,Kannur,Thalasserry APMC,11.8763836,75.3737973,0.29698418012687583,0.01636000837908047,2713.9825851380983,2,12,74,sparse,low
onion,Onion||Kerala||Kasargod||Kanjangadu APMC,Onion,Kerala,Kasargod,Kanjangadu APMC,12.4914722,74.9877613,1.0355176391155685,0.18796963553959603,3110.7912021721872,1,6,42,sparse,low
onion,Onion||Kerala||Kasargod||Neeleswaram APMC,Onion,Kerala,Kasargod,Neeleswaram APMC,12.4914722,74.9877613,0.9048622388431313,0.08820466103402386,3407.0495719790083,1,6,42,sparse,low
onion,Onion||Kerala||Kollam||Anchal APMC,Onion,Kerala,Kollam,Anchal APMC,8.8870533,76.5906696,0.48350925581684956,0.045311111471769715,4229.730313643123,10,43,105,dense,low
onion,Onion||Kerala||Kollam||Chathanoor APMC,Onion,Kerala,Kollam,Chathanoor APMC,8.8870533,76.5906696,0.34644530031647475,0.04568333270046444,3850.427151310531,10,43,105,dense,low
onion,Onion||Kerala||Kollam||Kottarakkara APMC,Onion,Kerala,Kollam,Kottarakkara APMC,8.8870533,76.5906696,0.469461120258877,0.20512116411361805,3947.1052487852708,10,43,105,dense,low
onion,Onion||Kerala||Kottayam||Ettumanoor APMC,Onion,Kerala,Kottayam,Ettumanoor APMC,9.6287383,76.6455326,1.9952804566633429,0.07852265613141143,4378.815070208269,21,59,145,dense,medium
onion,Onion||Kerala||Kottayam||Kanjirappally APMC,Onion,Kerala,Kottayam,Kanjirappally APMC,9.6287383,76.6455326,5.530838152690471,115.67413752067048,5468.611788238169,21,59,145,dense,medium
onion,Onion||Kerala||Kottayam||Kottayam APMC,Onion,Kerala,Kottayam,Kottayam APMC,9.6287383,76.6455326,3.1927025850303696,0.5752804332234804,4598.859050763031,21,59,145,dense,medium
onion,Onion||Kerala||Kottayam||Pala APMC,Onion,Kerala,Kottayam,Pala APMC,9.6287383,76.6455326,7.012963508751457,0.2265482027364812,5312.336080076669,21,59,145,dense,medium
onion,Onion||Kerala||Kottayam||Pampady APMC,Onion,Kerala,Kottayam,Pampady APMC,9.6287383,76.6455326,1.9553100275329733,0.17888328463070585,3025.4085001584804,21,59,145,dense,medium
onion,Onion||Kerala||Kottayam||Thalayolaparambu APMC,Onion,Kerala,Kottayam,Thalayolaparambu APMC,9.6287383,76.6455326,0.7747357904256573,0.08581681918399701,4300.356650438456,21,59,145,dense,low
onion,Onion||Kerala||Kozhikode(Calicut)||Kallachi APMC,Onion,Kerala,Kozhikode(Calicut),Kallachi APMC,11.2450558,75.7754716,0.4,0.0,3099.5075179767005,7,30,118,sparse,low
onion,Onion||Kerala||Kozhikode(Calicut)||Palayam APMC,Onion,Kerala,Kozhikode(Calicut),Palayam APMC,11.2450558,75.7754716,49.61173528252579,19.396401535389984,2864.1271511697532,7,30,118,sparse,high
onion,Onion||Kerala||Malappuram||Kondotty APMC,Onion,Kerala,Malappuram,Kondotty APMC,11.1068448,76.1099551,16.05757004360201,8.850203917703288,2963.172139953245,15,44,147,dense,high
onion,Onion||Kerala||Malappuram||Kottakkal APMC,Onion,Kerala,Malappuram,Kottakkal APMC,11.1068448,76.1099551,2.982393219055548,0.658856604341906,3335.676298496369,15,44,147,dense,medium
onion,Onion||Kerala||Malappuram||Manjeri APMC,Onion,Kerala,Malappuram,Manjeri APMC,11.1068448,76.1099551,8.58034294928235,4.534430654897176,2948.2120878716105,15,44,147,dense,medium
onion,Onion||Kerala||Malappuram||Parappanangadi APMC,Onion,Kerala,Malappuram,Parappanangadi APMC,11.1068448,76.1099551,1.5494824731325483,0.8643314122265836,2548.1639725911973,15,44,147,dense,medium
onion,Onion||Kerala||Malappuram||Perinthalmanna APMC,Onion,Kerala,Malappuram,Perinthalmanna APMC,11.1068448,76.1099551,3.1295114080856052,1.890068488188714,2532.211027496762,15,44,147,dense,medium
onion,Onion||Kerala||Malappuram||Thirurrangadi APMC,Onion,Kerala,Malappuram,Thirurrangadi APMC,11.1068448,76.1099551,1.5597541917351159,1.4096577474912726,2513.575300069045,15,44,147,dense,medium
onion,Onion||Kerala||Palakad||Koduvayoor APMC,Onion,Kerala,Palakad,Koduvayoor APMC,10.7681928,76.65213189999999,73.72177519170054,19.93397743511199,4688.016431588414,25,65,168,dense,high
onion,Onion||Kerala||Palakad||Kollengode APMC,Onion,Kerala,Palakad,Kollengode APMC,10.7681928,76.6521319,2.945021198392778,31.196454112220096,4528.389055103395,25,65,168,dense,medium
onion,Onion||Kerala||Palakad||Palakkad APMC,Onion,Kerala,Palakad,Palakkad APMC,10.7681928,76.6521319,9.535536354747874,2.5739217620925277,5186.530696712984,25,65,168,dense,medium
onion,Onion||Kerala||Palakad||Pattambi APMC,Onion,Kerala,Palakad,Pattambi APMC,10.7681928,76.6521319,1.028095926090743,0.43410046862713275,4270.197521003796,25,65,168,dense,low
onion,Onion||Kerala||Palakad||Vadakkenchery APMC,Onion,Kerala,Palakad,Vadakkenchery APMC,10.7681928,76.6521319,0.4204775974541898,0.15681286483680257,5036.610211853243,25,65,168,dense,low
onion,Onion||Kerala||Thirssur||Chelakkara APMC,Onion,Kerala,Thirssur,Chelakkara APMC,10.3528744,76.5120396,3.330421090771075,93.43020900272693,3246.9788879275243,16,60,162,dense,medium
onion,Onion||Kerala||Thirssur||Thrissur APMC,Onion,Kerala,Thirssur,Thrissur APMC,10.3528744,76.5120396,6.356150534044606,5.8668706569707885,5360.528014207117,16,60,162,dense,medium
onion,Onion||Kerala||Thirssur||Wadakkanchery APMC,Onion,Kerala,Thirssur,Wadakkanchery APMC,10.3528744,76.5120396,0.6104377509668268,0.21932344221380812,3455.632450541215,16,60,162,dense,low
onion,Onion||Kerala||Thiruvananthapuram||Aralamoodu APMC,Onion,Kerala,Thiruvananthapuram,Aralamoodu APMC,8.4882267,76.947551,1.3546401388221725,0.44086646318430267,3750.8869790297426,6,29,91,sparse,medium
onion,Onion||Kerala||Thiruvananthapuram||Chala APMC,Onion,Kerala,Thiruvananthapuram,Chala APMC,8.4882267,76.947551,22.31469356809589,5.165245904626168,4825.974449344046,6,29,91,sparse,high
onion,Onion||Kerala||Thiruvananthapuram||Pothencode APMC,Onion,Kerala,Thiruvananthapuram,Pothencode APMC,8.4882267,76.947551,17.68510976092965,360.30872098516204,20293.65163959984,6,29,91,sparse,high
onion,Onion||Kerala||Thiruvananthapuram||Vamanapuram APMC,Onion,Kerala,Thiruvananthapuram,Vamanapuram APMC,8.4882267,76.947551,0.08013567226192672,0.05404306546112742,3549.629001385446,6,29,91,sparse,low
onion,Onion||Madhya Pradesh||Bhopal||Bhopal(F&V) APMC,Onion,Madhya Pradesh,Bhopal,Bhopal(F&V) APMC,23.2584857,77.401989,63.79861296164155,50.126622865293065,988.5798576845225,4,13,51,sparse,high
onion,Onion||Madhya Pradesh||Chhindwara||Chhindwara(F&V) APMC,Onion,Madhya Pradesh,Chhindwara,Chhindwara(F&V) APMC,22.2071897,78.798833,1.9966204831225933,1.790594388424729,1392.0694064721658,0,4,25,sparse,medium
onion,Onion||Madhya Pradesh||Dewas||Dewas(F&V) APMC,Onion,Madhya Pradesh,Dewas,Dewas(F&V) APMC,22.8057498,76.2940408,2.073749982543775,1.020686188408552,953.1305667809431,5,27,46,sparse,medium
onion,Onion||Madhya Pradesh||Dhar||Badnawar(F&V) APMC,Onion,Madhya Pradesh,Dhar,Badnawar(F&V) APMC,22.5786572,75.2258637,506.1174812879835,760.2080978319184,1045.7227610181533,9,18,53,sparse,high
onion,Onion||Madhya Pradesh||Dhar||Dhamnod APMC,Onion,Madhya Pradesh,Dhar,Dhamnod APMC,22.5786572,75.2258637,3.0054666180241316,1.0612819455430273,1169.0718005875556,9,18,53,sparse,medium
onion,Onion||Madhya Pradesh||Dhar||Kukshi APMC,Onion,Madhya Pradesh,Dhar,Kukshi APMC,22.5786572,75.2258637,1.7979412669790489,0.9662428613865236,1074.5947464803132,9,18,53,sparse,medium
onion,Onion||Madhya Pradesh||Dhar||Manawar APMC,Onion,Madhya Pradesh,Dhar,Manawar APMC,22.5786572,75.2258637,0.9679171201451664,0.3939760330068376,1573.8580971031497,9,18,53,sparse,low
onion,Onion||Madhya Pradesh||Gwalior||Lashkar(F&V) APMC,Onion,Madhya Pradesh,Gwalior,Lashkar(F&V) APMC,26.203724700000002,78.1573628,42.80813172115506,26.672838142313672,1497.0301618299975,0,23,131,sparse,high
onion,Onion||Madhya Pradesh||Harda||Harda(F&V) APMC,Onion,Madhya Pradesh,Harda,Harda(F&V) APMC,22.2427973,77.1179173,1.0509202251486758,0.6864841950967049,1240.103967192999,3,20,44,sparse,low
onion,Onion||Madhya Pradesh||Harda||Timarni APMC,Onion,Madhya Pradesh,Harda,Timarni APMC,22.2427973,77.1179173,0.07033588632679397,0.07303639664343053,1471.6556225046384,3,20,44,sparse,low
onion,Onion||Madhya Pradesh||Hoshangabad||Hoshangabad APMC,Onion,Madhya Pradesh,Hoshangabad,Hoshangabad APMC,22.7545538,77.7198249,2.9721537620254312,3.4757468402830507,1513.8199027574542,2,14,41,sparse,medium
onion,Onion||Madhya Pradesh||Hoshangabad||Pipariya APMC,Onion,Madhya Pradesh,Hoshangabad,Pipariya APMC,22.7545538,77.7198249,2.7476166003907525,1.0515980455621803,1500.8675227940028,2,14,41,sparse,medium
onion,Onion||Madhya Pradesh||Indore||Indore APMC,Onion,Madhya Pradesh,Indore,Indore APMC,22.7203616,75.8681996,1816.4948846443508,1122.4846746984895,2310.375059139815,9,27,48,sparse,high
onion,Onion||Madhya Pradesh||Indore||Indore(F&V) APMC,Onion,Madhya Pradesh,Indore,Indore(F&V) APMC,22.7203616,75.8681996,2890.7891316123505,1539.0847495455862,1440.9828230197954,9,27,48,sparse,high
onion,Onion||Madhya Pradesh||Indore||Mhow APMC,Onion,Madhya Pradesh,Indore,Mhow APMC,22.7203616,75.8681996,1.991763894402372,4.80623660818612,1285.4752747103505,9,27,48,sparse,medium
onion,Onion||Madhya Pradesh||Indore||Sanwer APMC,Onion,Madhya Pradesh,Indore,Sanwer APMC,22.7203616,75.8681996,0.24359665571109954,0.12411038964044137,1399.6599859831115,9,27,48,sparse,low
onion,Onion||Madhya Pradesh||Jabalpur||Jabalpur(F&V) APMC,Onion,Madhya Pradesh,Jabalpur,Jabalpur(F&V) APMC,23.1701522,79.9324505,52.378915003484515,32.88377400923776,1396.5041514831435,0,2,28,sparse,high
onion,Onion||Madhya Pradesh||Jhabua||Petlawad APMC,Onion,Madhya Pradesh,Jhabua,Petlawad APMC,22.8869652,74.7243249,0.2777836617620858,0.21088662327138194,1272.0303169178826,9,18,53,sparse,low
onion,Onion||Madhya Pradesh||Jhabua||Thandla APMC,Onion,Madhya Pradesh,Jhabua,Thandla APMC,22.8869652,74.7243249,0.9374294948449611,1.0242254309786742,1589.2389624080581,9,18,53,sparse,low
onion,Onion||Madhya Pradesh||Khandwa||Khandwa APMC,Onion,Madhya Pradesh,Khandwa,Khandwa APMC,21.9769779,76.5675344,72.06971557201892,93.5985661473783,993.9911397209274,3,16,47,sparse,high
onion,Onion||Madhya Pradesh||Khandwa||Khandwa(F&V) APMC,Onion,Madhya Pradesh,Khandwa,Khandwa(F&V) APMC,21.9769779,76.5675344,69.565349942794,68.88169257848267,768.1605300587976,3,16,47,sparse,high
onion,Onion||Madhya Pradesh||Khargone||Badwaha APMC,Onion,Madhya Pradesh,Khargone,Badwaha APMC,21.9544729,75.7521248,0.876822747353075,0.3904625736219338,1510.7566809073824,2,20,61,sparse,low
onion,Onion||Madhya Pradesh||Khargone||Khargone APMC,Onion,Madhya Pradesh,Khargone,Khargone APMC,21.9544729,75.7521248,2.5525499840889188,0.8902076405710877,1019.9919373522002,2,20,61,sparse,medium
onion,Onion||Madhya Pradesh||Khargone||Sanawad APMC,Onion,Madhya Pradesh,Khargone,Sanawad APMC,21.9544729,75.7521248,14.46342258189418,55.15146039628191,1466.3289483938354,2,20,61,sparse,high
onion,Onion||Madhya Pradesh||Mandsaur||Mandsaur APMC,Onion,Madhya Pradesh,Mandsaur,Mandsaur APMC,24.2628148,75.385692,187.47545177619486,236.25598387956794,1268.7695864363043,3,11,47,sparse,high
onion,Onion||Madhya Pradesh||Mandsaur||Shamgarh(F&V) APMC,Onion,Madhya Pradesh,Mandsaur,Shamgarh(F&V) APMC,24.2628148,75.385692,19.83104724594256,36.07367356466491,762.5480722969285,3,11,47,sparse,high
onion,Onion||Madhya Pradesh||Mandsaur||Sitmau APMC,Onion,Madhya Pradesh,Mandsaur,Sitmau APMC,24.2628148,75.385692,2.7559056790156373,4.533828036907873,520.2282539992389,3,11,47,sparse,medium
onion,Onion||Madhya Pradesh||Neemuch||Neemuch APMC,Onion,Madhya Pradesh,Neemuch,Neemuch APMC,24.6305517,75.1829,34.24227313294741,41.9356828626037,1431.200880889088,3,8,41,sparse,high
onion,Onion||Madhya Pradesh||Rajgarh||Biaora APMC,Onion,Madhya Pradesh,Rajgarh,Biaora APMC,23.8716707,76.7744703,0.09892021112085933,0.0479510395957846,770.7705232609347,5,13,51,sparse,low
onion,Onion||Madhya Pradesh||Rajgarh||Narsinghgarh APMC,Onion,Madhya Pradesh,Rajgarh,Narsinghgarh APMC,23.8716707,76.7744703,72.54520929657738,92.01884383739487,1734.3012074014582,5,13,51,sparse,high
onion,Onion||Madhya Pradesh||Ratlam||Ratlam APMC,Onion,Madhya Pradesh,Ratlam,Ratlam APMC,23.5022201,74.9551534,481.2108405334551,445.9118632227214,1961.7531941979173,5,19,50,sparse,high
onion,Onion||Madhya Pradesh||Ratlam||Ratlam(F&V) APMC,Onion,Madhya Pradesh,Ratlam,Ratlam(F&V) APMC,23.5022201,74.9551534,710.2185902981232,700.441914909732,1156.7826957754041,5,19,50,sparse,high
onion,Onion||Madhya Pradesh||Ratlam||Sailana APMC,Onion,Madhya Pradesh,Ratlam,Sailana APMC,23.5022201,74.9551534,63.178694146734514,55.87780048314606,1509.5101768241489,5,19,50,sparse,high
onion,Onion||Madhya Pradesh||Sagar||Deori APMC,Onion,Madhya Pradesh,Sagar,Deori APMC,23.8083076,78.758254,26.131302716563734,49.396251691323755,983.8282644400864,1,3,38,sparse,high
onion,Onion||Madhya Pradesh||Sagar||Sagar(F&V) APMC,Onion,Madhya Pradesh,Sagar,Sagar(F&V) APMC,23.808307599999996,78.758254,28.046371367587394,25.939245237888425,1314.713676063485,1,3,38,sparse,high
onion,Onion||Madhya Pradesh||Sehore||Ashta APMC,Onion,Madhya Pradesh,Sehore,Ashta APMC,23.1150041,77.0665356,52.6385006569436,52.59771879964786,875.4832600612566,6,20,46,sparse,high
onion,Onion||Madhya Pradesh||Sehore||Sehore APMC,Onion,Madhya Pradesh,Sehore,Sehore APMC,23.115004100000004,77.0665356,107.35561360869794,101.86407579249914,1520.9325631836955,6,20,46,sparse,high
onion,Onion||Madhya Pradesh||Shajapur||Kalapipal APMC,Onion,Madhya Pradesh,Shajapur,Kalapipal APMC,23.417100200000004,76.6074794,31.25649236388238,50.96953085459762,1125.7143803234926,7,18,45,sparse,high
onion,Onion||Madhya Pradesh||Shajapur||Shajapur APMC,Onion,Madhya Pradesh,Shajapur,Shajapur APMC,23.4171002,76.6074794,534.6886691329211,425.61789536183664,1938.1364105761618,7,18,45,sparse,high
onion,Onion||Madhya Pradesh||Shajapur||Shajapur(F&V) APMC,Onion,Madhya Pradesh,Shajapur,Shajapur(F&V) APMC,23.417100199999997,76.6074794,707.1691526815674,695.1631302664512,1108.9667361167205,7,18,45,sparse,high
onion,Onion||Madhya Pradesh||Shajapur||Shujalpur APMC,Onion,Madhya Pradesh,Shajapur,Shujalpur APMC,23.4171002,76.6074794,122.40241796146753,139.2045206311523,1307.934669937195,7,18,45,sparse,high
onion,Onion||Madhya Pradesh||Ujjain||Ujjain APMC,Onion,Madhya Pradesh,Ujjain,Ujjain APMC,23.1885131,75.7716562,253.94085332998867,236.9657533258393,1885.418681136737,5,29,48,sparse,high
onion,Onion||Maharashtra||Ahmednagar||Kopargaon APMC,Onion,Maharashtra,Ahmednagar,Kopargaon APMC,19.1627725,74.8580243,587.0772065713339,352.13791688494376,2403.6443777577347,1,20,36,sparse,high
onion,Onion||Maharashtra||Ahmednagar||Sangamner APMC,Onion,Maharashtra,Ahmednagar,Sangamner APMC,19.1627725,74.8580243,710.5967536525304,410.342601759438,1465.4931373044208,1,20,36,sparse,high
onion,Onion||Maharashtra||Akola||Akola APMC,Onion,Maharashtra,Akola,Akola APMC,20.7618123,77.1921157,56.712489846153794,34.69181411425408,2200.7301965254364,0,2,31,sparse,high
onion,Onion||Maharashtra||Amarawati||Amrawati(Frui & Veg. Market) APMC,Onion,Maharashtra,Amarawati,Amrawati(Frui & Veg. Market) APMC,19.5670323,76.4164557,40.73990779467548,13.950606432186467,1953.777052636881,3,3,36,sparse,high
onion,Onion||Maharashtra||Chattrapati Sambhajinagar||Chattrapati Sambhajinagar APMC,Onion,Maharashtra,Chattrapati Sambhajinagar,Chattrapati Sambhajinagar APMC,19.5670323,76.4164557,253.8451396781552,157.7244197107346,1193.4494616979307,3,3,36,sparse,high
onion,Onion||Maharashtra||Chattrapati Sambhajinagar||Lasur Station APMC,Onion,Maharashtra,Chattrapati Sambhajinagar,Lasur Station APMC,19.5670323,76.4164557,508.65102164518436,281.958404808166,1432.1888170043455,3,3,36,sparse,high
onion,Onion||Maharashtra||Chattrapati Sambhajinagar||Vaijpur APMC,Onion,Maharashtra,Chattrapati Sambhajinagar,Vaijpur APMC,19.5670323,76.4164557,477.77740993002686,332.5052271074209,1785.517476635814,3,3,36,sparse,high
onion,Onion||Maharashtra||Dhule||Dhule APMC,Onion,Maharashtra,Dhule,Dhule APMC,21.1305215,74.4900614,121.89999212016772,114.60191817534803,1734.117215133355,0,14,62,sparse,high
onion,Onion||Maharashtra||Jalgaon||Bhusaval APMC,Onion,Maharashtra,Jalgaon,Bhusaval APMC,20.8428827,75.5261246,4.051127306497322,5.389634927684168,1751.4075455625384,1,5,48,sparse,medium
onion,Onion||Maharashtra||Jalgaon||Jalgaon APMC,Onion,Maharashtra,Jalgaon,Jalgaon APMC,20.8428827,75.5261246,138.0722731187686,118.07393488303065,1358.0431347411914,1,5,48,sparse,high
onion,Onion||Maharashtra||Kolhapur||Kolhapur APMC,Onion,Maharashtra,Kolhapur,Kolhapur APMC,16.7028412,74.2405329,523.4722345073412,223.10326985804954,1680.5636578427575,1,5,19,sparse,high
onion,Onion||Maharashtra||Mumbai||Vashi New Mumbai APMC,Onion,Maharashtra,Mumbai,Vashi New Mumbai APMC,19.054999,72.8692035,1124.7019099247298,303.56373275540585,1955.4107224278914,1,20,30,sparse,high
onion,Onion||Maharashtra||Nagpur||Kamthi APMC,Onion,Maharashtra,Nagpur,Kamthi APMC,21.1498134,79.0820556,1.6117136776735854,0.9510380038872585,2377.591455342827,1,2,15,sparse,medium
onion,Onion||Maharashtra||Nagpur||Nagpur APMC,Onion,Maharashtra,Nagpur,Nagpur APMC,21.1498134,79.0820556,229.6404603903241,113.83875908531498,1959.4442827117468,1,2,15,sparse,high
onion,Onion||Maharashtra||Nashik||Chandvad APMC,Onion,Maharashtra,Nashik,Chandvad APMC,20.0112475,73.7902364,953.7958318917417,512.7456654705366,1889.8854355700012,11,16,41,sparse,high
onion,Onion||Maharashtra||Nashik||Devala APMC,Onion,Maharashtra,Nashik,Devala APMC,20.0112475,73.7902364,1023.5487832399616,999.1904344038155,1564.1813670074735,11,16,41,sparse,high
onion,Onion||Maharashtra||Nashik||Kalvan APMC,Onion,Maharashtra,Nashik,Kalvan APMC,20.0112475,73.7902364,962.4715672896948,547.7010099932548,1487.8277191702348,11,16,41,sparse,high
onion,Onion||Maharashtra||Nashik||Lasalgaon APMC,Onion,Maharashtra,Nashik,Lasalgaon APMC,20.0112475,73.7902364,1525.3996839282654,901.7760408954318,1785.979711223174,11,16,41,sparse,high
onion,Onion||Maharashtra||Nashik||Lasalgaon(Niphad) APMC,Onion,Maharashtra,Nashik,Lasalgaon(Niphad) APMC,20.0112475,73.7902364,330.4909084952019,167.49835733042107,2095.5066684664266,11,16,41,sparse,high
onion,Onion||Maharashtra||Nashik||Lasalgaon(Vinchur) APMC,Onion,Maharashtra,Nashik,Lasalgaon(Vinchur) APMC,20.0112475,73.7902364,1338.1684344943203,616.6432739246378,1989.1216669533967,11,16,41,sparse,high
onion,Onion||Maharashtra||Nashik||Manmad APMC,Onion,Maharashtra,Nashik,Manmad APMC,20.0112475,73.7902364,511.672417770828,446.45419386014737,1729.3957565766884,11,16,41,sparse,high
onion,Onion||Maharashtra||Nashik||Nasik APMC,Onion,Maharashtra,Nashik,Nasik APMC,20.0112475,73.7902364,269.0162532288856,130.7171102112257,1871.0612410104743,11,16,41,sparse,high
onion,Onion||Maharashtra||Nashik||Pimpalgaon APMC,Onion,Maharashtra,Nashik,Pimpalgaon APMC,20.0112475,73.7902364,1841.696159856206,852.8242215390263,2024.9398880119093,11,16,41,sparse,high
onion,Onion||Maharashtra||Nashik||Pimpalgaon Baswant(Saykheda) APMC,Onion,Maharashtra,Nashik,Pimpalgaon Baswant(Saykheda) APMC,20.0112475,73.7902364,472.4575066279078,262.7062101780439,1825.7054208101495,11,16,41,sparse,high
onion,Onion||Maharashtra||Nashik||Sinner APMC,Onion,Maharashtra,Nashik,Sinner APMC,20.0112475,73.7902364,264.7866302325672,220.00083847608022,1427.6037168359562,11,16,41,sparse,high
onion,Onion||Maharashtra||Nashik||Yeola APMC,Onion,Maharashtra,Nashik,Yeola APMC,20.0112475,73.7902364,1167.9354984213796,647.0465319225797,1553.4833965063326,11,16,41,sparse,high
onion,Onion||Maharashtra||Pune||Junnar(Narayangaon) APMC,Onion,Maharashtra,Pune,Junnar(Narayangaon) APMC,18.5213738,73.8545071,3.1406220824557605,1.7758161960140757,1572.9733598783641,6,12,34,sparse,medium
onion,Onion||Maharashtra||Pune||Khed(Chakan) APMC,Onion,Maharashtra,Pune,Khed(Chakan) APMC,18.5213738,73.8545071,160.65633554368262,283.1888271465126,1828.203919759822,6,12,34,sparse,high
onion,Onion||Maharashtra||Pune||Pune APMC,Onion,Maharashtra,Pune,Pune APMC,18.5213738,73.8545071,1225.7746095111593,380.41713467838576,1750.8426246848005,6,12,34,sparse,high
onion,Onion||Maharashtra||Pune||Pune(Khadiki) APMC,Onion,Maharashtra,Pune,Pune(Khadiki) APMC,18.5213738,73.8545071,1.585724137908501,0.9364827327009009,1611.932541010161,6,12,34,sparse,medium
onion,Onion||Maharashtra||Pune||Pune(Manjri) APMC,Onion,Maharashtra,Pune,Pune(Manjri) APMC,18.521373800000003,73.85450710000002,7.7288063724447,2.381997495373771,1807.0712177025378,6,12,34,sparse,medium
onion,Onion||Maharashtra||Pune||Pune(Moshi) APMC,Onion,Maharashtra,Pune,Pune(Moshi) APMC,18.5213738,73.8545071,50.42262873459941,21.205359192466748,1391.0726471979274,6,12,34,sparse,high
onion,Onion||Maharashtra||Pune||Pune(Pimpri) APMC,Onion,Maharashtra,Pune,Pune(Pimpri) APMC,18.5213738,73.8545071,2.0103619474527723,3.521354772890969,1845.6005883121034,6,12,34,sparse,medium
onion,Onion||Maharashtra||Raigad||Karjat(Raigad) APMC,Onion,Maharashtra,Raigad,Karjat(Raigad) APMC,18.4928092,73.138071,62.453433696361486,113.68751602213564,1062.0159899522419,1,8,27,sparse,high
onion,"Onion||Maharashtra||Sangli||Sangli(Phale, Bhajipura Market) APMC",Onion,Maharashtra,Sangli,"Sangli(Phale, Bhajipura Market) APMC",17.1726928,74.5867654,362.72878638094227,216.94881896667388,1576.1016543404892,3,5,19,sparse,high
onion,Onion||Maharashtra||Satara||Karad APMC,Onion,Maharashtra,Satara,Karad APMC,17.6361289,74.2982781,16.466314848879797,5.443642012764959,2144.0479023091943,2,10,31,sparse,high
onion,Onion||Maharashtra||Satara||Satara APMC,Onion,Maharashtra,Satara,Satara APMC,17.6361289,74.2982781,26.5355580078752,15.367440484207512,1823.5357292766982,2,10,31,sparse,high
onion,Onion||Maharashtra||Sholapur||Mangal Wedha APMC,Onion,Maharashtra,Sholapur,Mangal Wedha APMC,17.6699734,75.9008118,12.701621830795599,14.583022349997753,2207.3000108764677,1,2,27,sparse,high
onion,Onion||Maharashtra||Sholapur||Solapur APMC,Onion,Maharashtra,Sholapur,Solapur APMC,17.6799325,75.927467,2931.3267267355136,2039.7568116997757,1643.0855199073933,1,1,27,sparse,high
onion,Onion||NCT of Delhi||Delhi||Azadpur APMC,Onion,NCT of Delhi,Delhi,Azadpur APMC,28.6333255,77.2244838,918.5386124743098,427.376015031262,1930.11679293453,32,68,178,dense,high
onion,Onion||NCT of Delhi||Delhi||Shahdara APMC,Onion,NCT of Delhi,Delhi,Shahdara APMC,28.6333255,77.2244838,300.76468781229386,140.33054502034062,2064.7314991747776,32,68,178,dense,high
onion,Onion||Nagaland||Mokokchung||Mokokchung Town APMC,Onion,Nagaland,Mokokchung,Mokokchung Town APMC,26.479586099999995,94.5105275,1.0692539198993352,1.3451072214882542,3861.5096917570413,0,0,0,sparse,low
onion,Onion||Odisha||Balasore||Jaleswar APMC,Onion,Odisha,Balasore,Jaleswar APMC,21.5006421,86.919884,18.433990424910842,4.591021064150931,2707.717748164471,2,10,47,sparse,high
onion,Onion||Odisha||Balasore||Nilagiri APMC,Onion,Odisha,Balasore,Nilagiri APMC,21.5006421,86.919884,2.624921853204333,0.5627254522071294,2148.1312092224807,2,10,47,sparse,medium
onion,Onion||Odisha||Bargarh||Bargarh APMC,Onion,Odisha,Bargarh,Bargarh APMC,21.2319922,83.5652737,9.378262262474802,37.25762192169594,2520.2532867862046,4,12,23,sparse,medium
onion,Onion||Odisha||Bargarh||Bargarh(Barapalli) APMC,Onion,Odisha,Bargarh,Bargarh(Barapalli) APMC,21.2319922,83.5652737,24.188463488075406,26.052617260553806,2528.3007701019183,4,12,23,sparse,high
onion,Onion||Odisha||Bhadrak||Chandabali APMC,Onion,Odisha,Bhadrak,Chandabali APMC,20.9854052,86.5934226,14.03502344714506,6.480981056816013,2774.7404767555004,2,8,39,sparse,high
onion,Onion||Odisha||Bolangir||Bolangir APMC,Onion,Odisha,Bolangir,Bolangir APMC,20.7502257,83.2499464,4.8627034067206765,0.7916093578424901,2907.949285495707,3,9,23,sparse,medium
onion,Onion||Odisha||Boudh||Boudh APMC,Onion,Odisha,Boudh,Boudh APMC,20.6407463,83.9969704,0.09999999999999999,0.0,3336.9988219132547,3,10,23,sparse,low
onion,Onion||Odisha||Dhenkanal||Hindol APMC,Onion,Odisha,Dhenkanal,Hindol APMC,20.8351494,85.6022305,1.8420391172005146,5.982131029420288,2764.604450064188,4,8,29,sparse,medium
onion,Onion||Odisha||Dhenkanal||Kamakhyanagar APMC,Onion,Odisha,Dhenkanal,Kamakhyanagar APMC,20.8351494,85.6022305,1.5127684627603257,1.185529326398595,3186.1822042771346,4,8,29,sparse,medium
onion,Onion||Odisha||Ganjam||Hinjilicut APMC,Onion,Odisha,Ganjam,Hinjilicut APMC,19.6090068,84.7080633,41.815283238721946,7.065533963957578,3016.893889425422,0,5,20,sparse,high
onion,Onion||Odisha||Jharsuguda||Jharsuguda APMC,Onion,Odisha,Jharsuguda,Jharsuguda APMC,21.8019368,83.9713964,1.41178944534306,0.7761769490548946,3211.3517642281927,2,8,23,sparse,medium
onion,Onion||Odisha||Keonjhar||Keonjhar APMC,Onion,Odisha,Keonjhar,Keonjhar APMC,21.5,85.5,0.520035279572455,0.08251245746709378,3187.143556764503,4,10,34,sparse,low
onion,Onion||Odisha||Keonjhar||Keonjhar(Dhekikote) APMC,Onion,Odisha,Keonjhar,Keonjhar(Dhekikote) APMC,21.5,85.5,0.513188195829386,0.10457610701410253,2915.3767850102577,4,10,34,sparse,low
onion,Onion||Odisha||Keonjhar||Saharpada APMC,Onion,Odisha,Keonjhar,Saharpada APMC,21.5,85.5,0.5142069048417007,0.08698009077236137,2834.933677701481,4,10,34,sparse,low
onion,Onion||Odisha||Khurda||Balugaon APMC,Onion,Odisha,Khurda,Balugaon APMC,20.1617378,85.7052429,2.4328081537223123,0.9990488998069966,2961.7535410031355,0,6,20,sparse,medium
onion,Onion||Odisha||Mayurbhanja||Chuliaposi APMC,Onion,Odisha,Mayurbhanja,Chuliaposi APMC,20.5431241,84.6897321,0.8868305811971195,0.3492049159876706,3164.689328776282,2,13,23,sparse,low
onion,Onion||Odisha||Mayurbhanja||Udala APMC,Onion,Odisha,Mayurbhanja,Udala APMC,20.5431241,84.6897321,1.888936113028534,1.2024005662675592,3011.4393298509,2,13,23,sparse,medium
onion,Onion||Odisha||Nuapada||Khariar APMC,Onion,Odisha,Nuapada,Khariar APMC,20.5412657,82.5292352,0.8332599194678514,0.32140738421084875,2732.2854350569132,1,6,17,sparse,low
onion,Onion||Odisha||Nuapada||Khariar Road APMC,Onion,Odisha,Nuapada,Khariar Road APMC,20.5412657,82.5292352,0.8350760411665953,0.33339787523808123,2808.756924441839,1,6,17,sparse,low
onion,Onion||Odisha||Rayagada||Rayagada APMC,Onion,Odisha,Rayagada,Rayagada APMC,19.4426698,83.5873053,5.320759854296449,3.169636425242865,2698.226298312764,0,3,15,sparse,medium
onion,Onion||Odisha||Sambalpur||Kuchinda APMC,Onion,Odisha,Sambalpur,Kuchinda APMC,21.5570606,84.1528515,0.7414149971176606,0.555828702051371,3508.2494907441983,4,13,25,sparse,low
onion,Onion||Odisha||Sonepur||Birmaharajpur APMC,Onion,Odisha,Sonepur,Birmaharajpur APMC,20.8453864,83.909083,2.0272730090019473,0.7571637705178833,3483.404682154953,4,11,23,sparse,medium
onion,Onion||Odisha||Sundergarh||Sargipali APMC,Onion,Odisha,Sundergarh,Sargipali APMC,22.122656199999998,84.0368319,1.9182350724903998,0.4044814890624353,2426.587436581543,3,6,27,sparse,medium
onion,Onion||Punjab||Amritsar||Amritsar(Amritsar Mewa Mandi) APMC,Onion,Punjab,Amritsar,Amritsar(Amritsar Mewa Mandi) APMC,31.6356659,74.8787496,134.2306684988585,51.496153091441315,1422.2478296260058,8,36,115,sparse,high
onion,Onion||Punjab||Amritsar||Rayya APMC,Onion,Punjab,Amritsar,Rayya APMC,31.6356659,74.8787496,0.28825232254623046,0.1824845941872824,2435.2267094435597,8,36,115,sparse,low
onion,Onion||Punjab||Barnala||Barnala APMC,Onion,Punjab,Barnala,Barnala APMC,30.3716802,75.5039887,44.62072222622168,20.610860618413234,2248.2096583850775,21,72,164,dense,high
onion,Onion||Punjab||Bhatinda||Bathinda APMC,Onion,Punjab,Bhatinda,Bathinda APMC,30.206791,74.9463699,14.958698188128468,2.4257131009796553,2250.849651274369,14,53,151,dense,high
onion,Onion||Punjab||Bhatinda||Bhagta Bhai Ka APMC,Onion,Punjab,Bhatinda,Bhagta Bhai Ka APMC,30.206791,74.94636989999998,0.41699382180536887,0.12949762295755327,2441.8518691700706,14,53,151,dense,low
onion,Onion||Punjab||Bhatinda||Bhucho APMC,Onion,Punjab,Bhatinda,Bhucho APMC,30.206791,74.9463699,0.14319143153102976,0.02506021194701924,1894.9415951714736,14,53,151,dense,low
onion,Onion||Punjab||Bhatinda||Maur APMC,Onion,Punjab,Bhatinda,Maur APMC,30.206791,74.9463699,0.7262987574437796,0.21426511292743622,2528.4329094803834,14,53,151,dense,low
onion,Onion||Punjab||Bhatinda||Raman APMC,Onion,Punjab,Bhatinda,Raman APMC,30.206791,74.9463699,2.2158640524117725,0.8507452141034018,2247.9601554871915,14,53,151,dense,medium
onion,Onion||Punjab||Bhatinda||Rampuraphul(Nabha Mandi) APMC,Onion,Punjab,Bhatinda,Rampuraphul(Nabha Mandi) APMC,30.206791,74.9463699,1.6928032450392347,0.6686236903960145,2078.24863190458,14,53,151,dense,medium
onion,Onion||Punjab||Bhatinda||Talwandi Sabo APMC,Onion,Punjab,Bhatinda,Talwandi Sabo APMC,30.206791,74.9463699,0.5232075620693584,0.25296521495724894,2173.18800591522,14,53,151,dense,low
onion,Onion||Punjab||Faridkot||Jaitu APMC,Onion,Punjab,Faridkot,Jaitu APMC,30.601450700000004,74.7950176,2.0763858002759723,12.693027684742546,1878.7541246831436,13,47,136,dense,medium
onion,Onion||Punjab||Fatehgarh||Bassi Pathana APMC,Onion,Punjab,Fatehgarh,Bassi Pathana APMC,31.6610527,74.9764967,1.3149135739516875,0.37609529758578736,2504.192393412914,10,38,115,sparse,medium
onion,Onion||Punjab||Fatehgarh||Khamano APMC,Onion,Punjab,Fatehgarh,Khamano APMC,31.6610527,74.9764967,0.17803339920666822,0.06303870502755003,2933.316958422695,10,38,115,sparse,low
onion,Onion||Punjab||Fatehgarh||Sirhind APMC,Onion,Punjab,Fatehgarh,Sirhind APMC,31.6610527,74.9764967,7.240276361965625,3.4516260937356016,2257.4089433023214,10,38,115,sparse,medium
onion,Onion||Punjab||Fazilka||Fazilka APMC,Onion,Punjab,Fazilka,Fazilka APMC,30.3198406,74.1217943,12.968930272085894,17.38552976374947,2607.758111935236,6,27,112,sparse,high
onion,Onion||Punjab||Fazilka||Jalalabad APMC,Onion,Punjab,Fazilka,Jalalabad APMC,30.3198406,74.1217943,1.8093436777955143,0.2672613701030392,2285.172621669029,6,27,112,sparse,medium
onion,Onion||Punjab||Ferozpur||Firozepur City APMC,Onion,Punjab,Ferozpur,Firozepur City APMC,30.400257900000003,74.0327747,13.436650237982048,3.32506443084577,1883.0653439730788,5,24,111,sparse,high
onion,Onion||Punjab||Ferozpur||Zira APMC,Onion,Punjab,Ferozpur,Zira APMC,30.400257900000003,74.0327747,0.8594971981684071,0.40508474905949915,2699.266735311347,5,24,111,sparse,low
onion,Onion||Punjab||Gurdaspur||Dhariwal APMC,Onion,Punjab,Gurdaspur,Dhariwal APMC,31.903726399999996,75.2275587,1.1464280017049704,0.23315305132615646,2072.470199382586,16,37,112,sparse,low
onion,Onion||Punjab||Gurdaspur||Dinanagar APMC,Onion,Punjab,Gurdaspur,Dinanagar APMC,31.903726399999996,75.2275587,2.4483734075743473,1.2903889470560064,2394.098562142574,16,37,112,sparse,medium
onion,Onion||Punjab||Gurdaspur||Gurdaspur APMC,Onion,Punjab,Gurdaspur,Gurdaspur APMC,31.9037264,75.2275587,10.50158504604344,2.21829993307231,2640.811038405023,16,37,112,sparse,medium
onion,Onion||Punjab||Hoshiarpur||Dasuya APMC,Onion,Punjab,Hoshiarpur,Dasuya APMC,31.6092942,75.8459754,3.053095219223467,1.1795966154902142,2376.9978100166554,19,49,128,dense,medium
onion,Onion||Punjab||Hoshiarpur||Garh Shankar APMC,Onion,Punjab,Hoshiarpur,Garh Shankar APMC,31.6092942,75.8459754,9.81954466348005,2.3682864298761146,1779.6101834104352,19,49,128,dense,medium
onion,Onion||Punjab||Hoshiarpur||Garh Shankar(Mahalpur) APMC,Onion,Punjab,Hoshiarpur,Garh Shankar(Mahalpur) APMC,31.609294200000004,75.8459754,5.798033962566111,1.9281261719640053,2047.352207146849,19,49,128,dense,medium
onion,Onion||Punjab||Hoshiarpur||GarhShankar (Kotfatuhi) APMC,Onion,Punjab,Hoshiarpur,GarhShankar (Kotfatuhi) APMC,31.609294199999997,75.8459754,0.5046249638200307,0.3174218787263046,2157.3133085762506,19,49,128,dense,low
onion,Onion||Punjab||Hoshiarpur||Mukerian APMC,Onion,Punjab,Hoshiarpur,Mukerian APMC,31.6092942,75.8459754,2.936015066308124,0.051033494362001025,2799.224963831503,19,49,128,dense,medium
onion,Onion||Punjab||Hoshiarpur||Mukerian(Talwara) APMC,Onion,Punjab,Hoshiarpur,Mukerian(Talwara) APMC,31.6092942,75.8459754,0.8443794181174405,0.22299423460458467,2883.71773969093,19,49,128,dense,low
onion,Onion||Punjab||Hoshiarpur||Tanda Urmur APMC,Onion,Punjab,Hoshiarpur,Tanda Urmur APMC,31.6092942,75.8459754,2.8168315222178246,0.5727717676251716,3149.7454297366817,19,49,128,dense,medium
onion,Onion||Punjab||Jalandhar||Bilga APMC,Onion,Punjab,Jalandhar,Bilga APMC,31.292231199999996,75.5678878,3.220389243458062,8.081834262283623,2243.206567471349,20,63,136,dense,medium
onion,Onion||Punjab||Jalandhar||Phillaur(Apra Mandi) APMC,Onion,Punjab,Jalandhar,Phillaur(Apra Mandi) APMC,31.2922312,75.5678878,0.19396127054204823,0.09039365376505434,2819.4399551867155,20,63,136,dense,low
onion,Onion||Punjab||Kapurthala||Phagwara APMC,Onion,Punjab,Kapurthala,Phagwara APMC,31.3856476,75.3053304,25.302283647452374,8.944900874472777,2312.6108666300875,24,50,127,dense,high
onion,Onion||Punjab||Ludhiana||Doraha APMC,Onion,Punjab,Ludhiana,Doraha APMC,30.9090157,75.851601,2.121997067440663,1.3946942210378575,2288.495159504824,11,80,147,dense,medium
onion,Onion||Punjab||Ludhiana||Khanna APMC,Onion,Punjab,Ludhiana,Khanna APMC,30.909015700000005,75.851601,44.23260374589856,24.355840915325345,1685.1608102605092,11,80,147,dense,high
onion,Onion||Punjab||Ludhiana||Ludhiana APMC,Onion,Punjab,Ludhiana,Ludhiana APMC,30.909015699999998,75.851601,220.51326800979606,184.97111372067997,2033.574031409329,11,80,147,dense,high
onion,Onion||Punjab||Ludhiana||Samrala APMC,Onion,Punjab,Ludhiana,Samrala APMC,30.909015699999998,75.851601,2.1111057608271206,1.3294696013139218,2208.4148619189236,11,80,147,dense,medium
onion,Onion||Punjab||Mansa||Mansa APMC,Onion,Punjab,Mansa,Mansa APMC,29.8764133,75.4889564,8.928792436272293,3.9777809810719904,2238.8937413848544,18,67,168,dense,medium
onion,Onion||Punjab||Moga||Dharamkot APMC,Onion,Punjab,Moga,Dharamkot APMC,30.787755399999998,75.159359,1.0309336813031496,1.7247693524448167,2368.4104173169544,20,59,138,dense,low
onion,Onion||Punjab||Mohali||Dera Bassi APMC,Onion,Punjab,Mohali,Dera Bassi APMC,30.704116800000005,76.7176885,0.8403459403429504,0.15410889366297165,2487.998579493115,18,75,172,dense,low
onion,Onion||Punjab||Mohali||Kharar APMC,Onion,Punjab,Mohali,Kharar APMC,30.704116800000005,76.7176885,4.613050614333952,0.7107016138280394,2531.66916857065,18,75,172,dense,medium
onion,Onion||Punjab||Mohali||Lalru APMC,Onion,Punjab,Mohali,Lalru APMC,30.7041168,76.7176885,3.1492199613570775,2.732594741435817,2186.8726125624726,18,75,172,dense,medium
onion,Onion||Punjab||Muktsar||Giddarbaha APMC,Onion,Punjab,Muktsar,Giddarbaha APMC,30.469200000000004,74.5182,0.8126144104882055,0.5325661112958625,2778.091161164058,14,47,135,dense,low
onion,Onion||Punjab||Muktsar||Malout APMC,Onion,Punjab,Muktsar,Malout APMC,30.469199999999997,74.5182,5.748440227995213,4.193176486984052,1699.813716049683,14,47,135,dense,medium
onion,Onion||Punjab||Patiala||Dudhansadhan APMC,Onion,Punjab,Patiala,Dudhansadhan APMC,30.2092778,76.3397231,0.4172962510454081,0.17385517698311986,2796.0002763372295,30,78,180,dense,low
onion,Onion||Punjab||Patiala||Nabha APMC,Onion,Punjab,Patiala,Nabha APMC,30.2092778,76.3397231,295.1192129451938,171.0648576075527,1611.8887991954832,30,78,180,dense,high
onion,Onion||Punjab||Patiala||Patran APMC,Onion,Punjab,Patiala,Patran APMC,30.2092778,76.3397231,8.997539608427163,4.321063440553817,1732.7423909879249,30,78,180,dense,medium
onion,Onion||Punjab||Patiala||Rajpura APMC,Onion,Punjab,Patiala,Rajpura APMC,30.209277800000002,76.3397231,14.753763124062706,4.900243662757205,2056.9514931334143,30,78,180,dense,high
onion,Onion||Punjab||Ropar (Rupnagar)||Ropar APMC,Onion,Punjab,Ropar (Rupnagar),Ropar APMC,30.9688367,76.526088,13.507932085922477,4.040241690422362,2120.3310387425163,19,74,172,dense,high
onion,Onion||Punjab||Sangrur||Bhawanigarh APMC,Onion,Punjab,Sangrur,Bhawanigarh APMC,30.135717,75.8533326,4.218187327680227,1.5137237392373732,1975.6299160571396,20,73,171,dense,medium
onion,Onion||Punjab||Sangrur||Dhuri APMC,Onion,Punjab,Sangrur,Dhuri APMC,30.135717,75.8533326,0.9041340628193705,0.22431495196262033,2174.472206522662,20,73,171,dense,low
onion,Onion||Punjab||Sangrur||Lehra Gaga APMC,Onion,Punjab,Sangrur,Lehra Gaga APMC,30.135717,75.8533326,0.40527790979831785,0.33532353831349315,2153.0745556693,20,73,171,dense,low
onion,Onion||Punjab||Sangrur||Malerkotla APMC,Onion,Punjab,Sangrur,Malerkotla APMC,30.135717,75.8533326,22.84485171361793,5.706274370061826,2109.8918865066134,20,73,171,dense,high
onion,Onion||Punjab||Sangrur||Sunam APMC,Onion,Punjab,Sangrur,Sunam APMC,30.135717000000003,75.8533326,10.13980957783884,5.684459364723914,2287.6310518263444,20,73,171,dense,medium
onion,Onion||Punjab||Tarntaran||Patti APMC,Onion,Punjab,Tarntaran,Patti APMC,30.9293211,75.5004841,0.6716286086577704,0.38638772444559066,2057.6399748092063,10,67,136,dense,low
onion,Onion||Punjab||Tarntaran||Tarantaran APMC,Onion,Punjab,Tarntaran,Tarantaran APMC,30.9293211,75.5004841,1.6208659319016236,0.6896216679614111,2500.689795266353,10,67,136,dense,medium
onion,Onion||Rajasthan||Ajmer||Ajmer(F&V) APMC,Onion,Rajasthan,Ajmer,Ajmer(F&V) APMC,26.469100000000005,74.639,179.9732233255685,263.9364029601854,2030.5881392563454,1,4,27,sparse,high
onion,Onion||Rajasthan||Ajmer||Madanganj Kishangarh APMC,Onion,Rajasthan,Ajmer,Madanganj Kishangarh APMC,26.4691,74.639,2.130166045281167,0.43897274197296493,2319.3548655356917,1,4,27,sparse,medium
onion,Onion||Rajasthan||Alwar||Alwar FV,Onion,Rajasthan,Alwar,Alwar FV,27.4140049,76.6170387,301.05999999548703,640.4925231793188,2100.817840895422,0,27,131,sparse,high
onion,Onion||Rajasthan||Bikaner||Bikaner (F&V) APMC,Onion,Rajasthan,Bikaner,Bikaner (F&V) APMC,28.0159286,73.3171367,114.87505802647296,65.07137822519364,1480.655727838626,0,2,40,sparse,high
onion,Onion||Rajasthan||Churu||Churu APMC,Onion,Rajasthan,Churu,Churu APMC,28.2047781,74.6912996,2.465361605772162,6.667068451763379,1636.8574694478039,2,13,107,sparse,medium
onion,Onion||Rajasthan||Churu||Sujangarh APMC,Onion,Rajasthan,Churu,Sujangarh APMC,28.204778099999995,74.6912996,0.8552818467050449,0.3729506271136097,1542.9986748153415,2,13,107,sparse,low
onion,Onion||Rajasthan||Ganganagar||Sriganganagar (F&V) APMC,Onion,Rajasthan,Ganganagar,Sriganganagar (F&V) APMC,25.9061389,76.4815499,27.10814128151584,8.299753600302038,2448.470962474635,1,4,65,sparse,high
onion,Onion||Rajasthan||Ganganagar||Suratgarh APMC,Onion,Rajasthan,Ganganagar,Suratgarh APMC,25.906138900000002,76.4815499,1.5884165419744938,0.40421926512447565,1734.2403783695654,1,4,65,sparse,medium
onion,Onion||Rajasthan||Hanumangarh||Bhadara APMC,Onion,Rajasthan,Hanumangarh,Bhadara APMC,29.365953299999997,74.298429,0.8924391254348013,0.520349472220595,2037.625147659679,8,28,118,sparse,low
onion,Onion||Rajasthan||Hanumangarh||Goluwala APMC,Onion,Rajasthan,Hanumangarh,Goluwala APMC,29.365953299999997,74.298429,0.20179155317968808,0.06190552874943755,2105.247776379726,8,28,118,sparse,low
onion,Onion||Rajasthan||Hanumangarh||Hanumangarh APMC,Onion,Rajasthan,Hanumangarh,Hanumangarh APMC,29.3659533,74.298429,6.6538015499736645,1.1587505099536117,2424.816233774401,8,28,118,sparse,medium
onion,Onion||Rajasthan||Hanumangarh||Hanumangarh Town APMC,Onion,Rajasthan,Hanumangarh,Hanumangarh Town APMC,29.3659533,74.298429,1.2175574112631182,0.3992366309382893,1627.4376303561874,8,28,118,sparse,low
onion,Onion||Rajasthan||Hanumangarh||HanumangarhTown APMC,Onion,Rajasthan,Hanumangarh,HanumangarhTown APMC,29.3659533,74.298429,0.7637557433192622,0.836908902485719,2238.6003089931223,8,28,118,sparse,low
onion,Onion||Rajasthan||Hanumangarh||Rawatsar APMC,Onion,Rajasthan,Hanumangarh,Rawatsar APMC,29.3659533,74.298429,0.6829205777165649,2.532886504130324,1696.2413199812281,8,28,118,sparse,low
onion,Onion||Rajasthan||Hanumangarh||Sangriya APMC,Onion,Rajasthan,Hanumangarh,Sangriya APMC,29.365953300000005,74.298429,0.513249181883851,0.08234557938836994,2225.370621940287,8,28,118,sparse,low
onion,Onion||Rajasthan||Jaipur Rural||Bassi APMC,Onion,Rajasthan,Jaipur Rural,Bassi APMC,26.9206636,75.9740914,1.2631084490362412,0.38207866657808076,2365.1397845356364,1,10,80,sparse,low
onion,Onion||Rajasthan||Jaipur Rural||Chomu (F&V) APMC,Onion,Rajasthan,Jaipur Rural,Chomu (F&V) APMC,26.920663599999997,75.9740914,9.18296944866034,8.191731787908726,2069.6049006821613,1,10,80,sparse,medium
onion,Onion||Rajasthan||Jhunjhunu||Jhunjhunu APMC,Onion,Rajasthan,Jhunjhunu,Jhunjhunu APMC,28.0798944,75.5424211,0.8350239228963704,0.7026270899300164,1058.2891088409692,3,17,139,sparse,low
onion,Onion||Rajasthan||Jodhpur||Jodhpur (F&V) APMC,Onion,Rajasthan,Jodhpur,Jodhpur (F&V) APMC,26.2967719,73.0351433,234.42471382120092,116.95345040142057,1337.6046038140266,0,1,10,sparse,high
onion,Onion||Rajasthan||Kota||Kota (F&V) APMC,Onion,Rajasthan,Kota,Kota (F&V) APMC,25.1737019,75.8574194,103.65847361039249,55.959948497833985,1292.3548255895923,0,6,46,sparse,high
onion,Onion||Rajasthan||Pratapgarh||Pratapgarh APMC,Onion,Rajasthan,Pratapgarh,Pratapgarh APMC,24.0232221,74.6250275,33.777293112170995,22.828049186077767,1395.2196759051453,3,12,47,sparse,high
onion,Onion||Rajasthan||Rajsamand||Rajsamand APMC,Onion,Rajasthan,Rajsamand,Rajsamand APMC,25.2892459,73.8241077,3.0691614856347216,0.7473136527909435,1705.9352894091105,0,2,25,sparse,medium
onion,Onion||Rajasthan||Sikar||Sikar APMC,Onion,Rajasthan,Sikar,Sikar APMC,27.662415599999996,75.0279971,251.80425516437293,260.04563030468734,1322.9813579778252,3,9,100,sparse,high
onion,Onion||Rajasthan||Udaipur||Udaipur (F&V) APMC,Onion,Rajasthan,Udaipur,Udaipur (F&V) APMC,24.578721,73.6862571,33.393721369636225,20.28282644632886,1631.5230140916076,0,2,28,sparse,high
onion,Onion||Tamil Nadu||Ariyalur||Ariyalur(Uzhavar Sandhai) APMC,Onion,Tamil Nadu,Ariyalur,Ariyalur(Uzhavar Sandhai) APMC,11.1530559,79.2585797,0.32794896596822287,0.45103458759549375,3713.0203605111633,34,64,162,dense,low
onion,Onion||Tamil Nadu||Ariyalur||Jeyankondam (Uzhavar Sandhai ) APMC,Onion,Tamil Nadu,Ariyalur,Jeyankondam (Uzhavar Sandhai ) APMC,11.1530559,79.2585797,0.03565440268959791,0.025466953276791313,3643.9788928196845,34,64,162,dense,low
onion,Onion||Tamil Nadu||Chengalpattu||Chengalpet(Uzhavar Sandhai ) APMC,Onion,Tamil Nadu,Chengalpattu,Chengalpet(Uzhavar Sandhai ) APMC,12.6840886,79.9836371,0.4017457805624929,0.19155542117299265,3490.1088403479034,15,27,97,sparse,low
onion,Onion||Tamil Nadu||Chengalpattu||Guduvancheri(Uzhavar Sandhai ) APMC,Onion,Tamil Nadu,Chengalpattu,Guduvancheri(Uzhavar Sandhai ) APMC,12.6840886,79.9836371,0.5290564870516387,0.27940105121012915,3314.693655492806,15,27,97,sparse,low
onion,Onion||Tamil Nadu||Chengalpattu||Jameenrayapettai(Uzhavar Sandhai ) APMC,Onion,Tamil Nadu,Chengalpattu,Jameenrayapettai(Uzhavar Sandhai ) APMC,12.6840886,79.9836371,0.7506262185493668,0.06300612994734221,3624.4688550062265,15,27,97,sparse,low
onion,Onion||Tamil Nadu||Chengalpattu||Medavakkam(Uzhavar Sandhai ) APMC,Onion,Tamil Nadu,Chengalpattu,Medavakkam(Uzhavar Sandhai ) APMC,12.6840886,79.9836371,0.28865178180704704,0.06558317935231475,3272.666975860116,15,27,97,sparse,low
onion,Onion||Tamil Nadu||Chengalpattu||Nanganallur(Uzhavar Sandhai ) APMC,Onion,Tamil Nadu,Chengalpattu,Nanganallur(Uzhavar Sandhai ) APMC,12.6840886,79.9836371,0.32205576256171486,0.09348849982782881,3093.3113758241293,15,27,97,sparse,low
onion,Onion||Tamil Nadu||Chengalpattu||Pallavaram(Uzhavar Sandhai ) APMC,Onion,Tamil Nadu,Chengalpattu,Pallavaram(Uzhavar Sandhai ) APMC,12.6840886,79.9836371,1.1471334104290178,0.08207008250934474,3659.2233442521024,15,27,97,sparse,low
onion,Onion||Tamil Nadu||Chengalpattu||Thirukalukundram(Uzhavar Sandhai ) APMC,Onion,Tamil Nadu,Chengalpattu,Thirukalukundram(Uzhavar Sandhai ) APMC,12.6840886,79.9836371,0.20070657389735755,0.04491601053277953,3694.5718104320185,15,27,97,sparse,low
onion,Onion||Tamil Nadu||Coimbatore||Kurichi(Uzhavar Sandhai ) APMC,Onion,Tamil Nadu,Coimbatore,Kurichi(Uzhavar Sandhai ) APMC,11.001811499999999,76.9628425,0.048159941385780634,0.011184391036492386,3092.6300557097625,21,61,183,dense,low
onion,Onion||Tamil Nadu||Coimbatore||Mettupalayam(Uzhavar Sandhai ) APMC,Onion,Tamil Nadu,Coimbatore,Mettupalayam(Uzhavar Sandhai ) APMC,11.001811500000002,76.96284249999998,0.8416721109476397,0.03224608897200216,3303.739553218233,21,61,183,dense,low
onion,Onion||Tamil Nadu||Coimbatore||Pollachi(Uzhavar Sandhai ) APMC,Onion,Tamil Nadu,Coimbatore,Pollachi(Uzhavar Sandhai ) APMC,11.001811500000002,76.96284249999998,0.5469154514540305,0.06596016607460377,3509.51886710665,21,61,183,dense,low
onion,Onion||Tamil Nadu||Coimbatore||RSPuram(Uzhavar Sandhai ) APMC,Onion,Tamil Nadu,Coimbatore,RSPuram(Uzhavar Sandhai ) APMC,11.001811500000002,76.96284249999998,4.058082535135992,0.3192412302862949,2990.2231879280534,21,61,183,dense,medium
onion,Onion||Tamil Nadu||Coimbatore||Singanallur(Uzhavar Sandhai ) APMC,Onion,Tamil Nadu,Coimbatore,Singanallur(Uzhavar Sandhai ) APMC,11.001811500000002,76.96284249999998,1.4308190484012466,0.26011491088693184,3133.816938085999,21,61,183,dense,medium
onion,Onion||Tamil Nadu||Coimbatore||Sulur(Uzhavar Sandhai ) APMC,Onion,Tamil Nadu,Coimbatore,Sulur(Uzhavar Sandhai ) APMC,11.001811500000002,76.96284249999998,0.29323000841402214,0.09160185930518747,3132.7426885062564,21,61,183,dense,low
onion,Onion||Tamil Nadu||Coimbatore||Sundarapuram(Uzhavar Sandhai ) APMC,Onion,Tamil Nadu,Coimbatore,Sundarapuram(Uzhavar Sandhai ) APMC,11.001811500000002,76.96284249999998,0.7845495716676492,0.08303866968856646,3105.7416542723777,21,61,183,dense,low
onion,Onion||Tamil Nadu||Coimbatore||Udumalpet APMC,Onion,Tamil Nadu,Coimbatore,Udumalpet APMC,11.001811500000002,76.96284249999998,0.8268233994714304,0.12627278056674282,3653.165899434524,21,61,183,dense,low
onion,Onion||Tamil Nadu||Coimbatore||Vadavalli(Uzhavar Sandhai ) APMC,Onion,Tamil Nadu,Coimbatore,Vadavalli(Uzhavar Sandhai ) APMC,11.001811500000002,76.96284249999998,0.8803312576893131,0.20499477611848355,3024.7289529056034,21,61,183,dense,low
onion,Onion||Tamil Nadu||Cuddalore||Chidambaram(Uzhavar Sandhai ) APMC,Onion,Tamil Nadu,Cuddalore,Chidambaram(Uzhavar Sandhai ) APMC,11.5202071,79.3396356,0.021259363287039805,0.005576563957440499,3720.626907019238,11,71,152,dense,low
onion,Onion||Tamil Nadu||Cuddalore||Cuddalore(Uzhavar Sandhai ) APMC,Onion,Tamil Nadu,Cuddalore,Cuddalore(Uzhavar Sandhai ) APMC,11.5202071,79.3396356,0.25744928237044434,0.06462298980028144,3886.5851170638666,11,71,152,dense,low
onion,Onion||Tamil Nadu||Cuddalore||Panruti(Uzhavar Sandhai ) APMC,Onion,Tamil Nadu,Cuddalore,Panruti(Uzhavar Sandhai ) APMC,11.5202071,79.3396356,0.04052547847375228,0.006844729330921958,3622.380877414086,11,71,152,dense,low
onion,Onion||Tamil Nadu||Cuddalore||Viruthachalam(Uzhavar Sandhai ) APMC,Onion,Tamil Nadu,Cuddalore,Viruthachalam(Uzhavar Sandhai ) APMC,11.5202071,79.3396356,0.14856622047332516,0.013075026238542734,3185.457299226956,11,71,152,dense,low
onion,Onion||Tamil Nadu||Dharmapuri||AJattihalli(Uzhavar Sandhai ) APMC,Onion,Tamil Nadu,Dharmapuri,AJattihalli(Uzhavar Sandhai ) APMC,12.1456131,78.1132217,0.6997500165029081,0.14013177592579032,3509.6452707591625,20,56,184,dense,low
onion,Onion||Tamil Nadu||Dharmapuri||Dharmapuri(Uzhavar Sandhai ) APMC,Onion,Tamil Nadu,Dharmapuri,Dharmapuri(Uzhavar Sandhai ) APMC,12.1456131,78.1132217,1.4147203026095978,0.1095281573558506,3527.74944508809,20,56,184,dense,medium
onion,Onion||Tamil Nadu||Dharmapuri||Harur(Uzhavar Sandhai ) APMC,Onion,Tamil Nadu,Dharmapuri,Harur(Uzhavar Sandhai ) APMC,12.1456131,78.1132217,0.17842492088014375,0.03358871253755157,3558.828068878152,20,56,184,dense,low
onion,Onion||Tamil Nadu||Dharmapuri||Palacode(Uzhavar Sandhai ) APMC,Onion,Tamil Nadu,Dharmapuri,Palacode(Uzhavar Sandhai ) APMC,12.1456131,78.1132217,0.11211638226879328,0.014659432638868328,3640.802179889251,20,56,184,dense,low
onion,Onion||Tamil Nadu||Dharmapuri||Pennagaram(Uzhavar Sandhai ) APMC,Onion,Tamil Nadu,Dharmapuri,Pennagaram(Uzhavar Sandhai ) APMC,12.1456131,78.1132217,0.16831720656341667,0.039933319216460386,3831.7978751796586,20,56,184,dense,low
onion,Onion||Tamil Nadu||Dindigul||Chinnalapatti(Uzhavar Sandhai ) APMC,Onion,Tamil Nadu,Dindigul,Chinnalapatti(Uzhavar Sandhai ) APMC,10.425689699999998,77.815664,0.45751257764167236,0.08768033718393706,3787.3624568952855,9,110,179,dense,low
onion,Onion||Tamil Nadu||Dindigul||Dindigul(Uzhavar Sandhai ) APMC,Onion,Tamil Nadu,Dindigul,Dindigul(Uzhavar Sandhai ) APMC,10.425689699999998,77.815664,0.9418169645892354,0.09117698164417312,3809.0654701885433,9,110,179,dense,low
onion,Onion||Tamil Nadu||Dindigul||Palani(Uzhavar Sandhai ) APMC,Onion,Tamil Nadu,Dindigul,Palani(Uzhavar Sandhai ) APMC,10.425689699999998,77.815664,0.9182088703715214,0.09482065847262719,3565.5285946470644,9,110,179,dense,low
onion,Onion||Tamil Nadu||Dindigul||Vedasanthur(Uzhavar Sandhai ) APMC,Onion,Tamil Nadu,Dindigul,Vedasanthur(Uzhavar Sandhai ) APMC,10.425689699999998,77.815664,0.08201114398875013,0.0609301989275491,3627.1660861753085,9,110,179,dense,low
onion,Onion||Tamil Nadu||Erode||Gobichettipalayam(Uzhavar Sandhai ) APMC,Onion,Tamil Nadu,Erode,Gobichettipalayam(Uzhavar Sandhai ) APMC,11.4905282,77.3505274,0.6172370608779166,0.03959262793380037,3633.6894898297483,16,76,187,dense,low
onion,Onion||Tamil Nadu||Erode||Perundurai(Uzhavar Sandhai ) APMC,Onion,Tamil Nadu,Erode,Perundurai(Uzhavar Sandhai ) APMC,11.4905282,77.3505274,0.20310870463770436,0.0865184624225391,3528.930857729543,16,76,187,dense,low
onion,Onion||Tamil Nadu||Erode||Sampath Nagar(Uzhavar Sandhai ) APMC,Onion,Tamil Nadu,Erode,Sampath Nagar(Uzhavar Sandhai ) APMC,11.4905282,77.3505274,0.5937418492481983,0.058172451035575105,3570.373053784077,16,76,187,dense,low
onion,Onion||Tamil Nadu||Erode||Sathiyamagalam(Uzhavar Sandhai ) APMC,Onion,Tamil Nadu,Erode,Sathiyamagalam(Uzhavar Sandhai ) APMC,11.4905282,77.3505274,0.3145609113164388,0.016778782674037693,3461.5025940999426,16,76,187,dense,low
onion,Onion||Tamil Nadu||Erode||Thalavadi(Uzhavar Sandhai ) APMC,Onion,Tamil Nadu,Erode,Thalavadi(Uzhavar Sandhai ) APMC,11.4905282,77.3505274,0.2052086518822578,0.055651437044840914,3428.7587540232043,16,76,187,dense,low
onion,Onion||Tamil Nadu||Kallakuruchi||Kallakurichi(Uzhavar Sandhai ) APMC,Onion,Tamil Nadu,Kallakuruchi,Kallakurichi(Uzhavar Sandhai ) APMC,11.7406259,78.9637131,0.32094374410725784,0.044178846567349404,4046.0725210111336,26,74,157,dense,low
onion,Onion||Tamil Nadu||Kallakuruchi||Sankarapuram(Uzhavar Sandhai ) APMC,Onion,Tamil Nadu,Kallakuruchi,Sankarapuram(Uzhavar Sandhai ) APMC,11.7406259,78.9637131,0.23512541212563268,0.03027388913399138,3971.13515961627,26,74,157,dense,low
onion,Onion||Tamil Nadu||Kancheepuram||Kancheepuram(Uzhavar Sandhai ) APMC,Onion,Tamil Nadu,Kancheepuram,Kancheepuram(Uzhavar Sandhai ) APMC,12.879605199999999,79.7042762,0.8186853492526457,0.14734370647292275,3631.4955937680443,20,23,98,sparse,low
onion,Onion||Tamil Nadu||Kancheepuram||Kundrathur(Uzhavar Sandhai ) APMC,Onion,Tamil Nadu,Kancheepuram,Kundrathur(Uzhavar Sandhai ) APMC,12.879605199999999,79.7042762,0.4649795583156752,0.1446296677486915,3283.040701617812,20,23,98,sparse,low
onion,Onion||Tamil Nadu||Kancheepuram||Padappai(Uzhavar Sandhai ) APMC,Onion,Tamil Nadu,Kancheepuram,Padappai(Uzhavar Sandhai ) APMC,12.879605199999999,79.7042762,0.8129931822660365,0.11893414806800326,3364.169393898622,20,23,98,sparse,low
onion,Onion||Tamil Nadu||Karur||Karur(Uzhavar Sandhai ) APMC,Onion,Tamil Nadu,Karur,Karur(Uzhavar Sandhai ) APMC,10.8217671,78.3828654,0.5318091429621404,0.13615983030181178,3770.721845937362,23,87,193,dense,low
onion,Onion||Tamil Nadu||Karur||Kulithalai(Uzhavar Sandhai ) APMC,Onion,Tamil Nadu,Karur,Kulithalai(Uzhavar Sandhai ) APMC,10.8217671,78.3828654,0.6691517322375762,0.028971745561441584,3734.60540675195,23,87,193,dense,low
onion,Onion||Tamil Nadu||Karur||Velayuthampalayam(Uzhavar Sandhai ) APMC,Onion,Tamil Nadu,Karur,Velayuthampalayam(Uzhavar Sandhai ) APMC,10.8217671,78.3828654,0.15214751848324087,0.010013487201476393,3730.947914210865,23,87,193,dense,low
onion,Onion||Tamil Nadu||Krishnagiri||Avallapalli(Uzhavar Sandhai ) APMC,Onion,Tamil Nadu,Krishnagiri,Avallapalli(Uzhavar Sandhai ) APMC,12.5152075,78.0093769,0.28148082409049824,0.021675986096560473,3390.6852181413547,10,55,144,dense,low
onion,Onion||Tamil Nadu||Krishnagiri||Denkanikottai(Uzhavar Sandhai ) APMC,Onion,Tamil Nadu,Krishnagiri,Denkanikottai(Uzhavar Sandhai ) APMC,12.5152075,78.0093769,0.2670436589153204,0.0337050343730765,3388.2379974893042,10,55,144,dense,low
onion,Onion||Tamil Nadu||Krishnagiri||Hosur(Uzhavar Sandhai ) APMC,Onion,Tamil Nadu,Krishnagiri,Hosur(Uzhavar Sandhai ) APMC,12.5152075,78.0093769,2.262207529827734,0.508966000056684,3438.0855799701258,10,55,144,dense,medium
onion,Onion||Tamil Nadu||Krishnagiri||Kaveripattinam(Uzhavar Sandhai ) APMC,Onion,Tamil Nadu,Krishnagiri,Kaveripattinam(Uzhavar Sandhai ) APMC,12.5152075,78.0093769,0.28321555109440777,0.03847448255340044,3531.8737414278057,10,55,144,dense,low
onion,Onion||Tamil Nadu||Krishnagiri||Krishnagiri(Uzhavar Sandhai ) APMC,Onion,Tamil Nadu,Krishnagiri,Krishnagiri(Uzhavar Sandhai ) APMC,12.5152075,78.0093769,1.2783303752414241,0.25054909480422227,3257.293655496763,10,55,144,dense,low
onion,Onion||Tamil Nadu||Madurai||Anaiyur(Uzhavar Sandhai ) APMC,Onion,Tamil Nadu,Madurai,Anaiyur(Uzhavar Sandhai ) APMC,9.9261153,78.1140983,0.7550876990852311,0.04624841580288453,3715.288841898086,30,55,178,dense,low
onion,Onion||Tamil Nadu||Madurai||Anna nagar(Uzhavar Sandhai ) APMC,Onion,Tamil Nadu,Madurai,Anna nagar(Uzhavar Sandhai ) APMC,9.9261153,78.1140983,1.743733087600445,0.11443306903347171,4199.47813604956,30,55,178,dense,medium
onion,Onion||Tamil Nadu||Madurai||Chokkikulam(Uzhavar Sandhai ) APMC,Onion,Tamil Nadu,Madurai,Chokkikulam(Uzhavar Sandhai ) APMC,9.9261153,78.1140983,0.9401430024467542,0.11524315395271825,3706.507411058402,30,55,178,dense,low
onion,Onion||Tamil Nadu||Madurai||Melur(Uzhavar Sandhai ) APMC,Onion,Tamil Nadu,Madurai,Melur(Uzhavar Sandhai ) APMC,9.9261153,78.1140983,0.6406230172408822,0.09342445148549161,3715.490179759408,30,55,178,dense,low
onion,Onion||Tamil Nadu||Madurai||Palanganatham(Uzhavar Sandhai ) APMC,Onion,Tamil Nadu,Madurai,Palanganatham(Uzhavar Sandhai ) APMC,9.9261153,78.1140983,1.2741213073070181,0.04303841142864729,3704.1069231575666,30,55,178,dense,low
onion,Onion||Tamil Nadu||Madurai||Thirumangalam(Uzhavar Sandhai ) APMC,Onion,Tamil Nadu,Madurai,Thirumangalam(Uzhavar Sandhai ) APMC,9.9261153,78.1140983,0.8093448108294037,0.12545039700790875,3699.5417930459935,30,55,178,dense,low
onion,Onion||Tamil Nadu||Nagapattinam||Mayiladuthurai(Uzhavar Sandhai ) APMC,Onion,Tamil Nadu,Nagapattinam,Mayiladuthurai(Uzhavar Sandhai ) APMC,10.6026203,79.7619348,0.17916790373297056,0.035005961101466025,3279.365987041068,13,39,140,sparse,low
onion,Onion||Tamil Nadu||Nagapattinam||Nagapattinam(Uzhavar Sandhai ) APMC,Onion,Tamil Nadu,Nagapattinam,Nagapattinam(Uzhavar Sandhai ) APMC,10.6026203,79.7619348,0.26342987593749195,0.040051438412584,2953.0619106953386,13,39,140,sparse,low
onion,Onion||Tamil Nadu||Nagapattinam||Sirkali(Uzhavar Sandhai ) APMC,Onion,Tamil Nadu,Nagapattinam,Sirkali(Uzhavar Sandhai ) APMC,10.6026203,79.7619348,0.300569341655475,0.05421190272739566,3755.0979964003277,13,39,140,sparse,low
onion,Onion||Tamil Nadu||Nagercoil (Kannyiakumari)||Myladi(Uzhavar Sandhai ) APMC,Onion,Tamil Nadu,Nagercoil (Kannyiakumari),Myladi(Uzhavar Sandhai ) APMC,11.332372300000001,78.6098639,0.07369385386398411,0.03674913465772488,4204.636316194705,39,83,188,dense,low
onion,Onion||Tamil Nadu||Nagercoil (Kannyiakumari)||Vadaseri APMC,Onion,Tamil Nadu,Nagercoil (Kannyiakumari),Vadaseri APMC,11.332372300000001,78.6098639,0.5404762771272119,0.05918732702564826,4129.179140611486,39,83,188,dense,low
onion,Onion||Tamil Nadu||Namakkal||Kumarapalayam(Uzhavar Sandhai ) APMC,Onion,Tamil Nadu,Namakkal,Kumarapalayam(Uzhavar Sandhai ) APMC,11.303388899999998,78.118604,0.19224644117459588,0.037324339051185804,3778.9709934619586,34,79,194,dense,low
onion,Onion||Tamil Nadu||Namakkal||Mohanur(Uzhavar Sandhai ) APMC,Onion,Tamil Nadu,Namakkal,Mohanur(Uzhavar Sandhai ) APMC,11.303388899999998,78.118604,0.4098798478294056,0.02826491430531456,3960.31167613348,34,79,194,dense,low
onion,Onion||Tamil Nadu||Namakkal||Namakkal(Uzhavar Sandhai ) APMC,Onion,Tamil Nadu,Namakkal,Namakkal(Uzhavar Sandhai ) APMC,11.303388899999998,78.118604,1.2892219732699675,0.2968222007108032,3505.610289652408,34,79,194,dense,low
onion,Onion||Tamil Nadu||Namakkal||Paramathivelur(Uzhavar Sandhai ) APMC,Onion,Tamil Nadu,Namakkal,Paramathivelur(Uzhavar Sandhai ) APMC,11.303388899999998,78.118604,0.22388026622118032,0.08481797190820375,4238.318774112192,34,79,194,dense,low
onion,Onion||Tamil Nadu||Namakkal||Rasipuram(Uzhavar Sandhai ) APMC,Onion,Tamil Nadu,Namakkal,Rasipuram(Uzhavar Sandhai ) APMC,11.303388899999998,78.118604,0.7821173135995243,0.17651006451037982,3912.593800147834,34,79,194,dense,low
onion,Onion||Tamil Nadu||Namakkal||Tiruchengode APMC,Onion,Tamil Nadu,Namakkal,Tiruchengode APMC,11.303388899999998,78.118604,0.33802470149654223,0.06051963730924769,4039.4006660785353,34,79,194,dense,low
onion,Onion||Tamil Nadu||Perambalur||Perambalur(Uzhavar Sandhai ) APMC,Onion,Tamil Nadu,Perambalur,Perambalur(Uzhavar Sandhai ) APMC,11.2902641,78.9300404,0.759878613742607,0.11420590526792421,3931.7793450260183,23,69,176,dense,low
onion,Onion||Tamil Nadu||Pudukkottai||Aranthangi(Uzhavar Sandhai ) APMC,Onion,Tamil Nadu,Pudukkottai,Aranthangi(Uzhavar Sandhai ) APMC,10.2903072,78.8173617,0.07349902768437229,0.019094393674662414,3650.228419376489,12,73,184,dense,low
onion,Onion||Tamil Nadu||Pudukkottai||Gandarvakottai(Uzhavar Sandhai ) APMC,Onion,Tamil Nadu,Pudukkottai,Gandarvakottai(Uzhavar Sandhai ) APMC,10.2903072,78.8173617,0.35670229946696086,0.056168043900938006,3603.410988707739,12,73,184,dense,low
onion,Onion||Tamil Nadu||Pudukkottai||Pudukottai(Uzhavar Sandhai ) APMC,Onion,Tamil Nadu,Pudukkottai,Pudukottai(Uzhavar Sandhai ) APMC,10.2903072,78.8173617,0.750853400930234,0.08636531682292366,4118.734127174549,12,73,184,dense,low
onion,Onion||Tamil Nadu||Pudukkottai||Viralimalai(Uzhavar Sandhai ) APMC,Onion,Tamil Nadu,Pudukkottai,Viralimalai(Uzhavar Sandhai ) APMC,10.2903072,78.8173617,0.16154425585587368,0.02903402970066139,4027.0879657866485,12,73,184,dense,low
onion,Onion||Tamil Nadu||Ramanathapuram||Paramakudi(Uzhavar Sandhai ) APMC,Onion,Tamil Nadu,Ramanathapuram,Paramakudi(Uzhavar Sandhai ) APMC,9.5205576,78.5184635,0.26455832688529324,0.05906495852340434,3872.953203233231,20,52,165,dense,low
onion,Onion||Tamil Nadu||Ramanathapuram||Ramanathapuram(Uzhavar Sandhai ) APMC,Onion,Tamil Nadu,Ramanathapuram,Ramanathapuram(Uzhavar Sandhai ) APMC,9.5205576,78.5184635,0.1454970646899688,0.01827892779449708,3870.94982979768,20,52,165,dense,low
onion,Onion||Tamil Nadu||Ranipet||Arcot(Uzhavar Sandhai ) APMC,Onion,Tamil Nadu,Ranipet,Arcot(Uzhavar Sandhai ) APMC,12.918624300000001,79.4081921,0.8299632639553681,0.07540774230236727,3374.2694094098533,16,26,102,sparse,low
onion,Onion||Tamil Nadu||Ranipet||Ranipettai(Uzhavar Sandhai ) APMC,Onion,Tamil Nadu,Ranipet,Ranipettai(Uzhavar Sandhai ) APMC,12.918624300000001,79.4081921,0.41128747823981876,0.1492618749460787,3379.525308782632,16,26,102,sparse,low
onion,Onion||Tamil Nadu||Salem||Ammapet(Uzhavar Sandhai ) APMC,Onion,Tamil Nadu,Salem,Ammapet(Uzhavar Sandhai ) APMC,11.6469616,78.2106958,0.2793730556978179,0.10935677295079636,3921.1905565702523,36,65,188,dense,low
onion,Onion||Tamil Nadu||Salem||Athur(Uzhavar Sandhai ) APMC,Onion,Tamil Nadu,Salem,Athur(Uzhavar Sandhai ) APMC,11.6469616,78.2106958,0.9220455863740854,0.1882796599709157,4037.7742683946813,36,65,188,dense,low
onion,Onion||Tamil Nadu||Salem||Attayampatti(Uzhavar Sandhai ) APMC,Onion,Tamil Nadu,Salem,Attayampatti(Uzhavar Sandhai ) APMC,11.6469616,78.2106958,0.10025889810443685,0.02591851721749175,4125.659915672842,36,65,188,dense,low
onion,Onion||Tamil Nadu||Salem||Edapadi (Uzhavar Sandhai ) APMC,Onion,Tamil Nadu,Salem,Edapadi (Uzhavar Sandhai ) APMC,11.6469616,78.2106958,0.5151533368365209,0.12579555039939322,4089.3142819702,36,65,188,dense,low
onion,Onion||Tamil Nadu||Salem||Elampillai(Uzhavar Sandhai ) APMC,Onion,Tamil Nadu,Salem,Elampillai(Uzhavar Sandhai ) APMC,11.6469616,78.2106958,0.5216204701820918,0.12094145337700572,4108.875465319464,36,65,188,dense,low
onion,Onion||Tamil Nadu||Salem||Hasthampatti(Uzhavar Sandhai ) APMC,Onion,Tamil Nadu,Salem,Hasthampatti(Uzhavar Sandhai ) APMC,11.6469616,78.2106958,0.5761940299279001,0.10979819429506167,4106.260634888311,36,65,188,dense,low
onion,Onion||Tamil Nadu||Salem||Jalagandapuram(Uzhavar Sandhai ) APMC,Onion,Tamil Nadu,Salem,Jalagandapuram(Uzhavar Sandhai ) APMC,11.6469616,78.2106958,0.18835402169507443,0.070580753083781,4066.0023031561614,36,65,188,dense,low
onion,Onion||Tamil Nadu||Salem||Mettur(Uzhavar Sandhai ) APMC,Onion,Tamil Nadu,Salem,Mettur(Uzhavar Sandhai ) APMC,11.6469616,78.2106958,0.6608084530374384,0.1401609288638184,4110.80223140719,36,65,188,dense,low
onion,Onion||Tamil Nadu||Salem||Sooramangalam(Uzhavar Sandhai ) APMC,Onion,Tamil Nadu,Salem,Sooramangalam(Uzhavar Sandhai ) APMC,11.6469616,78.2106958,0.7950091683315174,0.14408832916264214,4136.736035269524,36,65,188,dense,low
onion,Onion||Tamil Nadu||Salem||Thammampatti (Uzhavar Sandhai ) APMC,Onion,Tamil Nadu,Salem,Thammampatti (Uzhavar Sandhai ) APMC,11.6469616,78.2106958,0.38068020582619544,0.05490223607170273,4065.8861492801025,36,65,188,dense,low
onion,Onion||Tamil Nadu||Salem||Thathakapatti(Uzhavar Sandhai ) APMC,Onion,Tamil Nadu,Salem,Thathakapatti(Uzhavar Sandhai ) APMC,11.6469616,78.2106958,0.4898749880981591,0.10094292288699071,4109.00108922174,36,65,188,dense,low
onion,Onion||Tamil Nadu||Sivaganga||Devakottai (Uzhavar Sandhai ) APMC,Onion,Tamil Nadu,Sivaganga,Devakottai (Uzhavar Sandhai ) APMC,9.848688099999999,78.4870461,0.21268595810518004,0.03669098769098654,4061.1549074637674,16,59,171,dense,low
onion,Onion||Tamil Nadu||Sivaganga||Karaikudi(Uzhavar Sandhai ) APMC,Onion,Tamil Nadu,Sivaganga,Karaikudi(Uzhavar Sandhai ) APMC,9.848688099999999,78.4870461,0.340458957742203,0.014065412478386882,4137.811188253182,16,59,171,dense,low
onion,Onion||Tamil Nadu||Sivaganga||Singampunari(Uzhavar Sandhai ) APMC,Onion,Tamil Nadu,Sivaganga,Singampunari(Uzhavar Sandhai ) APMC,9.848688099999999,78.4870461,0.44558952382078815,0.05669338580772989,4016.668394536786,16,59,171,dense,low
onion,Onion||Tamil Nadu||Sivaganga||Sivagangai (Uzhavar Sandhai ) APMC,Onion,Tamil Nadu,Sivaganga,Sivagangai (Uzhavar Sandhai ) APMC,9.848688099999999,78.4870461,0.40922900296106085,0.06327415762454552,3910.8475269548394,16,59,171,dense,low
onion,Onion||Tamil Nadu||Sivaganga||Tirupatthur(Uzhavar Sandhai ) APMC,Onion,Tamil Nadu,Sivaganga,Tirupatthur(Uzhavar Sandhai ) APMC,9.848688099999999,78.4870461,0.23490984100611287,0.0066287144653992,4118.618237539657,16,59,171,dense,low
onion,Onion||Tamil Nadu||Tenkasi||Sankarankoil(Uzhavar Sandhai ) APMC,Onion,Tamil Nadu,Tenkasi,Sankarankoil(Uzhavar Sandhai ) APMC,9.0933908,77.4758373,0.4804134599710071,0.08867014375625595,3946.062266778333,15,66,152,dense,low
onion,Onion||Tamil Nadu||Tenkasi||Tenkasi(Uzhavar Sandhai ) APMC,Onion,Tamil Nadu,Tenkasi,Tenkasi(Uzhavar Sandhai ) APMC,9.0933908,77.4758373,0.49124478077331707,0.05600201793745342,3224.424998019181,15,66,152,dense,low
onion,Onion||Tamil Nadu||Thanjavur||Kumbakonam (Uzhavar Sandhai ) APMC,Onion,Tamil Nadu,Thanjavur,Kumbakonam (Uzhavar Sandhai ) APMC,10.659037,79.2014278,1.1884851092283324,0.08932466495831429,3910.948362473529,19,66,166,dense,low
onion,Onion||Tamil Nadu||Thanjavur||Papanasam(Uzhavar Sandhai ) APMC,Onion,Tamil Nadu,Thanjavur,Papanasam(Uzhavar Sandhai ) APMC,10.659037,79.2014278,0.14998753858116715,0.08267772076530075,3927.075365613371,19,66,166,dense,low
onion,Onion||Tamil Nadu||Thanjavur||Pattukottai(Uzhavar Sandhai ) APMC,Onion,Tamil Nadu,Thanjavur,Pattukottai(Uzhavar Sandhai ) APMC,10.659037,79.2014278,0.6975538242849476,0.051696650041731865,4154.214365896266,19,66,166,dense,low
onion,Onion||Tamil Nadu||Thanjavur||Thanjavur(Uzhavar Sandhai ) APMC,Onion,Tamil Nadu,Thanjavur,Thanjavur(Uzhavar Sandhai ) APMC,10.659037,79.2014278,1.3874898367586588,0.11125941367796446,3628.1754010157447,19,66,166,dense,medium
onion,Onion||Tamil Nadu||The Nilgiris||Coonoor(Uzhavar Sandhai ) APMC,Onion,Tamil Nadu,The Nilgiris,Coonoor(Uzhavar Sandhai ) APMC,11.4,76.7,1.656906617281338,0.07659469148809092,3946.1506913604085,27,32,167,sparse,medium
onion,Onion||Tamil Nadu||The Nilgiris||Gudalur(Uzhavar Sandhai ) APMC,Onion,Tamil Nadu,The Nilgiris,Gudalur(Uzhavar Sandhai ) APMC,11.4,76.7,0.12695603189508825,0.08571936634795196,3661.179885031623,27,32,167,sparse,low
onion,Onion||Tamil Nadu||The Nilgiris||Udhagamandalam(Uzhavar Sandhai ) APMC,Onion,Tamil Nadu,The Nilgiris,Udhagamandalam(Uzhavar Sandhai ) APMC,11.4,76.7,2.499735690994668,0.29510750317964374,3680.2929279459754,27,32,167,sparse,medium
onion,Onion||Tamil Nadu||Theni||Andipatti(Uzhavar Sandhai ) APMC,Onion,Tamil Nadu,Theni,Andipatti(Uzhavar Sandhai ) APMC,9.8692558,77.4222974,0.6876172251809618,0.14762170562265375,3423.2329503758383,23,86,170,dense,low
onion,Onion||Tamil Nadu||Theni||Bodinayakanur(Uzhavar Sandhai ) APMC,Onion,Tamil Nadu,Theni,Bodinayakanur(Uzhavar Sandhai ) APMC,9.8692558,77.4222974,0.3179894309414019,0.05266841690932801,3540.5324225531544,23,86,170,dense,low
onion,Onion||Tamil Nadu||Theni||Chinnamanur(Uzhavar Sandhai ) APMC,Onion,Tamil Nadu,Theni,Chinnamanur(Uzhavar Sandhai ) APMC,9.8692558,77.4222974,1.2283722467960079,0.15286416852873597,3426.7129636979585,23,86,170,dense,low
onion,Onion||Tamil Nadu||Theni||Devaram(Uzhavar Sandhai ) APMC,Onion,Tamil Nadu,Theni,Devaram(Uzhavar Sandhai ) APMC,9.8692558,77.4222974,0.2636382565789489,0.06534658658626424,3338.9777748732417,23,86,170,dense,low
onion,Onion||Tamil Nadu||Theni||Kambam(Uzhavar Sandhai ) APMC,Onion,Tamil Nadu,Theni,Kambam(Uzhavar Sandhai ) APMC,9.8692558,77.4222974,1.2123154505823275,0.1654863147471328,3275.4916804188856,23,86,170,dense,low
onion,Onion||Tamil Nadu||Theni||Periyakulam(Uzhavar Sandhai ) APMC,Onion,Tamil Nadu,Theni,Periyakulam(Uzhavar Sandhai ) APMC,9.8692558,77.4222974,0.4299052490003236,0.09411052903262787,3360.832923230335,23,86,170,dense,low
onion,Onion||Tamil Nadu||Theni||Theni(Uzhavar Sandhai ) APMC,Onion,Tamil Nadu,Theni,Theni(Uzhavar Sandhai ) APMC,9.8692558,77.4222974,1.615923001954154,0.19941394231772636,3339.8956716952976,23,86,170,dense,medium
onion,Onion||Tamil Nadu||Thiruchirappalli||Lalgudi(Uzhavar Sandhai ) APMC,Onion,Tamil Nadu,Thiruchirappalli,Lalgudi(Uzhavar Sandhai ) APMC,11.332372300000001,78.6098639,0.2970417523772291,0.03547333637499726,4149.805205713706,39,83,188,dense,low
onion,Onion||Tamil Nadu||Thiruchirappalli||Manachanallur(Uzhavar Sandhai ) APMC,Onion,Tamil Nadu,Thiruchirappalli,Manachanallur(Uzhavar Sandhai ) APMC,11.332372300000001,78.6098639,0.14793844579048207,0.023358932791661055,4010.061636939691,39,83,188,dense,low
onion,Onion||Tamil Nadu||Thiruchirappalli||Manapparai(Uzhavar Sandhai ) APMC,Onion,Tamil Nadu,Thiruchirappalli,Manapparai(Uzhavar Sandhai ) APMC,11.332372300000001,78.6098639,0.22122892388037146,0.009305722617093646,4138.858108053105,39,83,188,dense,low
onion,Onion||Tamil Nadu||Thiruchirappalli||Musiri(Uzhavar Sandhai ) APMC,Onion,Tamil Nadu,Thiruchirappalli,Musiri(Uzhavar Sandhai ) APMC,11.332372300000001,78.6098639,0.7344442318049171,0.04968719432952522,4076.9744061086535,39,83,188,dense,low
onion,Onion||Tamil Nadu||Thiruchirappalli||Thuraiyur APMC,Onion,Tamil Nadu,Thiruchirappalli,Thuraiyur APMC,11.332372300000001,78.6098639,0.24057386238977072,0.018783012645155785,3940.445849146885,39,83,188,dense,low
onion,Onion||Tamil Nadu||Thirunelveli||Melapalayam(Uzhavar Sandhai ) APMC,Onion,Tamil Nadu,Thirunelveli,Melapalayam(Uzhavar Sandhai ) APMC,11.332372300000001,78.6098639,0.9450621964030418,0.2505479666679662,3247.3429438391236,39,83,188,dense,low
onion,Onion||Tamil Nadu||Thirunelveli||NGO Colony(Uzhavar Sandhai ) APMC,Onion,Tamil Nadu,Thirunelveli,NGO Colony(Uzhavar Sandhai ) APMC,11.332372300000001,78.6098639,0.5872602318618484,0.11255817751285131,3269.8123354025684,39,83,188,dense,low
onion,Onion||Tamil Nadu||Thirunelveli||Palayamkottai(Uzhavar Sandhai ) APMC,Onion,Tamil Nadu,Thirunelveli,Palayamkottai(Uzhavar Sandhai ) APMC,11.332372300000001,78.6098639,2.8043372166767617,0.2375336949535539,3259.0392978339905,39,83,188,dense,medium
onion,Onion||Tamil Nadu||Thirupathur||Natrampalli(Uzhavar Sandhai ) APMC,Onion,Tamil Nadu,Thirupathur,Natrampalli(Uzhavar Sandhai ) APMC,10.596350000000001,79.56857,0.527041780631884,0.0363572794626639,3702.6719795209315,15,52,154,dense,low
onion,Onion||Tamil Nadu||Thirupathur||Vaniyampadi(Uzhavar Sandhai ) APMC,Onion,Tamil Nadu,Thirupathur,Vaniyampadi(Uzhavar Sandhai ) APMC,10.596350000000001,79.56857,0.6256612051240729,0.07744050063625195,3281.1781128644147,15,52,154,dense,low
onion,Onion||Tamil Nadu||Thirupur||Dharapuram(Uzhavar Sandhai ) APMC,Onion,Tamil Nadu,Thirupur,Dharapuram(Uzhavar Sandhai ) APMC,12.921745,80.13759259999999,0.6251774529548105,0.08639488294340317,3365.816481137441,13,23,90,sparse,low
onion,Onion||Tamil Nadu||Thirupur||Kangayam(Uzhavar Sandhai ) APMC,Onion,Tamil Nadu,Thirupur,Kangayam(Uzhavar Sandhai ) APMC,12.921745,80.13759259999999,0.5296068265781776,0.08765434526964572,3459.7978504288376,13,23,90,sparse,low
onion,Onion||Tamil Nadu||Thirupur||Tiruppur (North) (Uzhavar Sandhai ) APMC,Onion,Tamil Nadu,Thirupur,Tiruppur (North) (Uzhavar Sandhai ) APMC,12.921745,80.13759259999999,0.6321200222235155,0.13323478052180843,3099.204390670657,13,23,90,sparse,low
onion,Onion||Tamil Nadu||Thirupur||Tiruppur (South) (Uzhavar Sandhai ) APMC,Onion,Tamil Nadu,Thirupur,Tiruppur (South) (Uzhavar Sandhai ) APMC,12.921745,80.13759259999999,0.49005723692194125,0.1000516349195275,2868.6392374753664,13,23,90,sparse,low
onion,Onion||Tamil Nadu||Thiruvannamalai||Arani(Uzhavar Sandhai ) APMC,Onion,Tamil Nadu,Thiruvannamalai,Arani(Uzhavar Sandhai ) APMC,9.539867,77.61979039999999,1.3310379081188894,0.09937737538718341,3316.034582601456,31,70,170,dense,medium
onion,Onion||Tamil Nadu||Thiruvannamalai||Chengam(Uzhavar Sandhai ) APMC,Onion,Tamil Nadu,Thiruvannamalai,Chengam(Uzhavar Sandhai ) APMC,9.539867,77.61979039999999,0.18217198008829308,0.04986747922079008,3422.4907237770794,31,70,170,dense,low
onion,Onion||Tamil Nadu||Thiruvannamalai||Cheyyar(Uzhavar Sandhai ) APMC,Onion,Tamil Nadu,Thiruvannamalai,Cheyyar(Uzhavar Sandhai ) APMC,9.539867,77.61979039999999,0.11724702398651705,0.029188969545760647,3331.97376140622,31,70,170,dense,low
onion,Onion||Tamil Nadu||Thiruvannamalai||Keelpennathur(Uzhavar Sandhai ) APMC,Onion,Tamil Nadu,Thiruvannamalai,Keelpennathur(Uzhavar Sandhai ) APMC,9.539867,77.61979039999999,0.26954506131110184,0.06637055366266179,3066.7497591828824,31,70,170,dense,low
onion,Onion||Tamil Nadu||Thiruvannamalai||Polur(Uzhavar Sandhai ) APMC,Onion,Tamil Nadu,Thiruvannamalai,Polur(Uzhavar Sandhai ) APMC,9.539867,77.6197904,0.22603243407018225,0.028627882188360248,3339.043461761806,31,70,170,dense,low
onion,Onion||Tamil Nadu||Thiruvannamalai||Tiruvannamalai(Uzhavar Sandhai ) APMC,Onion,Tamil Nadu,Thiruvannamalai,Tiruvannamalai(Uzhavar Sandhai ) APMC,9.539867,77.61979039999999,0.88017208555861,0.11704592181116451,3735.7547210972475,31,70,170,dense,low
onion,Onion||Tamil Nadu||Thiruvarur||Mannargudi I(Uzhavar Sandhai ) APMC,Onion,Tamil Nadu,Thiruvarur,Mannargudi I(Uzhavar Sandhai ) APMC,10.6878621,79.4979437,0.929079073771522,0.14707824095685224,4284.4914993981465,15,52,154,dense,low
onion,Onion||Tamil Nadu||Thiruvarur||Mannargudi II(Uzhavar Sandhai ) APMC,Onion,Tamil Nadu,Thiruvarur,Mannargudi II(Uzhavar Sandhai ) APMC,10.6878621,79.4979437,0.31208433372382843,0.031321392390662284,4293.808838776815,15,52,154,dense,low
onion,Onion||Tamil Nadu||Thiruvarur||Muthupettai(Uzhavar Sandhai ) APMC,Onion,Tamil Nadu,Thiruvarur,Muthupettai(Uzhavar Sandhai ) APMC,10.6878621,79.4979437,0.08857306276905474,0.003977386171199849,4157.609791008712,15,52,154,dense,low
onion,Onion||Tamil Nadu||Thiruvarur||Needamangalam(Uzhavar Sandhai ) APMC,Onion,Tamil Nadu,Thiruvarur,Needamangalam(Uzhavar Sandhai ) APMC,10.6878621,79.4979437,0.04534596504108201,0.010304717647948505,3529.723800772348,15,52,154,dense,low
onion,Onion||Tamil Nadu||Thiruvarur||Tiruvarur(Uzhavar Sandhai ) APMC,Onion,Tamil Nadu,Thiruvarur,Tiruvarur(Uzhavar Sandhai ) APMC,10.6878621,79.4979437,0.06452536053389811,0.03133130088710236,4282.612784265156,15,52,154,dense,low
onion,Onion||Tamil Nadu||Thiruvellore||Ambattur(Uzhavar Sandhai ) APMC,Onion,Tamil Nadu,Thiruvellore,Ambattur(Uzhavar Sandhai ) APMC,11.332372300000001,78.6098639,0.06305970700114172,0.052662254332551846,3582.158405246702,39,83,188,dense,low
onion,Onion||Tamil Nadu||Thiruvellore||Naravarikuppam(Uzhavar Sandhai ) APMC,Onion,Tamil Nadu,Thiruvellore,Naravarikuppam(Uzhavar Sandhai ) APMC,11.332372300000001,78.6098639,0.4261926326377779,0.03686778102905643,3495.0357152938714,39,83,188,dense,low
onion,Onion||Tamil Nadu||Thiruvellore||Paruthipattu(Uzhavar Sandhai ) APMC,Onion,Tamil Nadu,Thiruvellore,Paruthipattu(Uzhavar Sandhai ) APMC,11.332372300000001,78.6098639,0.4169174855784201,0.0763096286040083,3528.7686332288613,39,83,188,dense,low
onion,Onion||Tamil Nadu||Thiruvellore||Perambakkam(Uzhavar Sandhai ) APMC,Onion,Tamil Nadu,Thiruvellore,Perambakkam(Uzhavar Sandhai ) APMC,11.332372300000001,78.6098639,0.09672216982792806,0.01428682994257691,3465.455784990954,39,83,188,dense,low
onion,Onion||Tamil Nadu||Thiruvellore||Tiruvallur(Uzhavar Sandhai ) APMC,Onion,Tamil Nadu,Thiruvellore,Tiruvallur(Uzhavar Sandhai ) APMC,11.332372300000001,78.6098639,0.19342971379137514,0.03986195036501991,3528.8931696768677,39,83,188,dense,low
onion,Onion||Tamil Nadu||Tuticorin||Kovilpatti(Uzhavar Sandhai ) APMC,Onion,Tamil Nadu,Tuticorin,Kovilpatti(Uzhavar Sandhai ) APMC,8.8052602,78.1452745,0.3298011692835953,0.01918332807847279,3703.6783515905113,1,41,132,sparse,low
onion,Onion||Tamil Nadu||Tuticorin||Tuticorin(Uzhavar Sandhai ) APMC,Onion,Tamil Nadu,Tuticorin,Tuticorin(Uzhavar Sandhai ) APMC,8.8052602,78.1452745,1.230589727736598,0.11227625087507075,3825.751520448037,1,41,132,sparse,low
onion,Onion||Tamil Nadu||Vellore||Gudiyatham(Uzhavar Sandhai ) APMC,Onion,Tamil Nadu,Vellore,Gudiyatham(Uzhavar Sandhai ) APMC,12.902184899999998,79.061104,0.16959034948557275,0.021690585473827885,3402.90966686043,9,36,102,sparse,low
onion,Onion||Tamil Nadu||Vellore||Kahithapattarai(Uzhavar Sandhai ) APMC,Onion,Tamil Nadu,Vellore,Kahithapattarai(Uzhavar Sandhai ) APMC,12.902184899999998,79.061104,1.1614886734667984,0.09685892686000253,3186.574826443369,9,36,102,sparse,low
onion,Onion||Tamil Nadu||Vellore||Katpadi (Uzhavar Sandhai ) APMC,Onion,Tamil Nadu,Vellore,Katpadi (Uzhavar Sandhai ) APMC,12.902184899999998,79.061104,1.6013919724423564,0.18555532335185493,3360.212474635886,9,36,102,sparse,medium
onion,Onion||Tamil Nadu||Vellore||Thirupathur APMC,Onion,Tamil Nadu,Vellore,Thirupathur APMC,12.902184899999998,79.061104,0.7191071841018811,0.1113582040631921,3552.3593456877934,9,36,102,sparse,low
onion,Onion||Tamil Nadu||Vellore||Vellore APMC,Onion,Tamil Nadu,Vellore,Vellore APMC,12.902184899999998,79.061104,1.2554192850843275,0.07137125868187616,3147.750888949764,9,36,102,sparse,low
onion,Onion||Tamil Nadu||Villupuram||Gingee(Uzhavar Sandhai ) APMC,Onion,Tamil Nadu,Villupuram,Gingee(Uzhavar Sandhai ) APMC,11.9398285,79.4945645,0.29229861757744224,0.049772637902471974,3290.972403626595,8,69,128,dense,low
onion,Onion||Tamil Nadu||Villupuram||Tindivanam APMC,Onion,Tamil Nadu,Villupuram,Tindivanam APMC,11.9398285,79.4945645,0.8124326813789469,0.1422067656771614,3526.0300099714423,8,69,128,dense,low
onion,Onion||Tamil Nadu||Villupuram||Ulundurpettai APMC,Onion,Tamil Nadu,Villupuram,Ulundurpettai APMC,11.9398285,79.4945645,0.5397587857585934,0.17015359990728166,3935.533044583334,8,69,128,dense,low
onion,Onion||Tamil Nadu||Virudhunagar||Aruppukottai(Uzhavar Sandhai ) APMC,Onion,Tamil Nadu,Virudhunagar,Aruppukottai(Uzhavar Sandhai ) APMC,9.4926289,77.86318310000001,0.5636223320972908,0.056013141642776106,3460.0262814482626,30,54,168,dense,low
onion,Onion||Tamil Nadu||Virudhunagar||Kariyapatti(Uzhavar Sandhai ) APMC,Onion,Tamil Nadu,Virudhunagar,Kariyapatti(Uzhavar Sandhai ) APMC,9.4926289,77.86318310000001,0.17713551565684363,0.12633040692326755,3464.1740232390343,30,54,168,dense,low
onion,Onion||Tamil Nadu||Virudhunagar||Rajapalayam(Uzhavar Sandhai ) APMC,Onion,Tamil Nadu,Virudhunagar,Rajapalayam(Uzhavar Sandhai ) APMC,9.4926289,77.86318310000001,0.25162569591127887,0.02046911810518136,3911.331187896653,30,54,168,dense,low
onion,Onion||Tamil Nadu||Virudhunagar||Sathur(Uzhavar Sandhai ) APMC,Onion,Tamil Nadu,Virudhunagar,Sathur(Uzhavar Sandhai ) APMC,9.4926289,77.86318310000001,0.07724025707050869,0.04849143976185604,3643.8946262083123,30,54,168,dense,low
onion,Onion||Tamil Nadu||Virudhunagar||Sivakasi(Uzhavar Sandhai ) APMC,Onion,Tamil Nadu,Virudhunagar,Sivakasi(Uzhavar Sandhai ) APMC,9.4926289,77.86318310000001,0.05862382101745419,0.022554425692790543,3433.0326571927467,30,54,168,dense,low
onion,Onion||Tamil Nadu||Virudhunagar||Srivilliputhur(Uzhavar Sandhai ) APMC,Onion,Tamil Nadu,Virudhunagar,Srivilliputhur(Uzhavar Sandhai ) APMC,9.4926289,77.86318310000001,0.1646551166567084,0.05017202404384383,3835.892806922685,30,54,168,dense,low
onion,Onion||Tamil Nadu||Virudhunagar||Thalavaipuram(Uzhavar Sandhai ) APMC,Onion,Tamil Nadu,Virudhunagar,Thalavaipuram(Uzhavar Sandhai ) APMC,9.4926289,77.86318310000001,0.07282901740439537,0.04055911425715688,3918.521426035853,30,54,168,dense,low
onion,Onion||Tamil Nadu||Virudhunagar||Virudhunagar(Uzhavar Sandhai ) APMC,Onion,Tamil Nadu,Virudhunagar,Virudhunagar(Uzhavar Sandhai ) APMC,9.4926289,77.86318310000001,0.10719935618270124,0.03178237026363448,3737.6460145413125,30,54,168,dense,low
onion,Onion||Telangana||Hyderabad||Bowenpally APMC,Onion,Telangana,Hyderabad,Bowenpally APMC,17.360589,78.4740613,70.56182202035457,55.39283564942124,1851.270259227771,6,7,10,sparse,high
onion,Onion||Telangana||Hyderabad||Gudimalkapur APMC,Onion,Telangana,Hyderabad,Gudimalkapur APMC,17.360589,78.47406129999999,149.22166669642462,64.66614429395236,1550.320501785074,6,7,10,sparse,high
onion,Onion||Telangana||Hyderabad||Mahboob Manison APMC,Onion,Telangana,Hyderabad,Mahboob Manison APMC,17.360589,78.4740613,2449.0723462624887,2607.6625836401604,1892.9040444721122,6,7,10,sparse,high
onion,Onion||Telangana||Medak||Sadasivpet APMC,Onion,Telangana,Medak,Sadasivpet APMC,17.9375095,78.211745,38.72788935476916,45.586647302916106,2014.1473593004803,3,7,14,sparse,high
onion,Onion||Telangana||Nalgonda||Miryalguda(Rythu Bazar) APMC,Onion,Telangana,Nalgonda,Miryalguda(Rythu Bazar) APMC,17.0504406,79.2669235,19.921384582312502,4.719001737028019,2639.0352493954297,0,7,8,sparse,high
onion,Onion||Telangana||Ranga Reddy||Kukatpally(Rythu Bazar) APMC,Onion,Telangana,Ranga Reddy,Kukatpally(Rythu Bazar) APMC,17.1333954,78.3970979,9.026741379660713,3.359509287241287,2240.032564910492,5,8,10,sparse,medium
onion,Onion||Telangana||Ranga Reddy||Mehndipatnam(Rythu Bazar) APMC,Onion,Telangana,Ranga Reddy,Mehndipatnam(Rythu Bazar) APMC,17.1333954,78.3970979,6.682029231635115,4.24032850304945,2606.8115964842937,5,8,10,sparse,medium
onion,"Onion||Telangana||Ranga Reddy||Ramakrisnapuram,RBZ APMC",Onion,Telangana,Ranga Reddy,"Ramakrisnapuram,RBZ APMC",17.1333954,78.3970979,1.746017159409141,0.6362395734660617,2281.708425786993,5,8,10,sparse,medium
onion,Onion||Tripura||North Tripura||Dasda APMC,Onion,Tripura,North Tripura,Dasda APMC,24.0921476,92.2451214,10.55290410473263,185.19435971433785,4019.5560560406534,3,8,8,sparse,medium
onion,Onion||Tripura||North Tripura||Kadamtala,Onion,Tripura,North Tripura,Kadamtala,24.443968,92.2072581,0.4385571882468218,0.32736968038570713,3173.029177297697,2,7,8,sparse,low
onion,Onion||Tripura||North Tripura||Panisagar APMC,Onion,Tripura,North Tripura,Panisagar APMC,24.0921476,92.2451214,0.7109877088424451,0.7572097155459049,3171.0858312162236,3,8,8,sparse,low
onion,Onion||Tripura||Sepahijala||Bishalgarh APMC,Onion,Tripura,Sepahijala,Bishalgarh APMC,23.6658005,91.3200275,0.792687293991929,0.16752650741852634,3823.0264212618627,5,8,16,sparse,low
onion,Onion||Tripura||Sepahijala||Bishramganj,Onion,Tripura,Sepahijala,Bishramganj,23.608801,91.350772,0.5909976607252102,0.15365209837122104,4162.098700035118,5,8,16,sparse,low
onion,Onion||Tripura||Sepahijala||Jampuijala APMC,Onion,Tripura,Sepahijala,Jampuijala APMC,23.665800499999996,91.3200275,0.15057963403287813,0.04847824065745733,3553.576368790795,5,8,16,sparse,low
onion,Onion||Tripura||Sepahijala||Melaghar APMC,Onion,Tripura,Sepahijala,Melaghar APMC,23.6658005,91.3200275,0.7166779297122041,0.47311923328894273,3211.541946439435,5,8,16,sparse,low
onion,Onion||Tripura||South Tripura||Barpathari APMC,Onion,Tripura,South Tripura,Barpathari APMC,23.170827799999998,91.63881700000002,0.48496558666606143,0.292198521154815,3076.0480801034164,5,7,8,sparse,low
onion,Onion||Tripura||Unokoti||Pabiacherra APMC,Onion,Tripura,Unokoti,Pabiacherra APMC,23.7750823,91.7025091,0.7687986489427574,0.42723340175554947,3302.435513683464,7,8,8,sparse,low
onion,Onion||Uttar Pradesh||Agra||Achnera APMC,Onion,Uttar Pradesh,Agra,Achnera APMC,27.1752554,78.0098161,2.678305143053859,0.4811567875451648,2080.3260507302025,13,37,151,sparse,medium
onion,Onion||Uttar Pradesh||Agra||Agra APMC,Onion,Uttar Pradesh,Agra,Agra APMC,27.175255400000005,78.0098161,149.21949648139338,73.30804758415495,1912.1303272602897,13,37,151,sparse,high
onion,Onion||Uttar Pradesh||Agra||Fatehabad APMC,Onion,Uttar Pradesh,Agra,Fatehabad APMC,27.1752554,78.0098161,0.4233256707685782,0.23280673968953725,1635.5068599476162,13,37,151,sparse,low
onion,Onion||Uttar Pradesh||Agra||Samsabad APMC,Onion,Uttar Pradesh,Agra,Samsabad APMC,27.1752554,78.0098161,0.6549243273101647,0.6825271059723429,1606.275305139917,13,37,151,sparse,low
onion,Onion||Uttar Pradesh||Aligarh||Aligarh APMC,Onion,Uttar Pradesh,Aligarh,Aligarh APMC,27.8761073,78.1358153,73.81661567540779,16.5509473535979,2025.861820804564,12,61,172,dense,high
onion,Onion||Uttar Pradesh||Aligarh||Charra APMC,Onion,Uttar Pradesh,Aligarh,Charra APMC,27.8761073,78.1358153,4.289459894511043,14.68786811786918,1949.1835047742618,12,61,172,dense,medium
onion,Onion||Uttar Pradesh||Aligarh||Khair APMC,Onion,Uttar Pradesh,Aligarh,Khair APMC,27.8761073,78.1358153,8.288695694452517,12.472828829024172,1710.113180143715,12,61,172,dense,medium
onion,Onion||Uttar Pradesh||Ambedkarnagar||Akbarpur APMC,Onion,Uttar Pradesh,Ambedkarnagar,Akbarpur APMC,27.1303344,80.859666,20.376868317937245,9.984582408457083,2084.9079870400224,27,57,128,dense,high
onion,Onion||Uttar Pradesh||Amethi||Jafarganj APMC,Onion,Uttar Pradesh,Amethi,Jafarganj APMC,26.3462741,81.6252039,7.347463154099603,3.4018540898272387,2119.8153933367757,8,56,104,dense,medium
onion,Onion||Uttar Pradesh||Amethi||Sultanpur APMC,Onion,Uttar Pradesh,Amethi,Sultanpur APMC,26.3462741,81.6252039,72.32477279381155,63.58172756740545,2123.284800527924,8,56,104,dense,high
onion,Onion||Uttar Pradesh||Amroha||Amroha APMC,Onion,Uttar Pradesh,Amroha,Amroha APMC,28.7952632,78.3436244,45.68634801047515,15.890321151344276,2016.4865423893227,8,61,165,dense,high
onion,Onion||Uttar Pradesh||Amroha||Dhanaura APMC,Onion,Uttar Pradesh,Amroha,Dhanaura APMC,28.795263200000004,78.3436244,1.0954250560849446,0.1017159713186163,958.7183720577322,8,61,165,dense,low
onion,Onion||Uttar Pradesh||Amroha||Hasanpur APMC,Onion,Uttar Pradesh,Amroha,Hasanpur APMC,28.795263199999997,78.3436244,5.688927934168673,1.7340078221674906,1338.1396385930843,8,61,165,dense,medium
onion,Onion||Uttar Pradesh||Auraiya||Achalda APMC,Onion,Uttar Pradesh,Auraiya,Achalda APMC,26.6558215,79.5160757,3.2897664912671867,2.2223657803305716,1950.0265666903078,9,55,140,dense,medium
onion,Onion||Uttar Pradesh||Auraiya||Auraiya APMC,Onion,Uttar Pradesh,Auraiya,Auraiya APMC,26.6558215,79.51607570000002,11.741137166205213,4.790312831370729,2026.0074691640182,9,55,140,dense,high
onion,Onion||Uttar Pradesh||Ayodhya||Faizabad APMC,Onion,Uttar Pradesh,Ayodhya,Faizabad APMC,26.799070699999998,82.2052321,100.19504853945352,92.61609307003552,2070.5769070330607,7,45,100,dense,high
onion,Onion||Uttar Pradesh||Ayodhya||Rudauli APMC,Onion,Uttar Pradesh,Ayodhya,Rudauli APMC,26.799070699999998,82.2052321,5.315587178793528,4.82996626337568,1847.3589117717595,7,45,100,dense,medium
onion,Onion||Uttar Pradesh||Azamgarh||Azamgarh APMC,Onion,Uttar Pradesh,Azamgarh,Azamgarh APMC,26.023639,83.0293105,142.30052016022853,52.355607730837505,2114.4023114102597,4,26,84,sparse,high
onion,Onion||Uttar Pradesh||Badaun||Badayoun APMC,Onion,Uttar Pradesh,Badaun,Badayoun APMC,28.0649367,79.043832,20.391075044495548,10.390214040413516,2020.3232519332696,15,41,167,sparse,high
onion,Onion||Uttar Pradesh||Badaun||Bilsi APMC,Onion,Uttar Pradesh,Badaun,Bilsi APMC,28.064936700000004,79.043832,1.2905806537730429,2.415916165900901,1926.3214524472637,15,41,167,sparse,low
onion,Onion||Uttar Pradesh||Badaun||Shahaswan APMC,Onion,Uttar Pradesh,Badaun,Shahaswan APMC,28.0649367,79.043832,4.76914168243721,14.888804437851356,1437.8530766978554,15,41,167,sparse,medium
onion,Onion||Uttar Pradesh||Badaun||Ujhani APMC,Onion,Uttar Pradesh,Badaun,Ujhani APMC,28.0649367,79.043832,2.3829112256162093,12.858001368633424,2147.524809618974,15,41,167,sparse,medium
onion,Onion||Uttar Pradesh||Badaun||Wazirganj APMC,Onion,Uttar Pradesh,Badaun,Wazirganj APMC,28.0649367,79.043832,1.4421677271083726,3.3118342668715153,1927.1342024570326,15,41,167,sparse,medium
onion,Onion||Uttar Pradesh||Baghpat||Baraut APMC,Onion,Uttar Pradesh,Baghpat,Baraut APMC,29.0374779,77.3062737,6.135510264212618,7.545301134291308,1874.6285119129063,35,77,181,dense,medium
onion,Onion||Uttar Pradesh||Bahraich||Bahraich APMC,Onion,Uttar Pradesh,Bahraich,Bahraich APMC,27.7343823,81.47654,59.09987578673797,30.085263886361908,2145.5644509761946,5,44,107,dense,high
onion,Onion||Uttar Pradesh||Bahraich||Naanpara APMC,Onion,Uttar Pradesh,Bahraich,Naanpara APMC,27.734382299999996,81.47654,28.985764880139236,16.527687181026025,2106.499324693498,5,44,107,dense,high
onion,Onion||Uttar Pradesh||Ballia||Ballia APMC,Onion,Uttar Pradesh,Ballia,Ballia APMC,25.8749595,84.1210329,72.95934027541234,34.20544514074607,2114.1088611303653,6,15,47,sparse,high
onion,Onion||Uttar Pradesh||Ballia||Chitwadagaon APMC,Onion,Uttar Pradesh,Ballia,Chitwadagaon APMC,25.8749595,84.1210329,0.9618967910510641,0.5648834156386958,2005.640953281223,6,15,47,sparse,low
onion,Onion||Uttar Pradesh||Ballia||Rasda APMC,Onion,Uttar Pradesh,Ballia,Rasda APMC,25.8749595,84.1210329,25.890657706801978,13.68656240656778,2101.2152617523748,6,15,47,sparse,high
onion,Onion||Uttar Pradesh||Ballia||Vilthararoad APMC,Onion,Uttar Pradesh,Ballia,Vilthararoad APMC,25.874959500000003,84.1210329,14.401867016371495,2.943969634107541,2097.6724037931085,6,15,47,sparse,high
onion,Onion||Uttar Pradesh||Balrampur||Balrampur APMC,Onion,Uttar Pradesh,Balrampur,Balrampur APMC,27.4476988,82.3956245,14.699584311784486,7.7392165376324025,1843.9250490998327,8,17,88,sparse,high
onion,Onion||Uttar Pradesh||Balrampur||Panchpedwa APMC,Onion,Uttar Pradesh,Balrampur,Panchpedwa APMC,27.4476988,82.3956245,4.550353069993979,2.6261518066615346,3209.0125851803123,8,17,88,sparse,medium
onion,Onion||Uttar Pradesh||Balrampur||Tulsipur APMC,Onion,Uttar Pradesh,Balrampur,Tulsipur APMC,27.4476988,82.3956245,5.6600175639414765,2.229797528395782,2070.69379836171,8,17,88,sparse,medium
onion,Onion||Uttar Pradesh||Banda||Atarra APMC,Onion,Uttar Pradesh,Banda,Atarra APMC,25.443853699999995,80.5595237,8.251146447488424,18.076285179795082,2045.8163727415738,10,33,108,sparse,medium
onion,Onion||Uttar Pradesh||Banda||Baberu APMC,Onion,Uttar Pradesh,Banda,Baberu APMC,25.4438537,80.5595237,4.194140601399468,5.26576769381323,1360.7239811613854,10,33,108,sparse,medium
onion,Onion||Uttar Pradesh||Banda||Banda APMC,Onion,Uttar Pradesh,Banda,Banda APMC,25.443853699999995,80.5595237,7.423644293598029,3.997875550194001,2032.4809494554856,10,33,108,sparse,medium
onion,Onion||Uttar Pradesh||Barabanki||Barabanki APMC,Onion,Uttar Pradesh,Barabanki,Barabanki APMC,26.942140600000002,81.3856087,96.4759859616238,44.19526020465089,2150.157091548836,28,56,118,dense,high
onion,Onion||Uttar Pradesh||Barabanki||Safdarganj APMC,Onion,Uttar Pradesh,Barabanki,Safdarganj APMC,26.942140600000002,81.3856087,6.740016186097827,9.030424913672542,2101.8924944025857,28,56,118,dense,medium
onion,Onion||Uttar Pradesh||Bareilly||Anwala APMC,Onion,Uttar Pradesh,Bareilly,Anwala APMC,28.4582345,79.4047452,12.867114444882041,5.277488832207873,1741.331162064772,11,33,161,sparse,high
onion,Onion||Uttar Pradesh||Bareilly||Baheri APMC,Onion,Uttar Pradesh,Bareilly,Baheri APMC,28.458234500000003,79.4047452,4.62618198331776,2.4446835126989646,1657.502641818123,11,33,161,sparse,medium
onion,Onion||Uttar Pradesh||Bareilly||Bareilly APMC,Onion,Uttar Pradesh,Bareilly,Bareilly APMC,28.458234499999996,79.4047452,119.3264233316979,89.3684356410731,1891.35449320992,11,33,161,sparse,high
onion,Onion||Uttar Pradesh||Basti||Basti APMC,Onion,Uttar Pradesh,Basti,Basti APMC,26.8387084,82.5350919,84.51825352090341,59.92498977919806,2022.718915600365,8,27,94,sparse,high
onion,Onion||Uttar Pradesh||Bhadohi(Sant Ravi Nagar)||Gopiganj APMC,Onion,Uttar Pradesh,Bhadohi(Sant Ravi Nagar),Gopiganj APMC,27.130334400000002,80.859666,3.0206553809618173,1.3876552322649158,1728.9770086755661,27,57,128,dense,medium
onion,Onion||Uttar Pradesh||Bijnor||Bijnaur APMC,Onion,Uttar Pradesh,Bijnor,Bijnaur APMC,29.407420299999995,78.4821406,38.657445465312975,22.176383367277943,2018.8918282664886,7,59,156,dense,high
onion,Onion||Uttar Pradesh||Bijnor||Chaandpur APMC,Onion,Uttar Pradesh,Bijnor,Chaandpur APMC,29.4074203,78.4821406,0.020906575503466238,0.00841830397494503,1666.9290085821167,7,59,156,dense,low
onion,Onion||Uttar Pradesh||Bulandshahar||Anoop Shahar APMC,Onion,Uttar Pradesh,Bulandshahar,Anoop Shahar APMC,28.524254099999997,77.5995188,0.3750640724725546,0.09797702104197252,2091.970178573611,23,60,166,dense,low
onion,Onion||Uttar Pradesh||Bulandshahar||Buland Shahr APMC,Onion,Uttar Pradesh,Bulandshahar,Buland Shahr APMC,28.5242541,77.5995188,23.411608543988486,22.169272749381307,2090.3483668540925,23,60,166,dense,high
onion,Onion||Uttar Pradesh||Bulandshahar||Divai APMC,Onion,Uttar Pradesh,Bulandshahar,Divai APMC,28.5242541,77.5995188,2.074057649810426,1.1235312016843693,955.8982823329889,23,60,166,dense,medium
onion,Onion||Uttar Pradesh||Bulandshahar||Gulavati APMC,Onion,Uttar Pradesh,Bulandshahar,Gulavati APMC,28.5242541,77.59951879999998,0.21244585623103804,0.06012099170009385,2168.810656335827,23,60,166,dense,low
onion,Onion||Uttar Pradesh||Bulandshahar||Jahangirabad APMC,Onion,Uttar Pradesh,Bulandshahar,Jahangirabad APMC,28.5242541,77.5995188,3.4203624036362585,2.871267256844427,2091.103434948856,23,60,166,dense,medium
onion,Onion||Uttar Pradesh||Bulandshahar||Khurja APMC,Onion,Uttar Pradesh,Bulandshahar,Khurja APMC,28.5242541,77.5995188,25.03535016856147,25.13469654129317,2040.1767461208942,23,60,166,dense,high
onion,Onion||Uttar Pradesh||Bulandshahar||Sikanderabad APMC,Onion,Uttar Pradesh,Bulandshahar,Sikanderabad APMC,28.5242541,77.5995188,13.915716464970814,9.578332422947387,1851.8799980516935,23,60,166,dense,high
onion,Onion||Uttar Pradesh||Bulandshahar||Sikarpur APMC,Onion,Uttar Pradesh,Bulandshahar,Sikarpur APMC,28.5242541,77.5995188,3.6675533871201798,1.480913995970935,1532.779058857792,23,60,166,dense,medium
onion,Onion||Uttar Pradesh||Bulandshahar||Siyana APMC,Onion,Uttar Pradesh,Bulandshahar,Siyana APMC,28.5242541,77.5995188,2.105615842897149,1.9104872651114457,1592.3017183750833,23,60,166,dense,medium
onion,Onion||Uttar Pradesh||Chandauli||Chandoli APMC,Onion,Uttar Pradesh,Chandauli,Chandoli APMC,25.125695,83.2494601,21.141712317914127,10.097235939125737,2093.5464668773825,4,19,58,sparse,high
onion,Onion||Uttar Pradesh||Chitrakut||Karvi APMC,Onion,Uttar Pradesh,Chitrakut,Karvi APMC,25.2173874,80.9236326,13.991796011844773,18.103329403612417,1929.9370593249357,7,22,103,sparse,high
onion,Onion||Uttar Pradesh||Deoria||Devariya APMC,Onion,Uttar Pradesh,Deoria,Devariya APMC,26.423991100000002,83.7638578,69.41272824452943,44.99321281694415,2158.3748772009258,7,16,72,sparse,high
onion,Onion||Uttar Pradesh||Etah||Awagarh APMC,Onion,Uttar Pradesh,Etah,Awagarh APMC,27.5550357,78.5992221,0.4760499837827448,0.1436958987116986,1548.7091709938097,22,53,173,dense,low
onion,Onion||Uttar Pradesh||Etah||Etah APMC,Onion,Uttar Pradesh,Etah,Etah APMC,27.5550357,78.5992221,22.95338783222779,16.43066534130256,1943.3259535164589,22,53,173,dense,high
onion,Onion||Uttar Pradesh||Etawah||Bharthna APMC,Onion,Uttar Pradesh,Etawah,Bharthna APMC,26.7155629,79.0917098,7.225535499215067,18.879502008646217,2008.4831924787925,6,43,145,dense,medium
onion,Onion||Uttar Pradesh||Etawah||Etawah APMC,Onion,Uttar Pradesh,Etawah,Etawah APMC,26.7155629,79.0917098,56.75783595287021,19.248562245478507,2052.660804134452,6,43,145,dense,high
onion,Onion||Uttar Pradesh||Etawah||Jasvantnagar APMC,Onion,Uttar Pradesh,Etawah,Jasvantnagar APMC,26.7155629,79.0917098,2.66897694034979,0.733674036406224,1979.7228568033345,6,43,145,dense,medium
onion,Onion||Uttar Pradesh||Farukhabad||Farukhabad APMC,Onion,Uttar Pradesh,Farukhabad,Farukhabad APMC,27.1303344,80.859666,12.349470038070017,2.775706424856455,1974.7321899194096,27,57,128,dense,high
onion,Onion||Uttar Pradesh||Farukhabad||Kamlaganj APMC,Onion,Uttar Pradesh,Farukhabad,Kamlaganj APMC,27.1303344,80.859666,1.5195993176031664,6.609256441078312,1954.6806617648672,27,57,128,dense,medium
onion,Onion||Uttar Pradesh||Farukhabad||Kayamganj APMC,Onion,Uttar Pradesh,Farukhabad,Kayamganj APMC,27.1303344,80.859666,7.9388450650738696,6.376462344343735,2101.078753874935,27,57,128,dense,medium
onion,Onion||Uttar Pradesh||Farukhabad||Mohamadabad APMC,Onion,Uttar Pradesh,Farukhabad,Mohamadabad APMC,27.1303344,80.859666,3.3778893188757166,1.7402171539357443,2122.83253820754,27,57,128,dense,medium
onion,Onion||Uttar Pradesh||Fatehpur||Bindki APMC,Onion,Uttar Pradesh,Fatehpur,Bindki APMC,25.8348023,80.9154547,4.81459415818155,3.9645089442998844,2052.0235150482413,7,54,112,dense,medium
onion,Onion||Uttar Pradesh||Fatehpur||Fatehpur APMC,Onion,Uttar Pradesh,Fatehpur,Fatehpur APMC,25.8348023,80.9154547,13.04629623888434,10.266454144024902,2025.571554958694,7,54,112,dense,high
onion,Onion||Uttar Pradesh||Fatehpur||Khaga APMC,Onion,Uttar Pradesh,Fatehpur,Khaga APMC,25.834802299999996,80.9154547,16.605001436437966,13.496243875360612,2005.4189566874809,7,54,112,dense,high
onion,Onion||Uttar Pradesh||Firozabad||Firozabad APMC,Onion,Uttar Pradesh,Firozabad,Firozabad APMC,27.1941954,78.4604956,50.09909558275707,23.331242282716406,1925.9026162913606,13,35,156,sparse,high
onion,Onion||Uttar Pradesh||Firozabad||Shikohabad APMC,Onion,Uttar Pradesh,Firozabad,Shikohabad APMC,27.194195400000005,78.4604956,15.501518802480641,22.530190230564827,1382.2693329517917,13,35,156,sparse,high
onion,Onion||Uttar Pradesh||Firozabad||Sirsaganj APMC,Onion,Uttar Pradesh,Firozabad,Sirsaganj APMC,27.194195400000005,78.4604956,12.316144130316557,53.06075029806249,1563.7216258709666,13,35,156,sparse,high
onion,Onion||Uttar Pradesh||Firozabad||Tundla APMC,Onion,Uttar Pradesh,Firozabad,Tundla APMC,27.194195399999998,78.4604956,2.956857495115314,2.5356884175596694,1842.3467375645637,13,35,156,sparse,medium
onion,Onion||Uttar Pradesh||Gautam Budh Nagar||Dadri APMC,Onion,Uttar Pradesh,Gautam Budh Nagar,Dadri APMC,28.4492122,77.5281018,8.784242205938726,2.8325674305517157,2109.1426047851724,26,65,166,dense,medium
onion,Onion||Uttar Pradesh||Gautam Budh Nagar||Dankaur APMC,Onion,Uttar Pradesh,Gautam Budh Nagar,Dankaur APMC,28.4492122,77.5281018,1.5521868056581916,0.6612054567844655,2175.086237317339,26,65,166,dense,medium
onion,Onion||Uttar Pradesh||Ghaziabad||Ghaziabad APMC,Onion,Uttar Pradesh,Ghaziabad,Ghaziabad APMC,28.7749966,77.4586967,118.10325176273365,37.39500187851555,2216.000740568327,27,75,172,dense,high
onion,Onion||Uttar Pradesh||Ghaziabad||Hapur APMC,Onion,Uttar Pradesh,Ghaziabad,Hapur APMC,28.7749966,77.4586967,28.84100762595693,14.10307253125205,2083.457478022617,27,75,172,dense,high
onion,Onion||Uttar Pradesh||Ghaziabad||Noida APMC,Onion,Uttar Pradesh,Ghaziabad,Noida APMC,28.7749966,77.4586967,53.04494198940381,59.744603470175754,2174.7896435593443,27,75,172,dense,high
onion,Onion||Uttar Pradesh||Ghazipur||Gazipur APMC,Onion,Uttar Pradesh,Ghazipur,Gazipur APMC,25.6034863,83.5075888,33.15611200860486,10.486784787070151,2243.81065889861,7,20,61,sparse,high
onion,Onion||Uttar Pradesh||Gonda||Gonda APMC,Onion,Uttar Pradesh,Gonda,Gonda APMC,27.1103723,81.9238906,20.996311955866144,8.421426140232699,2255.9036084605855,9,44,104,dense,high
onion,Onion||Uttar Pradesh||Gonda||Nawabganj APMC,Onion,Uttar Pradesh,Gonda,Nawabganj APMC,27.1103723,81.9238906,5.155171875180278,10.132830631484477,2097.167528481793,9,44,104,dense,medium
onion,Onion||Uttar Pradesh||Gorakhpur||Chorichora APMC,Onion,Uttar Pradesh,Gorakhpur,Chorichora APMC,26.6677977,83.3642334,50.2156642389233,30.408175031316105,1527.6499313152556,4,19,82,sparse,high
onion,Onion||Uttar Pradesh||Gorakhpur||Gorakhpur APMC,Onion,Uttar Pradesh,Gorakhpur,Gorakhpur APMC,26.6677977,83.3642334,227.3169581066263,62.61190494740099,2079.1289488840357,4,19,82,sparse,high
onion,Onion||Uttar Pradesh||Gorakhpur||Sehjanwa APMC,Onion,Uttar Pradesh,Gorakhpur,Sehjanwa APMC,26.667797700000005,83.3642334,5.584533473729518,22.22374770813928,2255.782680000446,4,19,82,sparse,medium
onion,Onion||Uttar Pradesh||Hamirpur||Bharuasumerpur APMC,Onion,Uttar Pradesh,Hamirpur,Bharuasumerpur APMC,25.75,80.0,6.00898734375021,2.706711938486932,2014.3849553108985,10,41,113,sparse,medium
onion,Onion||Uttar Pradesh||Hamirpur||Maudaha APMC,Onion,Uttar Pradesh,Hamirpur,Maudaha APMC,25.75,80.0,1.5392694215622853,0.6701072700714725,1883.445714462753,10,41,113,sparse,medium
onion,Onion||Uttar Pradesh||Hamirpur||Muskara APMC,Onion,Uttar Pradesh,Hamirpur,Muskara APMC,25.75,80.0,1.7567019218651105,0.817672003425968,2015.466197581116,10,41,113,sparse,medium
onion,Onion||Uttar Pradesh||Hamirpur||Raath APMC,Onion,Uttar Pradesh,Hamirpur,Raath APMC,25.75,80.0,9.459920517289353,3.1690774786883362,1384.0893875092156,10,41,113,sparse,medium
onion,Onion||Uttar Pradesh||Hardoi||Hardoi APMC,Onion,Uttar Pradesh,Hardoi,Hardoi APMC,27.3369978,80.0998232,39.37093216942525,23.63181929421862,2058.1589020963074,9,62,143,dense,high
onion,Onion||Uttar Pradesh||Hardoi||Madhoganj APMC,Onion,Uttar Pradesh,Hardoi,Madhoganj APMC,27.3369978,80.0998232,7.606339030358511,3.207397735911445,2061.5866039228335,9,62,143,dense,medium
onion,Onion||Uttar Pradesh||Hardoi||Sandi APMC,Onion,Uttar Pradesh,Hardoi,Sandi APMC,27.336997800000002,80.0998232,5.365779484840881,1.7602906761445825,2364.9189220673497,9,62,143,dense,medium
onion,Onion||Uttar Pradesh||Hardoi||Sandila APMC,Onion,Uttar Pradesh,Hardoi,Sandila APMC,27.3369978,80.0998232,7.402042700863817,2.7084157779511826,2061.035674253376,9,62,143,dense,medium
onion,Onion||Uttar Pradesh||Hathras||Haathras APMC,Onion,Uttar Pradesh,Hathras,Haathras APMC,27.5724324,78.1116209,26.595972638559957,8.039697774137895,2023.7110935238338,17,59,180,dense,high
onion,Onion||Uttar Pradesh||Hathras||Shadabad APMC,Onion,Uttar Pradesh,Hathras,Shadabad APMC,27.5724324,78.1116209,1.311731843575419,1.646644889191032,1871.5919462663373,17,59,180,dense,low
onion,Onion||Uttar Pradesh||Jalaun (Orai)||Jalaun APMC,Onion,Uttar Pradesh,Jalaun (Orai),Jalaun APMC,25.9895758,79.4538041,4.7158658078877185,9.949373930733982,1441.1723632532412,11,34,119,sparse,medium
onion,Onion||Uttar Pradesh||Jalaun (Orai)||Konch APMC,Onion,Uttar Pradesh,Jalaun (Orai),Konch APMC,25.9895758,79.4538041,18.796995124756155,62.40513085835741,1721.3383623549228,11,34,119,sparse,high
onion,Onion||Uttar Pradesh||Jalaun (Orai)||Orai APMC,Onion,Uttar Pradesh,Jalaun (Orai),Orai APMC,25.9895758,79.4538041,4.7856619049523585,2.946180916973037,1908.1058598897707,11,34,119,sparse,medium
onion,Onion||Uttar Pradesh||Jaunpur||Jaunpur APMC,Onion,Uttar Pradesh,Jaunpur,Jaunpur APMC,25.7967065,82.4888992,57.228845024943595,39.55174426275495,2045.8539432742518,5,22,95,sparse,high
onion,Onion||Uttar Pradesh||Jaunpur||Mugrabaadshahpur APMC,Onion,Uttar Pradesh,Jaunpur,Mugrabaadshahpur APMC,25.7967065,82.4888992,10.480259181693645,4.618335313910324,2113.182756878206,5,22,95,sparse,medium
onion,Onion||Uttar Pradesh||Jaunpur||Shahganj APMC,Onion,Uttar Pradesh,Jaunpur,Shahganj APMC,25.7967065,82.4888992,13.2671346326475,7.282549686732109,2122.5006249541316,5,22,95,sparse,high
onion,Onion||Uttar Pradesh||Jhansi||Chirgaon APMC,Onion,Uttar Pradesh,Jhansi,Chirgaon APMC,25.529855,78.6527802,4.621251335296554,4.4044848017081,1894.2330598575122,4,17,99,sparse,medium
onion,Onion||Uttar Pradesh||Jhansi||Gurusarai APMC,Onion,Uttar Pradesh,Jhansi,Gurusarai APMC,25.529855,78.6527802,0.7393175279579189,0.4684231073144464,1927.0419903881989,4,17,99,sparse,low
onion,Onion||Uttar Pradesh||Jhansi||Jhansi APMC,Onion,Uttar Pradesh,Jhansi,Jhansi APMC,25.529855,78.6527802,57.52321581470784,49.7195001198064,1838.902783639954,4,17,99,sparse,high
onion,Onion||Uttar Pradesh||Jhansi||Mauranipur APMC,Onion,Uttar Pradesh,Jhansi,Mauranipur APMC,25.529855,78.6527802,5.294918856694596,0.5242090784719903,1917.9998485839744,4,17,99,sparse,medium
onion,Onion||Uttar Pradesh||Jhansi||Moth APMC,Onion,Uttar Pradesh,Jhansi,Moth APMC,25.529855,78.6527802,2.4808248577350054,2.048718293494558,1937.494821070113,4,17,99,sparse,medium
onion,Onion||Uttar Pradesh||Kannuj||Chhibramau APMC,Onion,Uttar Pradesh,Kannuj,Chhibramau APMC,27.1303344,80.859666,16.82480569196409,13.085358134946624,2206.823112566684,27,57,128,dense,high
onion,Onion||Uttar Pradesh||Kannuj||Kannauj APMC,Onion,Uttar Pradesh,Kannuj,Kannauj APMC,27.1303344,80.859666,13.4936768906985,5.438546308134137,1976.7591284687653,27,57,128,dense,high
onion,Onion||Uttar Pradesh||Kanpur Dehat||Jhijhank APMC,Onion,Uttar Pradesh,Kanpur Dehat,Jhijhank APMC,26.458564,79.8548052,3.1265151648320524,1.0241242390739056,1666.8076621948553,9,55,127,dense,medium
onion,Onion||Uttar Pradesh||Kanpur Dehat||Pukharayan APMC,Onion,Uttar Pradesh,Kanpur Dehat,Pukharayan APMC,26.458564,79.8548052,5.440396439639169,1.8202075895544345,2035.6414264477814,9,55,127,dense,medium
onion,Onion||Uttar Pradesh||Kanpur||Choubepur APMC,Onion,Uttar Pradesh,Kanpur,Choubepur APMC,26.4609135,80.3217588,2.1110659885321486,8.348856296871176,1955.2867781125528,12,61,129,dense,medium
onion,Onion||Uttar Pradesh||Kanpur||Kanpur(Grain) APMC,Onion,Uttar Pradesh,Kanpur,Kanpur(Grain) APMC,26.460913500000004,80.3217588,1540.1351423178814,760.0516223210052,2050.854879176478,12,61,129,dense,high
onion,Onion||Uttar Pradesh||Kanpur||Uttaripura APMC,Onion,Uttar Pradesh,Kanpur,Uttaripura APMC,26.4609135,80.3217588,7.323147645116277,7.960139369796772,2455.855963499819,12,61,129,dense,medium
onion,Onion||Uttar Pradesh||Kasganj||Kasganj APMC,Onion,Uttar Pradesh,Kasganj,Kasganj APMC,27.788852799999997,78.8229701,30.251156876922536,17.922786995672602,2060.168486074483,14,57,168,dense,high
onion,Onion||Uttar Pradesh||Kaushambi||Bharwari APMC,Onion,Uttar Pradesh,Kaushambi,Bharwari APMC,25.5342456,81.4493567,6.655730943820609,2.4127060227312627,2076.4726181440824,8,33,105,sparse,medium
onion,Onion||Uttar Pradesh||Khiri (Lakhimpur)||Mohammdi APMC,Onion,Uttar Pradesh,Khiri (Lakhimpur),Mohammdi APMC,27.1303344,80.859666,20.626500098093658,29.188628731968826,2034.3501165826533,27,57,128,dense,high
onion,Onion||Uttar Pradesh||Lakhimpur||Golagokarnath APMC,Onion,Uttar Pradesh,Lakhimpur,Golagokarnath APMC,27.985060200000003,80.7538454,28.14919549616885,14.840593833987933,2039.5376592345513,5,37,126,sparse,high
onion,Onion||Uttar Pradesh||Lakhimpur||Lakhimpur APMC,Onion,Uttar Pradesh,Lakhimpur,Lakhimpur APMC,27.9850602,80.7538454,130.14081360815365,158.37826809161785,1991.2698467235052,5,37,126,sparse,high
onion,Onion||Uttar Pradesh||Lalitpur||Lalitpur APMC,Onion,Uttar Pradesh,Lalitpur,Lalitpur APMC,24.6999688,78.51862,8.479046522804678,5.333225836060549,1788.8520303666605,0,8,62,sparse,medium
onion,Onion||Uttar Pradesh||Lucknow||Lucknow APMC,Onion,Uttar Pradesh,Lucknow,Lucknow APMC,26.8381,80.9346001,211.67582271765684,95.17190047709803,2038.3034953062202,34,56,132,dense,high
onion,Onion||Uttar Pradesh||Maharajganj||Anandnagar APMC,Onion,Uttar Pradesh,Maharajganj,Anandnagar APMC,26.4710847,81.1807046,4.790329659870146,1.5458450299002895,2138.0250157937235,15,65,119,dense,medium
onion,Onion||Uttar Pradesh||Maharajganj||Gadaura APMC,Onion,Uttar Pradesh,Maharajganj,Gadaura APMC,26.4710847,81.1807046,9.592546619099048,10.661602664538169,1581.8224252423502,15,65,119,dense,medium
onion,Onion||Uttar Pradesh||Maharajganj||Nautnava APMC,Onion,Uttar Pradesh,Maharajganj,Nautnava APMC,26.4710847,81.1807046,1.0362920627935013,1.5878586422607717,1994.3730389196853,15,65,119,dense,low
onion,Onion||Uttar Pradesh||Maharajganj||Partaval APMC,Onion,Uttar Pradesh,Maharajganj,Partaval APMC,26.471084699999995,81.1807046,51.16215259941658,41.971246990612634,2158.7625023137734,15,65,119,dense,high
onion,Onion||Uttar Pradesh||Mahoba||Mahoba APMC,Onion,Uttar Pradesh,Mahoba,Mahoba APMC,25.361593900000003,79.706011,9.137027139213897,11.967091068184143,1984.7428972427704,7,27,103,sparse,medium
onion,Onion||Uttar Pradesh||Mainpuri||Ghiraur APMC,Onion,Uttar Pradesh,Mainpuri,Ghiraur APMC,27.2093072,79.0625369,18.754944039515912,10.37212685143189,1851.104437937725,11,47,151,dense,high
onion,Onion||Uttar Pradesh||Mainpuri||Mainpuri APMC,Onion,Uttar Pradesh,Mainpuri,Mainpuri APMC,27.2093072,79.0625369,13.325761513956994,8.660528990826615,1897.7995041050244,11,47,151,dense,high
onion,Onion||Uttar Pradesh||Mathura||Kosikalan APMC,Onion,Uttar Pradesh,Mathura,Kosikalan APMC,27.495553899999997,77.6855554,7.533691856179869,22.751822714443882,1849.674638456054,10,54,141,dense,medium
onion,Onion||Uttar Pradesh||Mathura||Mathura APMC,Onion,Uttar Pradesh,Mathura,Mathura APMC,27.4955539,77.6855554,43.95644045621913,9.228915069970435,2124.9640102095423,10,54,141,dense,high
onion,Onion||Uttar Pradesh||Mau(Maunathbhanjan)||Doharighat APMC,Onion,Uttar Pradesh,Mau(Maunathbhanjan),Doharighat APMC,27.1303344,80.859666,11.902595259293784,72.18972416237222,2676.7644125499596,27,57,128,dense,high
onion,Onion||Uttar Pradesh||Mau(Maunathbhanjan)||Kopaganj APMC,Onion,Uttar Pradesh,Mau(Maunathbhanjan),Kopaganj APMC,27.1303344,80.859666,52.46050297778441,30.048231370904055,1913.625022543029,27,57,128,dense,high
onion,Onion||Uttar Pradesh||Meerut||Meerut APMC,Onion,Uttar Pradesh,Meerut,Meerut APMC,29.0018557,77.7679671,107.59595665326613,65.35244620392159,2054.66150293458,28,72,165,dense,high
onion,Onion||Uttar Pradesh||Mirzapur||Ahirora APMC,Onion,Uttar Pradesh,Mirzapur,Ahirora APMC,24.9316896,82.6280163,23.496958130741532,15.92246880652339,1917.9328643789595,5,16,66,sparse,high
onion,Onion||Uttar Pradesh||Mirzapur||Mirzapur APMC,Onion,Uttar Pradesh,Mirzapur,Mirzapur APMC,24.9316896,82.6280163,49.56344046856884,23.076485026606903,2092.69145879116,5,16,66,sparse,high
onion,Onion||Uttar Pradesh||Muzaffarnagar||Muzzafarnagar APMC,Onion,Uttar Pradesh,Muzaffarnagar,Muzzafarnagar APMC,29.4496979,77.7429333,27.782323276317506,18.438297438297276,2162.352062855819,15,82,175,dense,high
onion,Onion||Uttar Pradesh||Pillibhit||Bishalpur APMC,Onion,Uttar Pradesh,Pillibhit,Bishalpur APMC,27.1303344,80.859666,12.500070434175072,11.658221868956758,1934.9400366355405,27,57,128,dense,high
onion,Onion||Uttar Pradesh||Pillibhit||Pilibhit APMC,Onion,Uttar Pradesh,Pillibhit,Pilibhit APMC,27.1303344,80.859666,73.05871521345662,89.0793335836451,1948.2778431985616,27,57,128,dense,high
onion,Onion||Uttar Pradesh||Pillibhit||Puranpur APMC,Onion,Uttar Pradesh,Pillibhit,Puranpur APMC,27.1303344,80.859666,35.9758146987255,43.733940993963394,1940.6790558681112,27,57,128,dense,high
onion,Onion||Uttar Pradesh||Pratapgarh||Pratapgarh APMC,Onion,Uttar Pradesh,Pratapgarh,Pratapgarh APMC,25.75,81.75,25.437275063272423,12.779403924883278,1984.1540896070394,9,37,101,sparse,high
onion,Onion||Uttar Pradesh||Prayagraj||Ajuha APMC,Onion,Uttar Pradesh,Prayagraj,Ajuha APMC,25.4381302,81.8338005,7.952840135890162,2.8330114560891633,2068.9486247944537,4,25,96,sparse,medium
onion,Onion||Uttar Pradesh||Prayagraj||Jasra APMC,Onion,Uttar Pradesh,Prayagraj,Jasra APMC,25.4381302,81.8338005,10.25003180116115,5.735294655691385,1788.0004651697764,4,25,96,sparse,medium
onion,Onion||Uttar Pradesh||Prayagraj||Prayagraj APMC,Onion,Uttar Pradesh,Prayagraj,Prayagraj APMC,25.438130199999996,81.8338005,182.03204892525352,146.1711889788232,2196.6832535455733,4,25,96,sparse,high
onion,Onion||Uttar Pradesh||Raebarelli||Bachranwa APMC,Onion,Uttar Pradesh,Raebarelli,Bachranwa APMC,26.772439699999996,80.9443515,2.172443724592065,0.5121111604141553,1761.5791987309153,30,61,129,dense,medium
onion,Onion||Uttar Pradesh||Raebarelli||Jayas APMC,Onion,Uttar Pradesh,Raebarelli,Jayas APMC,26.772397,80.94436259999999,24.06878743824723,17.245450275976165,1992.2104450707316,30,61,129,dense,high
onion,Onion||Uttar Pradesh||Raebarelli||Lalganj APMC,Onion,Uttar Pradesh,Raebarelli,Lalganj APMC,26.7724397,80.9443515,8.913812619309855,27.554718391991173,1915.200638733899,30,61,129,dense,medium
onion,Onion||Uttar Pradesh||Raebarelli||Raibareilly APMC,Onion,Uttar Pradesh,Raebarelli,Raibareilly APMC,26.772397,80.9443626,29.935985100603215,7.918139593251945,2046.1748605903463,30,61,129,dense,high
onion,Onion||Uttar Pradesh||Rampur||Milak APMC,Onion,Uttar Pradesh,Rampur,Milak APMC,28.7934728,79.1845806,3.6245619117015617,0.7499156228139637,1971.7961575393258,7,33,166,sparse,medium
onion,Onion||Uttar Pradesh||Rampur||Rampur APMC,Onion,Uttar Pradesh,Rampur,Rampur APMC,28.7934728,79.1845806,42.35650495248042,21.602934991334234,2023.872876402188,7,33,166,sparse,high
onion,Onion||Uttar Pradesh||Saharanpur||Chutmalpur APMC,Onion,Uttar Pradesh,Saharanpur,Chutmalpur APMC,29.9856799,77.5040646,0.9035816856186445,0.7810005029211685,1596.396917724434,20,62,178,dense,low
onion,Onion||Uttar Pradesh||Saharanpur||Gangoh APMC,Onion,Uttar Pradesh,Saharanpur,Gangoh APMC,29.9856799,77.5040646,0.5233291584823626,0.4860199326735072,2095.492867594446,20,62,178,dense,low
onion,Onion||Uttar Pradesh||Saharanpur||Rampurmaniharan APMC,Onion,Uttar Pradesh,Saharanpur,Rampurmaniharan APMC,29.9856799,77.5040646,0.8318470506733516,0.47160668286465457,2131.6820167294673,20,62,178,dense,low
onion,Onion||Uttar Pradesh||Saharanpur||Saharanpur APMC,Onion,Uttar Pradesh,Saharanpur,Saharanpur APMC,29.9856799,77.5040646,138.99013266460835,34.07549015125494,2166.8525140972215,20,62,178,dense,high
onion,Onion||Uttar Pradesh||Sambhal||Chandausi APMC,Onion,Uttar Pradesh,Sambhal,Chandausi APMC,28.4271928,78.5564546,49.899701869558584,16.16197134313501,2445.055511501587,15,64,177,dense,high
onion,Onion||Uttar Pradesh||Sambhal||Muradabad APMC,Onion,Uttar Pradesh,Sambhal,Muradabad APMC,28.4271928,78.5564546,95.39462667726583,43.9744672304937,2019.4029040623686,15,64,177,dense,high
onion,Onion||Uttar Pradesh||Sambhal||Sambhal APMC,Onion,Uttar Pradesh,Sambhal,Sambhal APMC,28.4271928,78.5564546,3.0952502244158566,1.799688266829078,1612.8000198553316,15,64,177,dense,medium
onion,Onion||Uttar Pradesh||Shahjahanpur||Puwaha APMC,Onion,Uttar Pradesh,Shahjahanpur,Puwaha APMC,27.912858300000003,79.7476254,10.869763375480705,4.730645651176885,2006.269080843642,13,52,163,dense,high
onion,Onion||Uttar Pradesh||Shahjahanpur||Shahjahanpur APMC,Onion,Uttar Pradesh,Shahjahanpur,Shahjahanpur APMC,27.9128583,79.7476254,46.73876237305596,58.90193245331585,2099.084386622585,13,52,163,dense,high
onion,Onion||Uttar Pradesh||Shamli||Kairana APMC,Onion,Uttar Pradesh,Shamli,Kairana APMC,29.4811508,77.2901344,1.138342093020168,0.2332602234119222,1404.629618329872,26,85,194,dense,low
onion,Onion||Uttar Pradesh||Shamli||Khandhla APMC,Onion,Uttar Pradesh,Shamli,Khandhla APMC,29.4811508,77.2901344,1.239593759397196,0.7252234892335913,2583.7062560428953,26,85,194,dense,low
onion,Onion||Uttar Pradesh||Shamli||Shamli APMC,Onion,Uttar Pradesh,Shamli,Shamli APMC,29.481150799999998,77.2901344,15.29480558639964,4.604138351221147,2171.986174749378,26,85,194,dense,high
onion,Onion||Uttar Pradesh||Siddharth Nagar||Sahiyapur APMC,Onion,Uttar Pradesh,Siddharth Nagar,Sahiyapur APMC,27.275470000000002,83.0880597,14.464260877112427,44.39726656973543,2007.9805799959265,7,13,82,sparse,high
onion,Onion||Uttar Pradesh||Sitapur||Hargaon (Laharpur) APMC,Onion,Uttar Pradesh,Sitapur,Hargaon (Laharpur) APMC,27.5026748,80.8335139,4.00635793546138,2.835064397569698,1806.3883776587531,26,46,123,dense,medium
onion,Onion||Uttar Pradesh||Sitapur||Mehmoodabad APMC,Onion,Uttar Pradesh,Sitapur,Mehmoodabad APMC,27.5026748,80.8335139,9.395344279853772,11.70131671541933,2057.665815171179,26,46,123,dense,medium
onion,Onion||Uttar Pradesh||Sitapur||Sitapur APMC,Onion,Uttar Pradesh,Sitapur,Sitapur APMC,27.5026748,80.8335139,103.83734202384431,69.61007491194393,2112.0197596689763,26,46,123,dense,high
onion,Onion||Uttar Pradesh||Sitapur||Viswan APMC,Onion,Uttar Pradesh,Sitapur,Viswan APMC,27.502674800000005,80.8335139,25.300478258344498,5.87072841691671,2307.317614207473,26,46,123,dense,high
onion,Onion||Uttar Pradesh||Sonbhadra||Dudhi APMC,Onion,Uttar Pradesh,Sonbhadra,Dudhi APMC,24.414815900000004,83.0637517,0.8873673552235445,3.211068259139586,1397.3489246167553,3,7,45,sparse,low
onion,Onion||Uttar Pradesh||Sonbhadra||Robertsganj APMC,Onion,Uttar Pradesh,Sonbhadra,Robertsganj APMC,24.4148159,83.0637517,38.609583316962706,11.744232469790308,2194.053225125689,3,7,45,sparse,high
onion,Onion||Uttar Pradesh||Unnao||Bangarmau APMC,Onion,Uttar Pradesh,Unnao,Bangarmau APMC,26.5673264,80.6198193,11.000121840952403,6.76311949172517,2073.714223065669,28,61,130,dense,high
onion,Onion||Uttar Pradesh||Unnao||Purwa APMC,Onion,Uttar Pradesh,Unnao,Purwa APMC,26.5673264,80.6198193,4.612234863960523,2.4656736150414456,2049.0083458555764,28,61,130,dense,medium
onion,Onion||Uttar Pradesh||Unnao||Unnao APMC,Onion,Uttar Pradesh,Unnao,Unnao APMC,26.5673264,80.6198193,14.569923454130478,8.495204052655618,2042.0937826344323,28,61,130,dense,high
onion,Onion||Uttar Pradesh||Varanasi||Varanasi(F&V) APMC,Onion,Uttar Pradesh,Varanasi,Varanasi(F&V) APMC,25.335649100000005,83.0076292,251.50066171167995,109.61376491410003,1832.2691677017785,7,20,78,sparse,high
onion,Onion||Uttarakhand||Dehradoon||Dehradoon APMC,Onion,Uttarakhand,Dehradoon,Dehradoon APMC,30.0417376,79.089691,71.46386847388895,47.681977834737495,1878.4282614680155,7,14,123,sparse,high
onion,Onion||Uttarakhand||Dehradoon||Rishikesh APMC,Onion,Uttarakhand,Dehradoon,Rishikesh APMC,30.041737600000005,79.089691,12.979235471207552,8.580750060957866,2305.55006238949,7,14,123,sparse,high
onion,Onion||Uttarakhand||Dehradoon||Vikasnagar APMC,Onion,Uttarakhand,Dehradoon,Vikasnagar APMC,30.0417376,79.089691,10.170167387308151,8.397971875868969,1499.61696870279,7,14,123,sparse,medium
onion,Onion||Uttarakhand||Garhwal (Pauri)||Kotadwara APMC,Onion,Uttarakhand,Garhwal (Pauri),Kotadwara APMC,30.2221746,78.7707901,1.5763038335322885,1.0724033109932913,1596.7594125887472,7,21,134,sparse,medium
onion,Onion||Uttarakhand||Haridwar||Haridwar Union APMC,Onion,Uttarakhand,Haridwar,Haridwar Union APMC,29.9123514,78.0087178,18.4084637785845,9.190543488318653,2008.6448008407108,13,53,172,dense,high
onion,Onion||Uttarakhand||Haridwar||Roorkee APMC,Onion,Uttarakhand,Haridwar,Roorkee APMC,29.9123514,78.0087178,13.747949869240903,9.633151029282272,2098.3086743866743,13,53,172,dense,high
onion,Onion||Uttarakhand||Nanital||Haldwani APMC,Onion,Uttarakhand,Nanital,Haldwani APMC,30.0417376,79.089691,46.325815953074994,25.492161922269585,1882.2855207354235,7,14,123,sparse,high
onion,Onion||Uttarakhand||Nanital||Ramnagar APMC,Onion,Uttarakhand,Nanital,Ramnagar APMC,30.0417376,79.089691,5.732825512460015,3.9157533996296134,1818.4073963193393,7,14,123,sparse,medium
onion,Onion||Uttarakhand||Udhamsinghnagar||Kashipur APMC,Onion,Uttarakhand,Udhamsinghnagar,Kashipur APMC,30.0417376,79.089691,5.61213581150171,2.6061369310838622,1680.9738540190035,7,14,123,sparse,medium
onion,Onion||Uttarakhand||Udhamsinghnagar||Rudrapur APMC,Onion,Uttarakhand,Udhamsinghnagar,Rudrapur APMC,30.041737599999998,79.089691,15.892948483791573,5.90708182598144,2104.6640504826114,7,14,123,sparse,high
onion,Onion||West Bengal||Alipurduar||Alipurduar APMC,Onion,West Bengal,Alipurduar,Alipurduar APMC,26.4851573,89.5246926,11.963105821537106,4.545384867434165,2781.4881862535176,4,11,18,sparse,high
onion,Onion||West Bengal||Alipurduar||Falakata APMC,Onion,West Bengal,Alipurduar,Falakata APMC,26.4851573,89.5246926,12.692687318981694,4.222654366821986,2861.8779279497494,4,11,18,sparse,high
onion,Onion||West Bengal||Bankura||Bankura Sadar APMC,Onion,West Bengal,Bankura,Bankura Sadar APMC,23.132377,87.2081925,27.44379018473468,6.545192599719967,2639.242004183999,5,33,49,sparse,high
onion,Onion||West Bengal||Bankura||Bishnupur(Bankura) APMC,Onion,West Bengal,Bankura,Bishnupur(Bankura) APMC,23.132377,87.2081925,0.9215254173722127,0.3280269816609761,2711.026310417068,5,33,49,sparse,low
onion,Onion||West Bengal||Birbhum||Birbhum APMC,Onion,West Bengal,Birbhum,Birbhum APMC,24.0621532,87.69828229999999,42.9427863963553,20.894973206863185,2542.4072890716984,6,27,50,sparse,high
onion,Onion||West Bengal||Birbhum||Bolpur APMC,Onion,West Bengal,Birbhum,Bolpur APMC,24.0621532,87.69828229999999,42.92436548374454,14.851670209121227,2597.3879076555822,6,27,50,sparse,high
onion,Onion||West Bengal||Birbhum||Rampurhat APMC,Onion,West Bengal,Birbhum,Rampurhat APMC,24.0621532,87.6982823,34.362519968037326,10.06666363283863,2476.7108461773046,6,27,50,sparse,high
onion,Onion||West Bengal||Birbhum||Sainthia APMC,Onion,West Bengal,Birbhum,Sainthia APMC,24.0621532,87.69828229999999,39.406549704032976,15.776753246795783,2431.317535068099,6,27,50,sparse,high
onion,Onion||West Bengal||Coochbehar||Dinhata APMC,Onion,West Bengal,Coochbehar,Dinhata APMC,26.340623,89.4812163,3.007717877406322,0.5983339471250831,2511.5557213079323,4,12,18,sparse,medium
onion,Onion||West Bengal||Coochbehar||Mekhliganj APMC,Onion,West Bengal,Coochbehar,Mekhliganj APMC,26.340623,89.4812163,17.670678278382912,6.959872358737624,2640.536344438845,4,12,18,sparse,high
onion,Onion||West Bengal||Coochbehar||Pundibari APMC,Onion,West Bengal,Coochbehar,Pundibari APMC,26.340623,89.4812163,1.9568350101168812,0.3434730574762136,2592.9363148049506,4,12,18,sparse,medium
onion,Onion||West Bengal||Dakshin Dinajpur||Gangarampur(Dakshin Dinajpur) APMC,Onion,West Bengal,Dakshin Dinajpur,Gangarampur(Dakshin Dinajpur) APMC,25.385806999999996,88.5063362,3.2809530833417533,0.9529537337236547,2663.755311053747,3,12,49,sparse,medium
onion,Onion||West Bengal||Darjeeling||Darjeeling APMC,Onion,West Bengal,Darjeeling,Darjeeling APMC,27.0377554,88.263176,1.37483641062973,1.281815416326213,3705.0452881158762,6,12,22,sparse,medium
onion,Onion||West Bengal||Darjeeling||Karsiyang(Matigara) APMC,Onion,West Bengal,Darjeeling,Karsiyang(Matigara) APMC,27.0377554,88.263176,8.177831115111783,6.561542003560061,3335.5175111936232,6,12,22,sparse,medium
onion,Onion||West Bengal||Darjeeling||Siliguri APMC,Onion,West Bengal,Darjeeling,Siliguri APMC,27.0377554,88.263176,41.35370106884034,3.5264746450214126,2607.782054682857,6,12,22,sparse,high
onion,Onion||West Bengal||Hooghly||Champadanga APMC,Onion,West Bengal,Hooghly,Champadanga APMC,22.9099403,88.01208249999999,4.277881037071504,1.1805464983315137,2479.109386974866,13,33,45,sparse,medium
onion,Onion||West Bengal||Hooghly||Kalipur APMC,Onion,West Bengal,Hooghly,Kalipur APMC,22.9099403,88.01208249999999,5.0223457343505995,1.1488776669464429,2439.7159445913903,13,33,45,sparse,medium
onion,Onion||West Bengal||Hooghly||Pandua APMC,Onion,West Bengal,Hooghly,Pandua APMC,22.9099403,88.01208249999999,3.387633512929488,1.6177905709380445,2506.259071019492,13,33,45,sparse,medium
onion,Onion||West Bengal||Hooghly||Sheoraphuly APMC,Onion,West Bengal,Hooghly,Sheoraphuly APMC,22.9099403,88.01208249999999,37.08759234742172,43.298995950045075,2540.125811546167,13,33,45,sparse,high
onion,Onion||West Bengal||Howrah||Ramkrishanpur(Howrah) APMC,Onion,West Bengal,Howrah,Ramkrishanpur(Howrah) APMC,22.5736296,88.3251045,1.7926679113130366,2.1122936302226045,2960.93343974446,8,26,43,sparse,medium
onion,Onion||West Bengal||Howrah||Uluberia APMC,Onion,West Bengal,Howrah,Uluberia APMC,22.5736296,88.3251045,1.985741529717206,0.5715158199982703,2775.964724858709,8,26,43,sparse,medium
onion,Onion||West Bengal||Jalpaiguri||Belacoba APMC,Onion,West Bengal,Jalpaiguri,Belacoba APMC,26.626280499999996,88.7334485,7.5043782042823,4.23040725175062,2786.6593372434986,6,13,21,sparse,medium
onion,Onion||West Bengal||Jalpaiguri||Dhupguri APMC,Onion,West Bengal,Jalpaiguri,Dhupguri APMC,26.6262805,88.7334485,16.53992603509486,14.834441844176686,2694.9972634635824,6,13,21,sparse,high
onion,Onion||West Bengal||Jalpaiguri||Jalpaiguri Sadar APMC,Onion,West Bengal,Jalpaiguri,Jalpaiguri Sadar APMC,26.6262805,88.7334485,9.957123657967816,5.843007670902117,2713.464786786782,6,13,21,sparse,medium
onion,Onion||West Bengal||Jalpaiguri||Moynaguri APMC,Onion,West Bengal,Jalpaiguri,Moynaguri APMC,26.626280499999996,88.7334485,8.222401428835308,4.091577408229858,2778.6523384191637,6,13,21,sparse,medium
onion,Onion||West Bengal||Kolkata||Bara Bazar (Posta Bazar) APMC,Onion,West Bengal,Kolkata,Bara Bazar (Posta Bazar) APMC,22.5726459,88.3638953,104.44328389435333,50.99876397076482,2655.640963543981,8,26,43,sparse,high
onion,Onion||West Bengal||Malda||English Bazar APMC,Onion,West Bengal,Malda,English Bazar APMC,25.005744899999996,88.1398483,12.281850398641897,3.0281646388866985,2518.6604746115,3,11,60,sparse,high
onion,Onion||West Bengal||Malda||Gajol APMC,Onion,West Bengal,Malda,Gajol APMC,25.0057449,88.1398483,11.366943446087337,2.8212522518618637,2714.36673071327,3,11,60,sparse,high
onion,Onion||West Bengal||Malda||Samsi APMC,Onion,West Bengal,Malda,Samsi APMC,25.0057449,88.1398483,12.164848427636604,2.6516231685797047,2540.129671367343,3,11,60,sparse,high
onion,Onion||West Bengal||Medinipur(E)||Egra/contai APMC,Onion,West Bengal,Medinipur(E),Egra/contai APMC,22.4207025,87.3269963,7.45508195863172,4.693213329399358,2562.773973359453,6,27,49,sparse,medium
onion,Onion||West Bengal||Medinipur(E)||Tamluk (Medinipur E) APMC,Onion,West Bengal,Medinipur(E),Tamluk (Medinipur E) APMC,22.4207025,87.32699630000002,3.6325412036435227,2.347979042534645,2500.89643833791,6,27,49,sparse,medium
onion,Onion||West Bengal||Medinipur(W)||Garbeta(Medinipur) APMC,Onion,West Bengal,Medinipur(W),Garbeta(Medinipur) APMC,22.4258406,87.3192605,11.453462722027774,7.983652559284311,2611.6620340708073,6,27,49,sparse,high
onion,Onion||West Bengal||Medinipur(W)||Ghatal APMC,Onion,West Bengal,Medinipur(W),Ghatal APMC,22.4188527,87.307174,4.306079311317344,1.5550961323840051,2608.39450737848,4,27,49,sparse,medium
onion,Onion||West Bengal||Medinipur(W)||Medinipur(West) APMC,Onion,West Bengal,Medinipur(W),Medinipur(West) APMC,22.4258406,87.3192605,9.505869655256435,6.026808748237721,2426.479105763309,6,27,49,sparse,medium
onion,Onion||West Bengal||Murshidabad||Jangipur APMC,Onion,West Bengal,Murshidabad,Jangipur APMC,24.1745993,88.2721335,58.71136822251306,5.250180185756466,2286.740756665735,4,25,54,sparse,high
onion,Onion||West Bengal||Nadia||Bethuadahari APMC,Onion,West Bengal,Nadia,Bethuadahari APMC,23.4847374,88.5567067,3.6842951594716133,1.0908260679077424,2657.264400587497,8,28,48,sparse,medium
onion,Onion||West Bengal||Nadia||Chakdah APMC,Onion,West Bengal,Nadia,Chakdah APMC,23.4847374,88.5567067,9.030230245494385,3.9000037397624205,2805.0299124993526,8,28,48,sparse,medium
onion,Onion||West Bengal||Nadia||Kalyani APMC,Onion,West Bengal,Nadia,Kalyani APMC,23.4847374,88.5567067,2.592277119132229,1.2217972614235437,2800.805381125784,8,28,48,sparse,medium
onion,Onion||West Bengal||Nadia||Karimpur APMC,Onion,West Bengal,Nadia,Karimpur APMC,23.4847374,88.5567067,3.861445453524458,1.209828972896036,2773.682905897315,8,28,48,sparse,medium
onion,Onion||West Bengal||Nadia||Nadia APMC,Onion,West Bengal,Nadia,Nadia APMC,23.4847374,88.5567067,5.4834443472723935,2.5594465035407734,2810.3069296146346,8,28,48,sparse,medium
onion,Onion||West Bengal||Nadia||Ranaghat APMC,Onion,West Bengal,Nadia,Ranaghat APMC,23.4847374,88.5567067,3.5987906223478676,1.7332164356121809,2844.33060340733,8,28,48,sparse,medium
onion,Onion||West Bengal||North 24 Parganas||Barasat APMC,Onion,West Bengal,North 24 Parganas,Barasat APMC,22.6926815,88.6625795,39.591458204460665,8.08372681982431,2603.7670416105234,8,24,47,sparse,high
onion,Onion||West Bengal||North 24 Parganas||Habra APMC,Onion,West Bengal,North 24 Parganas,Habra APMC,22.6926815,88.6625795,34.44368436158819,60.11715423120258,2481.998815924758,8,24,47,sparse,high
onion,Onion||West Bengal||Paschim Bardhaman||Asansol APMC,Onion,West Bengal,Paschim Bardhaman,Asansol APMC,23.6002978,87.3041301,16.193397019066936,3.240674753683326,2488.025741071306,10,32,51,sparse,high
onion,Onion||West Bengal||Paschim Bardhaman||Durgapur APMC,Onion,West Bengal,Paschim Bardhaman,Durgapur APMC,23.6002978,87.3041301,17.389537898001286,8.192270379032712,2525.504649284713,10,32,51,sparse,high
onion,Onion||West Bengal||Purba Bardhaman||Burdwan APMC,Onion,West Bengal,Purba Bardhaman,Burdwan APMC,23.3884089,87.9606763,23.036654320512607,3.890418535830472,2647.3219006724526,16,33,45,sparse,high
onion,Onion||West Bengal||Purba Bardhaman||Kalna APMC,Onion,West Bengal,Purba Bardhaman,Kalna APMC,23.3884089,87.9606763,4.661128161203499,1.5115790698326708,2442.0876532924076,16,33,45,sparse,medium
onion,Onion||West Bengal||Purba Bardhaman||Katwa APMC,Onion,West Bengal,Purba Bardhaman,Katwa APMC,23.3884089,87.9606763,5.165635207365539,1.7399914007632382,2425.3287350237865,16,33,45,sparse,medium
onion,Onion||West Bengal||Puruliya||Balarampur APMC,Onion,West Bengal,Puruliya,Balarampur APMC,23.333333,86.416667,2.0842228367255577,0.7114832654916989,2517.257930815194,2,13,54,sparse,medium
onion,Onion||West Bengal||Puruliya||Kasipur APMC,Onion,West Bengal,Puruliya,Kasipur APMC,23.333333,86.416667,1.8681439528969832,0.3587442288548389,2441.6030417918473,2,13,54,sparse,medium
onion,Onion||West Bengal||Puruliya||Purulia APMC,Onion,West Bengal,Puruliya,Purulia APMC,23.333333,86.416667,25.295694305653313,12.645597813808154,2431.4770414842014,2,13,54,sparse,high
onion,Onion||West Bengal||Sounth 24 Parganas||Baruipur(Canning) APMC,Onion,West Bengal,Sounth 24 Parganas,Baruipur(Canning) APMC,22.9964948,87.68558819999998,3.782552527477282,1.7771106679905921,2701.2305041153318,14,36,48,sparse,medium
onion,Onion||West Bengal||Sounth 24 Parganas||Diamond Harbour(South 24-pgs) APMC,Onion,West Bengal,Sounth 24 Parganas,Diamond Harbour(South 24-pgs) APMC,22.9964948,87.6855882,2.4306272445931616,1.1726809938826375,2990.677228357252,14,36,48,sparse,medium
potato,Potato||Andhra Pradesh||Chittor||Palamaner APMC,Potato,Andhra Pradesh,Chittor,Palamaner APMC,13.2162432,79.1050786,0.920988212607055,0.38273356594198465,2449.739047461195,4,15,39,sparse,low
potato,Potato||Bihar||Araria||Forbesganj APMC,Potato,Bihar,Araria,Forbesganj APMC,26.1346459,87.4654062,191.62093667406245,236.48069538046002,1847.7888628805933,4,18,43,sparse,high
potato,Potato||Bihar||Bhojpur||Aarah APMC,Potato,Bihar,Bhojpur,Aarah APMC,25.450118200000002,84.5635193,5.843289306796622,1.471427932658227,2285.1861704935923,7,13,37,sparse,medium
potato,Potato||Bihar||Bhojpur||Piro APMC,Potato,Bihar,Bhojpur,Piro APMC,25.450118200000002,84.5635193,7.009719138372782,1.3115289520483024,2488.475982341817,7,13,37,sparse,medium
potato,Potato||Bihar||Buxar||Buxur APMC,Potato,Bihar,Buxar,Buxur APMC,25.5044834,84.1097525,6.2552660091644565,3.0133301508441526,2061.8264667505237,8,17,46,sparse,medium
potato,Potato||Bihar||Jamui||Jamui APMC,Potato,Bihar,Jamui,Jamui APMC,24.7562514,86.3011128,19.7884798127013,1.1378751026680292,1965.9097662444472,0,2,62,sparse,medium
potato,Potato||Bihar||Kishanganj||Bahadurganj APMC,Potato,Bihar,Kishanganj,Bahadurganj APMC,26.2984144,87.9466715,5.068416698506441,0.8761839264211929,1965.4393807101385,3,17,41,sparse,medium
potato,Potato||Bihar||Kishanganj||Thakurganj APMC,Potato,Bihar,Kishanganj,Thakurganj APMC,26.2984144,87.9466715,5.367391489007269,0.7762044258057982,1796.600794579686,3,17,41,sparse,medium
potato,Potato||Bihar||Madhepura||Murliganj APMC,Potato,Bihar,Madhepura,Murliganj APMC,25.7806118,86.9364753,1.2356400742890399,0.1286044884873787,2007.524138203652,1,9,60,sparse,low
potato,Potato||Bihar||Madhubani||Jahajharpur APMC,Potato,Bihar,Madhubani,Jahajharpur APMC,26.3503076,86.2296424,8.949227567129789,41.115240793831106,1806.0682263530778,0,5,39,sparse,medium
potato,Potato||Bihar||Patna||Danapur APMC,Potato,Bihar,Patna,Danapur APMC,25.6093239,85.1235252,35.05844492925215,1.9039039520844947,2854.3107221497908,3,11,38,sparse,high
potato,Potato||Bihar||Rohtas||Natwar APMC,Potato,Bihar,Rohtas,Natwar APMC,24.9394143,84.0197031,8.772994835863463,3.9800718823947676,1850.4175391490528,1,15,40,sparse,medium
potato,Potato||Bihar||Sheohar||Sheohar APMC,Potato,Bihar,Sheohar,Sheohar APMC,26.493423399999998,85.2717561,3.776958663820278,2.3550712497557935,2060.3687081514663,0,9,31,sparse,medium
potato,"Potato||Bihar||Vaishali||Jaitipir Mandi, Lalganj block APMC",Potato,Bihar,Vaishali,"Jaitipir Mandi, Lalganj block APMC",25.7491703,85.3972164,15.280105377904077,0.8073916187721331,2737.586931624345,1,11,44,sparse,medium
potato,Potato||Chandigarh||Chandigarh||Chandigarh(Grain/Fruit) APMC,Potato,Chandigarh,Chandigarh,Chandigarh(Grain/Fruit) APMC,30.7334421,76.7797143,270.7943870033211,100.6518653107263,1189.798014140944,19,81,190,dense,high
potato,Potato||Chattisgarh||Bilaspur||Tiphra APMC,Potato,Chattisgarh,Bilaspur,Tiphra APMC,22.1638486,82.1365923,88.58165237378212,28.409025577113823,1982.330933473988,0,2,16,sparse,high
potato,Potato||Chattisgarh||Durg||Durg APMC,Potato,Chattisgarh,Durg,Durg APMC,21.1982964,81.4007922,6.091793828747067,2.6061761741485623,1933.2927547842776,1,4,17,sparse,medium
potato,Potato||Chattisgarh||Raigarh||Raigarh APMC,Potato,Chattisgarh,Raigarh,Raigarh APMC,22.2361795,83.3529534,63.48968414533854,28.226884356518458,1674.325220416181,1,6,22,sparse,high
potato,Potato||Chattisgarh||Rajnandgaon||Rajnandgaon APMC,Potato,Chattisgarh,Rajnandgaon,Rajnandgaon APMC,21.0684425,80.7970779,36.74602864667194,7.7621644791092645,1614.637951829105,1,1,12,sparse,high
potato,Potato||Goa||North Goa||Mapusa APMC,Potato,Goa,North Goa,Mapusa APMC,15.6044413,74.0017241,6.762511544512886,4.995071306246014,1822.1808585653719,1,2,7,sparse,medium
potato,Potato||Gujarat||Ahmedabad||Ahmedabad(Chimanbhai Patal Market Vasana) APMC,Potato,Gujarat,Ahmedabad,Ahmedabad(Chimanbhai Patal Market Vasana) APMC,23.0215374,72.5800568,668.4301221328268,243.51640039978898,1567.622401798318,6,11,26,sparse,high
potato,"Potato||Gujarat||Anand||Anand(Veg,Yard,Anand) APMC",Potato,Gujarat,Anand,"Anand(Veg,Yard,Anand) APMC",22.5586555,72.9627227,82.88175202985241,30.836501471301737,1581.0171861070799,7,13,34,sparse,high
potato,Potato||Gujarat||Banaskanth||Deesa(Deesa Veg Yard) APMC,Potato,Gujarat,Banaskanth,Deesa(Deesa Veg Yard) APMC,22.3850051,71.745261,94.64269414821258,84.2219537755061,1397.1622248003653,1,13,19,sparse,high
potato,Potato||Gujarat||Bharuch||Ankleshwar APMC,Potato,Gujarat,Bharuch,Ankleshwar APMC,21.7080427,72.9956936,13.899507200088198,4.461941883441714,1986.8745488563773,3,12,30,sparse,medium
potato,Potato||Gujarat||Bhavnagar||Palitana APMC,Potato,Gujarat,Bhavnagar,Palitana APMC,21.7718836,72.1416449,6.243058914660807,2.3175212169057375,2558.0299619562697,0,14,22,sparse,medium
potato,Potato||Gujarat||Dahod||Dahod(Veg. Market) APMC,Potato,Gujarat,Dahod,Dahod(Veg. Market) APMC,22.9194099,74.13427249999998,34.63815706835638,14.305931123152597,1569.0230822450515,2,13,42,sparse,high
potato,Potato||Gujarat||Kachchh||Bhuj APMC,Potato,Gujarat,Kachchh,Bhuj APMC,23.583333,70.0,42.73805164357295,13.303310844267635,1855.6098092708785,0,0,7,sparse,high
potato,Potato||Gujarat||Kheda||Kapadvanj APMC,Potato,Gujarat,Kheda,Kapadvanj APMC,22.8532503,72.9953586,48.06101869001491,11.591211313437405,1473.9501312339305,7,13,32,sparse,high
potato,Potato||Gujarat||Kheda||Nadiad APMC,Potato,Gujarat,Kheda,Nadiad APMC,22.8532503,72.9953586,2.051318273095698,2.5118273414375767,2177.632354368557,7,13,32,sparse,low
potato,Potato||Gujarat||Kheda||Nadiyad(Chaklasi) APMC,Potato,Gujarat,Kheda,Nadiyad(Chaklasi) APMC,22.8532503,72.9953586,1.8781467790686535,0.28639441882074834,1695.152844312408,7,13,32,sparse,low
potato,Potato||Gujarat||Kheda||Nadiyad(Piplag) APMC,Potato,Gujarat,Kheda,Nadiyad(Piplag) APMC,22.8532503,72.9953586,37.906539425274445,24.949004773398386,1722.2147522855314,7,13,32,sparse,high
potato,Potato||Gujarat||Mehsana||Mehsana(Mehsana Veg) APMC,Potato,Gujarat,Mehsana,Mehsana(Mehsana Veg) APMC,23.601262800000004,72.3741516,63.93677143774145,29.030766503372508,1418.6103908167354,1,8,20,sparse,high
potato,Potato||Gujarat||Navsari||Bilimora APMC,Potato,Gujarat,Navsari,Bilimora APMC,20.952407,72.9323831,3.60910708107523,1.2839571705436343,2251.3750920159214,2,5,34,sparse,medium
potato,Potato||Gujarat||Navsari||Navsari APMC,Potato,Gujarat,Navsari,Navsari APMC,20.952407,72.9323831,26.98560146162869,12.699229770995995,2342.29697720523,2,5,34,sparse,high
potato,Potato||Gujarat||Porbandar||Porbandar APMC,Potato,Gujarat,Porbandar,Porbandar APMC,21.6029751,69.8538067,150.40327075817697,189.75788450063675,1842.2300261005373,0,1,5,sparse,high
potato,Potato||Gujarat||Rajkot||Rajkot(Veg.Sub Yard) APMC,Potato,Gujarat,Rajkot,Rajkot(Veg.Sub Yard) APMC,22.3053263,70.8028377,297.11309106347346,66.51792442234068,1632.3631278539483,0,3,18,sparse,high
potato,Potato||Gujarat||Surat||Surat APMC,Potato,Gujarat,Surat,Surat APMC,21.2094892,72.8317058,766.1121138683459,123.79673530224883,1604.1546639250578,3,6,27,sparse,high
potato,Potato||Gujarat||Surendranagar||Vadhvan APMC,Potato,Gujarat,Surendranagar,Vadhvan APMC,22.8251395,71.6209736,49.72763747511089,7.045518840350395,2009.2227061777141,1,10,20,sparse,high
potato,Potato||Gujarat||Vadodara(Baroda)||Padra APMC,Potato,Gujarat,Vadodara(Baroda),Padra APMC,22.3108103,73.1657471,18.203901244567984,1.6262896718340079,1949.317071623073,7,12,36,sparse,medium
potato,Potato||Gujarat||Vadodara(Baroda)||Vadodara(Sayajipura) APMC,Potato,Gujarat,Vadodara(Baroda),Vadodara(Sayajipura) APMC,22.3108103,73.1657471,271.994364791081,61.4515694963668,1703.3089821215312,7,12,36,sparse,high
potato,Potato||Haryana||Ambala||Ambala City(Subji Mandi) APMC,Potato,Haryana,Ambala,Ambala City(Subji Mandi) APMC,30.3843674,76.770421,48.14533673482761,52.67907426276539,741.8099124525996,33,79,199,dense,high
potato,Potato||Haryana||Ambala||Barara APMC,Potato,Haryana,Ambala,Barara APMC,30.3843674,76.770421,2.106527506265744,4.1631004682371096,985.0810835001749,33,79,199,dense,low
potato,Potato||Haryana||Ambala||Naraingarh APMC,Potato,Haryana,Ambala,Naraingarh APMC,30.3843674,76.770421,42.44703167493467,69.24534774407266,821.087337108363,33,79,199,dense,high
potato,Potato||Haryana||Ambala||Shahzadpur APMC,Potato,Haryana,Ambala,Shahzadpur APMC,30.3843674,76.770421,2.1777272159476397,1.4655396875985711,811.569901799562,33,79,199,dense,low
potato,Potato||Haryana||Bhiwani||Bhiwani APMC,Potato,Haryana,Bhiwani,Bhiwani APMC,28.7931703,76.1391283,16.592996527609877,8.581895860286357,992.8876493037524,9,70,194,dense,medium
potato,Potato||Haryana||Bhiwani||Ch. Dadri APMC,Potato,Haryana,Bhiwani,Ch. Dadri APMC,28.7931703,76.1391283,7.251414768503182,2.4993878384645614,1283.3997880313466,9,70,194,dense,medium
potato,Potato||Haryana||Faridabad||Ballabhgarh APMC,Potato,Haryana,Faridabad,Ballabhgarh APMC,28.4031478,77.3105561,23.727364923850374,15.641512287797138,1080.152532263982,31,68,189,dense,high
potato,Potato||Haryana||Fatehabad||Fatehabad APMC,Potato,Haryana,Fatehabad,Fatehabad APMC,29.5359209,75.5752901,13.76807473776209,5.570654350530814,1212.8193091920132,14,67,186,dense,medium
potato,Potato||Haryana||Fatehabad||Jakhal APMC,Potato,Haryana,Fatehabad,Jakhal APMC,29.5359209,75.5752901,0.4449081485640942,0.2809728775589012,1097.3947341191922,14,67,186,dense,low
potato,Potato||Haryana||Fatehabad||Ratia APMC,Potato,Haryana,Fatehabad,Ratia APMC,29.535920899999997,75.5752901,7.002865896402249,2.8915497532663936,1041.2814058014008,14,67,186,dense,medium
potato,Potato||Haryana||Fatehabad||Tohana(New Veg Market) APMC,Potato,Haryana,Fatehabad,Tohana(New Veg Market) APMC,29.5359209,75.5752901,7.13025977682725,3.2393308748479264,1401.5090978002372,14,67,186,dense,medium
potato,Potato||Haryana||Gurgaon||Farukh Nagar APMC,Potato,Haryana,Gurgaon,Farukh Nagar APMC,28.4646148,77.0299194,3.1006026444460275,1.7868720123790847,1277.904644025343,34,70,201,dense,medium
potato,Potato||Haryana||Gurgaon||Gurgaon APMC,Potato,Haryana,Gurgaon,Gurgaon APMC,28.4646148,77.0299194,179.09795154503317,37.46122604840918,1118.8349688791175,34,70,201,dense,high
potato,Potato||Haryana||Gurgaon||Pataudi APMC,Potato,Haryana,Gurgaon,Pataudi APMC,28.4646148,77.0299194,6.021373428962175,3.5155488503754597,1065.0293549024068,34,70,201,dense,medium
potato,Potato||Haryana||Gurgaon||Sohna APMC,Potato,Haryana,Gurgaon,Sohna APMC,28.4646148,77.0299194,6.101993835355308,2.448398075016961,1375.008658820578,34,70,201,dense,medium
potato,Potato||Haryana||Hissar||Barwala(Hisar) APMC,Potato,Haryana,Hissar,Barwala(Hisar) APMC,29.7170335,76.3591737,6.1167618121364695,3.025277677177696,1287.1510155892115,28,94,209,dense,medium
potato,Potato||Haryana||Hissar||Hansi APMC,Potato,Haryana,Hissar,Hansi APMC,29.7170335,76.3591737,24.4071994973231,9.444326079000797,1299.346177899627,28,94,209,dense,high
potato,Potato||Haryana||Hissar||Hissar APMC,Potato,Haryana,Hissar,Hissar APMC,29.717033499999996,76.3591737,37.654712184647664,12.087243975191228,1744.0268808624855,28,94,209,dense,high
potato,Potato||Haryana||Hissar||Uklana APMC,Potato,Haryana,Hissar,Uklana APMC,29.8258374,76.4242968,0.4884963281266814,0.24525434350602757,1358.724462706244,32,90,210,dense,low
potato,Potato||Haryana||Jhajar||Bahadurgarh APMC,Potato,Haryana,Jhajar,Bahadurgarh APMC,29.0,76.0,38.01569046595366,14.913274002201716,899.8126431720979,13,68,188,dense,high
potato,Potato||Haryana||Jhajar||Jhajjar APMC,Potato,Haryana,Jhajar,Jhajjar APMC,29.0,76.0,13.543848414549794,28.257455584727357,1469.188363055482,13,68,188,dense,medium
potato,Potato||Haryana||Jind||Jind APMC,Potato,Haryana,Jind,Jind APMC,29.315207300000004,76.314082,18.56536190785674,4.588087937961757,1643.2135564407927,22,83,208,dense,medium
potato,Potato||Haryana||Jind||Narwana APMC,Potato,Haryana,Jind,Narwana APMC,29.3152073,76.314082,6.534082292103997,3.2167316061586555,1156.7534394963764,22,83,208,dense,medium
potato,Potato||Haryana||Jind||Safidon APMC,Potato,Haryana,Jind,Safidon APMC,29.3152073,76.314082,5.429496578599177,3.277187116111223,1177.6708625667886,22,83,208,dense,medium
potato,Potato||Haryana||Kaithal||Cheeka APMC,Potato,Haryana,Kaithal,Cheeka APMC,29.7996588,76.3989903,18.1495193290589,67.60692001271606,1099.2481077806096,32,90,210,dense,medium
potato,Potato||Haryana||Kaithal||Dhand APMC,Potato,Haryana,Kaithal,Dhand APMC,29.799658799999996,76.3989903,0.8858638185516057,0.2919492643562412,1302.3526892081393,32,90,210,dense,low
potato,Potato||Haryana||Kaithal||Pundri APMC,Potato,Haryana,Kaithal,Pundri APMC,29.7996588,76.3989903,5.02908572573344,13.308491872382875,1483.7314078201448,32,90,210,dense,medium
potato,Potato||Haryana||Kaithal||Siwan APMC,Potato,Haryana,Kaithal,Siwan APMC,29.7996588,76.3989903,1.4095419646707292,1.4248574772498692,1271.07721363459,32,90,210,dense,low
potato,Potato||Haryana||Karnal||Gharaunda APMC,Potato,Haryana,Karnal,Gharaunda APMC,29.725576599999997,76.9106924,1.7055692821305284,1.0129482943975168,1560.9864317454176,36,96,220,dense,low
potato,"Potato||Haryana||Karnal||New Grain Market(main), Karnal APMC",Potato,Haryana,Karnal,"New Grain Market(main), Karnal APMC",29.7255766,76.9106924,77.02023821781542,31.826401935600828,1194.9384477279073,36,96,220,dense,high
potato,Potato||Haryana||Kurukshetra||Ladwa APMC,Potato,Haryana,Kurukshetra,Ladwa APMC,29.9693747,76.8482787,1.7946505476233583,5.400001612752596,1201.1777175169443,37,88,212,dense,low
potato,Potato||Haryana||Kurukshetra||Pehowa APMC,Potato,Haryana,Kurukshetra,Pehowa APMC,29.969374699999996,76.8482787,0.8412585313495415,1.154889710928346,948.9258473788215,37,88,212,dense,low
potato,Potato||Haryana||Kurukshetra||Shahabad APMC,Potato,Haryana,Kurukshetra,Shahabad APMC,29.9693747,76.8482787,162.7616207217654,478.64743204816665,920.0218343602855,37,88,212,dense,high
potato,Potato||Haryana||Kurukshetra||Thanesar APMC,Potato,Haryana,Kurukshetra,Thanesar APMC,29.9693747,76.8482787,19.660969803963777,13.129379235026963,1437.0997908527897,37,88,212,dense,medium
potato,Potato||Haryana||Mahendragarh-Narnaul||Mohindergarh APMC,Potato,Haryana,Mahendragarh-Narnaul,Mohindergarh APMC,28.0530574,76.1136303,7.920334716151969,5.370697472598767,1053.0310945013714,4,36,164,dense,medium
potato,Potato||Haryana||Mahendragarh-Narnaul||Narnaul APMC,Potato,Haryana,Mahendragarh-Narnaul,Narnaul APMC,28.053057399999997,76.1136303,4.377407205629522,1.6165912726826253,1331.9126367321696,4,36,164,dense,medium
potato,Potato||Haryana||Mewat||Nuh APMC,Potato,Haryana,Mewat,Nuh APMC,27.993517700000005,77.0419634,2.880043061415953,1.4844034169330027,877.3369031101386,13,54,166,dense,medium
potato,Potato||Haryana||Mewat||Punhana APMC,Potato,Haryana,Mewat,Punhana APMC,27.993517700000005,77.0419634,3.1806292982941278,1.7640952000699457,1253.7896713142038,13,54,166,dense,medium
potato,Potato||Haryana||Mewat||Tauru APMC,Potato,Haryana,Mewat,Tauru APMC,27.9935177,77.0419634,4.4408007363047375,2.2778438373778034,1353.0458810493187,13,54,166,dense,medium
potato,Potato||Haryana||Panchkula||Barwala APMC,Potato,Haryana,Panchkula,Barwala APMC,30.6975401,76.8551066,45.11348530637931,20.722805328557435,852.3837254229309,19,84,190,dense,high
potato,"Potato||Haryana||Panchkula||New Grain Market , Panchkula APMC",Potato,Haryana,Panchkula,"New Grain Market , Panchkula APMC",30.6975401,76.8551066,1.0,0.0,2512.0843168153083,19,84,190,dense,low
potato,Potato||Haryana||Panchkula||Panchkul(Kalka) APMC,Potato,Haryana,Panchkula,Panchkul(Kalka) APMC,30.6975401,76.8551066,1.0,0.0,2504.7563537160854,19,84,190,dense,low
potato,Potato||Haryana||Panchkula||Raipur Rai APMC,Potato,Haryana,Panchkula,Raipur Rai APMC,30.6975401,76.8551066,0.4713738261694595,1.4603565013342639,792.0987502463373,19,84,190,dense,low
potato,Potato||Haryana||Panipat||Madlauda APMC,Potato,Haryana,Panipat,Madlauda APMC,29.3912753,76.9771675,0.6553201001190353,0.31983902760050026,1145.207314761287,33,102,216,dense,low
potato,Potato||Haryana||Panipat||Panipat APMC,Potato,Haryana,Panipat,Panipat APMC,29.3912753,76.9771675,79.49485176320928,40.30534619002843,939.2019015155488,33,102,216,dense,high
potato,Potato||Haryana||Panipat||Samalkha APMC,Potato,Haryana,Panipat,Samalkha APMC,29.3912753,76.9771675,8.36992007073932,20.009239035165646,973.4086770315603,33,102,216,dense,medium
potato,Potato||Haryana||Rewari||Kosli APMC,Potato,Haryana,Rewari,Kosli APMC,28.1956468,76.6165179,0.24303255942726393,0.11665587659983673,1482.3788715705975,11,51,182,dense,low
potato,Potato||Haryana||Rewari||Rewari APMC,Potato,Haryana,Rewari,Rewari APMC,28.1956468,76.6165179,10.92429998649149,9.182140659388327,1379.7342643521336,11,51,182,dense,medium
potato,Potato||Haryana||Rohtak||Meham APMC,Potato,Haryana,Rohtak,Meham APMC,28.9010899,76.5801935,1.1789880638480235,0.7970044491200874,1161.1194764521347,24,75,203,dense,low
potato,Potato||Haryana||Rohtak||Rohtak APMC,Potato,Haryana,Rohtak,Rohtak APMC,28.901089899999995,76.5801935,29.24732945615389,17.718614298389813,859.3554413921493,24,75,203,dense,high
potato,Potato||Haryana||Rohtak||Sampla APMC,Potato,Haryana,Rohtak,Sampla APMC,28.901089899999995,76.5801935,3.582954489900528,2.380141991112602,1865.5567276429986,24,75,203,dense,medium
potato,Potato||Haryana||Sirsa||Dabwali APMC,Potato,Haryana,Sirsa,Dabwali APMC,29.6063041,74.9036568,7.738860068671063,6.988429573437996,958.1321440460811,21,49,169,dense,medium
potato,Potato||Haryana||Sirsa||Rania APMC,Potato,Haryana,Sirsa,Rania APMC,29.606304099999996,74.9036568,0.20686067363150454,0.07353502118691714,1616.4270159373987,21,49,169,dense,low
potato,Potato||Haryana||Sirsa||Sirsa APMC,Potato,Haryana,Sirsa,Sirsa APMC,29.6063041,74.9036568,23.859619781121523,10.698612469668793,1046.3974831729925,21,49,169,dense,high
potato,Potato||Haryana||Sonipat||Ganaur APMC,Potato,Haryana,Sonipat,Ganaur APMC,28.9953758,77.0233627,3.214879420193183,1.8358483212025676,1537.8668381690245,26,83,210,dense,medium
potato,Potato||Haryana||Sonipat||Gohana APMC,Potato,Haryana,Sonipat,Gohana APMC,28.995375799999998,77.0233627,14.541598377012077,3.9429386312659234,1134.3669851235566,26,83,210,dense,medium
potato,Potato||Haryana||Sonipat||Sonepat APMC,Potato,Haryana,Sonipat,Sonepat APMC,28.9953758,77.0233627,21.326266526333114,10.737115337112778,1502.364780608377,26,83,210,dense,high
potato,Potato||Haryana||Sonipat||Sonepat(Kharkhoda) APMC,Potato,Haryana,Sonipat,Sonepat(Kharkhoda) APMC,28.9953758,77.0233627,5.278205826844545,2.4779166941633863,1655.5209973773635,26,83,210,dense,medium
potato,Potato||Haryana||Yamuna Nagar||Chhachrauli APMC,Potato,Haryana,Yamuna Nagar,Chhachrauli APMC,30.138910800000005,77.301064,0.2958536668251162,0.17184477230475845,1204.4438475043967,25,71,203,dense,low
potato,Potato||Haryana||Yamuna Nagar||Jagadhri APMC,Potato,Haryana,Yamuna Nagar,Jagadhri APMC,30.138910799999998,77.301064,7.996633471889624,4.44003228854149,1100.9847092264417,25,71,203,dense,medium
potato,Potato||Haryana||Yamuna Nagar||Mustafabad APMC,Potato,Haryana,Yamuna Nagar,Mustafabad APMC,30.1389108,77.301064,1.150804632491346,5.240833189031605,1201.8583440209866,25,71,203,dense,low
potato,Potato||Haryana||Yamuna Nagar||Radaur APMC,Potato,Haryana,Yamuna Nagar,Radaur APMC,30.1389108,77.301064,26.50255218662843,5.901515628990227,1137.6278825317693,25,71,203,dense,high
potato,Potato||Haryana||Yamuna Nagar||Sadhaura APMC,Potato,Haryana,Yamuna Nagar,Sadhaura APMC,30.138910799999998,77.301064,2.4644054932812915,2.438207993406364,1076.8653214872343,25,71,203,dense,low
potato,Potato||Himachal Pradesh||Bilaspur||PMY Bilaspur,Potato,Himachal Pradesh,Bilaspur,PMY Bilaspur,31.3380959,76.7611631,2.6905078378732954,0.49456510307619145,1707.3370415448478,16,56,161,dense,low
potato,Potato||Himachal Pradesh||Chamba||PMY Chamba,Potato,Himachal Pradesh,Chamba,PMY Chamba,32.6923316,76.1631552,2.3630812327911417,1.4117727102543394,1545.812324872372,6,27,83,sparse,low
potato,Potato||Himachal Pradesh||Hamirpur||PMY Hamirpur,Potato,Himachal Pradesh,Hamirpur,PMY Hamirpur,31.6539866,76.5403633,2.3850987088929685,1.1877001093627721,1773.2682746592445,19,55,139,dense,low
potato,Potato||Himachal Pradesh||Hamirpur||SMY Nadaun,Potato,Himachal Pradesh,Hamirpur,SMY Nadaun,31.6539866,76.5403633,1.8640042121766038,0.5339940972729836,1883.2561178715303,19,55,139,dense,low
potato,Potato||Himachal Pradesh||Kangra||PMY Kangra,Potato,Himachal Pradesh,Kangra,PMY Kangra,32.0768665,76.2985872,2.0582315175075783,0.25143811584953824,1628.9788564418682,15,45,118,dense,low
potato,Potato||Himachal Pradesh||Kangra||SMY Baijnath,Potato,Himachal Pradesh,Kangra,SMY Baijnath,32.0768665,76.2985872,0.5676098920187539,0.16133222459758056,1898.1696804611822,15,45,118,dense,low
potato,Potato||Himachal Pradesh||Kangra||SMY Jaisinghpur,Potato,Himachal Pradesh,Kangra,SMY Jaisinghpur,32.0768665,76.2985872,0.22319381458221507,0.11770499328300274,1914.6410272525416,15,45,118,dense,low
potato,Potato||Himachal Pradesh||Kangra||SMY Jassur,Potato,Himachal Pradesh,Kangra,SMY Jassur,32.0768665,76.2985872,3.0967192265598587,0.8597172742156024,1656.7327863403916,15,45,118,dense,medium
potato,Potato||Himachal Pradesh||Kangra||SMY Palampur,Potato,Himachal Pradesh,Kangra,SMY Palampur,32.0768665,76.2985872,2.0375926302622305,0.472038083303363,1883.274664504733,15,45,118,dense,low
potato,Potato||Himachal Pradesh||Kullu||PMY Kullu,Potato,Himachal Pradesh,Kullu,PMY Kullu,31.957897400000004,77.1089232,2.177696156515465,2.084275397979322,1885.7165377337492,5,31,128,sparse,low
potato,Potato||Himachal Pradesh||Kullu||SMY Bhuntar,Potato,Himachal Pradesh,Kullu,SMY Bhuntar,31.9578974,77.1089232,1.849138747470177,0.9721105423303632,1868.6107288466242,5,31,128,sparse,low
potato,Potato||Himachal Pradesh||Mandi||SMY Dhanotu,Potato,Himachal Pradesh,Mandi,SMY Dhanotu,31.6516617,77.0092542,3.4082069122953427,1.3648963614526715,1477.0370481411728,8,45,143,dense,medium
potato,Potato||Himachal Pradesh||Mandi||SMY Takoli,Potato,Himachal Pradesh,Mandi,SMY Takoli,31.651661700000002,77.0092542,0.23810879210892566,0.12082819718018417,1494.9310205595327,8,45,143,dense,low
potato,Potato||Himachal Pradesh||Shimla||PMY Dhalli Shimla,Potato,Himachal Pradesh,Shimla,PMY Dhalli Shimla,31.1041526,77.1709729,12.089139232149542,1.3311594190432898,1903.8071631328621,13,56,177,dense,medium
potato,Potato||Himachal Pradesh||Solan||PMY Kather Solan,Potato,Himachal Pradesh,Solan,PMY Kather Solan,30.9077569,77.1023645,7.428581308838084,4.75834704311387,1460.7141181550946,15,66,181,dense,medium
potato,Potato||Himachal Pradesh||Una||PMY Una,Potato,Himachal Pradesh,Una,PMY Una,31.583464199999998,76.2351452,8.365826329425012,1.683030880112586,1361.6193409143498,23,59,139,dense,medium
potato,Potato||Jammu and Kashmir||Jammu||Akhnoor APMC,Potato,Jammu and Kashmir,Jammu,Akhnoor APMC,32.7185614,74.8580917,1.8872451704396398,0.5289648051378981,1701.4649694017228,4,13,74,sparse,low
potato,Potato||Jammu and Kashmir||Jammu||Narwal Jammu (F&V) APMC,Potato,Jammu and Kashmir,Jammu,Narwal Jammu (F&V) APMC,32.7185614,74.8580917,204.2255157891537,21.001398240681507,1428.8652431884168,4,13,74,sparse,high
potato,Potato||Jammu and Kashmir||Kathua||Kathua APMC,Potato,Jammu and Kashmir,Kathua,Kathua APMC,32.3765524,75.5243044,3.501676365541701,1.2555569515666436,1401.1947700967507,7,34,97,dense,medium
potato,Potato||Jammu and Kashmir||Ramban||Batote APMC,Potato,Jammu and Kashmir,Ramban,Batote APMC,33.2116371,75.2050989,3.6407384874751845,0.2937098162707473,1507.559685308716,3,8,51,sparse,medium
potato,Potato||Jammu and Kashmir||Udhampur||Udhampur APMC,Potato,Jammu and Kashmir,Udhampur,Udhampur APMC,32.9219726,75.1331482,6.792018385426739,0.6842264827640747,2092.774984955879,4,18,65,sparse,medium
potato,Potato||Karnataka||Bangalore||Bangalore APMC,Potato,Karnataka,Bangalore,Bangalore APMC,12.976793599999999,77.590082,1242.557488224456,537.5845494444558,2083.9769633818,5,9,54,sparse,high
potato,Potato||Karnataka||Belgaum||Belgaum APMC,Potato,Karnataka,Belgaum,Belgaum APMC,15.8572666,74.5069343,161.40695967813932,90.11741173298383,2158.9849315306906,1,3,10,sparse,high
potato,Potato||Karnataka||Chikmagalur||Chikkamagalore APMC,Potato,Karnataka,Chikmagalur,Chikkamagalore APMC,13.318014000000002,75.7738743,6.800182022501837,4.956049499159852,2109.016122429596,0,6,37,sparse,medium
potato,Potato||Karnataka||Davangere||Davangere APMC,Potato,Karnataka,Davangere,Davangere APMC,14.461887900000002,75.9314156,4.627267321769746,9.837902255388096,1782.1278991773765,0,3,14,sparse,medium
potato,Potato||Karnataka||Dharwad||Hubli (Amaragol) APMC,Potato,Karnataka,Dharwad,Hubli (Amaragol) APMC,15.3707296,75.1332867,130.05035537293668,66.80763635943592,1855.0505578209093,0,4,11,sparse,high
potato,Potato||Karnataka||Kalburgi||Kalburgi APMC,Potato,Karnataka,Kalburgi,Kalburgi APMC,17.3310003,76.8334228,9.059760354907864,13.557719206926032,1598.6171789549749,0,2,20,sparse,medium
potato,Potato||Karnataka||Kolar||Chintamani APMC,Potato,Karnataka,Kolar,Chintamani APMC,13.1805066,78.2669329,3.242755966412769,1.7029990422856942,2483.3109894006243,1,13,40,sparse,medium
potato,Potato||Karnataka||Kolar||Kolar APMC,Potato,Karnataka,Kolar,Kolar APMC,13.180506599999998,78.2669329,2.539886376296311,1.157090799307521,2074.23066366645,1,13,40,sparse,low
potato,Potato||Karnataka||Shimoga||Shimoga APMC,Potato,Karnataka,Shimoga,Shimoga APMC,14.055650300000002,75.2380553,4.482779583008191,2.3113431627431043,2509.3690914216363,1,4,12,sparse,medium
potato,Potato||Karnataka||Udupi||Udupi APMC,Potato,Karnataka,Udupi,Udupi APMC,13.526978399999999,74.8731879,4.835936305112622,4.603088674248383,1890.003680128277,1,5,13,sparse,medium
potato,Potato||Kerala||Alappuzha||Alappuzha APMC,Potato,Kerala,Alappuzha,Alappuzha APMC,9.5003416,76.4123364,1.8487169727748525,2.363548342730947,3419.2056350454427,27,42,70,dense,low
potato,Potato||Kerala||Alappuzha||Aroor APMC,Potato,Kerala,Alappuzha,Aroor APMC,9.5003416,76.4123364,0.43991911676711115,0.0415722289459594,3919.3256858546215,27,42,70,dense,low
potato,Potato||Kerala||Alappuzha||Chengannur APMC,Potato,Kerala,Alappuzha,Chengannur APMC,9.5003416,76.4123364,0.5933501919362115,0.28951071393315425,3500.083497940891,27,42,70,dense,low
potato,Potato||Kerala||Alappuzha||Cherthala APMC,Potato,Kerala,Alappuzha,Cherthala APMC,9.5003416,76.4123364,0.7726321868056966,0.4819600196328203,4251.856655728689,27,42,70,dense,low
potato,Potato||Kerala||Alappuzha||Kayamkulam APMC,Potato,Kerala,Alappuzha,Kayamkulam APMC,9.5003416,76.4123364,1.832036908839046,0.46682191680181745,2632.119981442927,27,42,70,dense,low
potato,Potato||Kerala||Alappuzha||Madhavapuram APMC,Potato,Kerala,Alappuzha,Madhavapuram APMC,9.5003416,76.4123364,2.0654542577732715,0.3849695982061288,3153.1993094994273,27,42,70,dense,low
potato,Potato||Kerala||Ernakulam||Aluva APMC,Potato,Kerala,Ernakulam,Aluva APMC,10.0383947,76.5074145,10.492789447513251,4.324133470001307,3311.087162894145,27,46,75,dense,medium
potato,Potato||Kerala||Ernakulam||Angamaly APMC,Potato,Kerala,Ernakulam,Angamaly APMC,10.0383947,76.5074145,1.2090831500976833,0.48601570508657754,3786.6376188120116,27,46,75,dense,low
potato,Potato||Kerala||Ernakulam||Broadway market APMC,Potato,Kerala,Ernakulam,Broadway market APMC,10.0383947,76.5074145,18.195485973893707,98.34428523331724,4616.4260306406395,27,46,75,dense,medium
potato,Potato||Kerala||Ernakulam||Ernakulam APMC,Potato,Kerala,Ernakulam,Ernakulam APMC,10.0383947,76.5074145,0.34517117565656924,0.034841053370816936,2962.0247519271566,27,46,75,dense,low
potato,Potato||Kerala||Ernakulam||Kothamangalam APMC,Potato,Kerala,Ernakulam,Kothamangalam APMC,10.0383947,76.5074145,1.3771473387328679,0.49050792076321553,3323.179155060331,27,46,75,dense,low
potato,Potato||Kerala||Ernakulam||North Paravur APMC,Potato,Kerala,Ernakulam,North Paravur APMC,10.0383947,76.5074145,1.0028146951252495,0.06304163543951949,4806.714286860952,27,46,75,dense,low
potato,Potato||Kerala||Ernakulam||Perumbavoor APMC,Potato,Kerala,Ernakulam,Perumbavoor APMC,10.0383947,76.5074145,3.5545064730296407,1.6561948376675673,3026.319722516584,27,46,75,dense,medium
potato,Potato||Kerala||Ernakulam||Piravam APMC,Potato,Kerala,Ernakulam,Piravam APMC,10.0383947,76.5074145,0.5588990490147517,0.07448010210916707,3933.086136146758,27,46,75,dense,low
potato,Potato||Kerala||Ernakulam||Thrippunithura APMC,Potato,Kerala,Ernakulam,Thrippunithura APMC,10.0383947,76.5074145,1.15197357899808,0.3687526634620814,4059.6326478849646,27,46,75,dense,low
potato,Potato||Kerala||Idukki||Kattappana APMC,Potato,Kerala,Idukki,Kattappana APMC,9.8154785,76.9991599,4.407811746129781,1.373863711129531,3014.017314589921,28,54,83,dense,medium
potato,Potato||Kerala||Idukki||Thodupuzha APMC,Potato,Kerala,Idukki,Thodupuzha APMC,9.8154785,76.9991599,5.061289171788159,1.81398829757042,3352.9117083557358,28,54,83,dense,medium
potato,Potato||Kerala||Idukki||Vandiperiyar APMC,Potato,Kerala,Idukki,Vandiperiyar APMC,9.8154785,76.9991599,20.388949065701873,157.13564509021677,3112.9093747694947,28,54,83,dense,medium
potato,Potato||Kerala||Kannur||Taliparamba APMC,Potato,Kerala,Kannur,Taliparamba APMC,11.8763836,75.3737973,0.06170100099027233,0.29060567636897655,3144.473781189775,1,11,62,sparse,low
potato,Potato||Kerala||Kannur||Thalasserry APMC,Potato,Kerala,Kannur,Thalasserry APMC,11.8763836,75.3737973,0.20052425043387703,0.007343371946019002,2723.378765316984,1,11,62,sparse,low
potato,Potato||Kerala||Kasargod||Kanjangadu APMC,Potato,Kerala,Kasargod,Kanjangadu APMC,12.4914722,74.9877613,0.9055694131333796,0.11441686656678064,2986.7611762587158,2,6,30,sparse,low
potato,Potato||Kerala||Kasargod||Manjeswaram APMC,Potato,Kerala,Kasargod,Manjeswaram APMC,12.4914722,74.9877613,19.413201096706818,6.9185610757070295,3060.503225152978,2,6,30,sparse,medium
potato,Potato||Kerala||Kasargod||Neeleswaram APMC,Potato,Kerala,Kasargod,Neeleswaram APMC,12.4914722,74.9877613,0.8978037060502875,0.10208861158946528,3415.1783510379732,2,6,30,sparse,low
potato,Potato||Kerala||Kollam||Anchal APMC,Potato,Kerala,Kollam,Anchal APMC,8.8870533,76.5906696,0.5620383123691892,1.6109155294080015,4178.620902812096,12,35,64,dense,low
potato,Potato||Kerala||Kollam||Chathanoor APMC,Potato,Kerala,Kollam,Chathanoor APMC,8.8870533,76.5906696,0.33158340058335595,0.043368253021798094,4283.412642268152,12,35,64,dense,low
potato,Potato||Kerala||Kollam||Kottarakkara APMC,Potato,Kerala,Kollam,Kottarakkara APMC,8.8870533,76.5906696,0.45090115776013706,0.1177914764118365,3662.2732850289035,12,35,64,dense,low
potato,Potato||Kerala||Kottayam||Athirampuzha APMC,Potato,Kerala,Kottayam,Athirampuzha APMC,9.6287383,76.6455326,1.0017184470211191,0.06411264906626704,3993.813265138209,24,49,73,dense,low
potato,Potato||Kerala||Kottayam||Ettumanoor APMC,Potato,Kerala,Kottayam,Ettumanoor APMC,9.6287383,76.6455326,0.9972179894610115,0.04618183568780458,3605.427490134856,24,49,73,dense,low
potato,Potato||Kerala||Kottayam||Kanjirappally APMC,Potato,Kerala,Kottayam,Kanjirappally APMC,9.6287383,76.6455326,0.8256764954943367,0.2659508563528804,4304.671186928794,24,49,73,dense,low
potato,Potato||Kerala||Kottayam||Kottayam APMC,Potato,Kerala,Kottayam,Kottayam APMC,9.6287383,76.6455326,2.965551541103231,0.303267261277516,3394.5399759198262,24,49,73,dense,medium
potato,Potato||Kerala||Kottayam||Pala APMC,Potato,Kerala,Kottayam,Pala APMC,9.6287383,76.6455326,2.990865013841982,0.10144730044765791,3772.5105256377233,24,49,73,dense,medium
potato,Potato||Kerala||Kottayam||Pampady APMC,Potato,Kerala,Kottayam,Pampady APMC,9.6287383,76.6455326,1.9528903253994874,0.193287670633582,3793.190591929698,24,49,73,dense,low
potato,Potato||Kerala||Kottayam||Thalayolaparambu APMC,Potato,Kerala,Kottayam,Thalayolaparambu APMC,9.6287383,76.6455326,0.6696923573231907,0.12085804910132755,3480.8800403070722,24,49,73,dense,low
potato,Potato||Kerala||Kozhikode(Calicut)||Kallachi APMC,Potato,Kerala,Kozhikode(Calicut),Kallachi APMC,11.2450558,75.7754716,0.4,0.0,3008.2283388974174,6,19,70,sparse,low
potato,Potato||Kerala||Kozhikode(Calicut)||Palayam APMC,Potato,Kerala,Kozhikode(Calicut),Palayam APMC,11.2450558,75.7754716,48.895084953567164,7.5631431995664675,2453.7484294874416,6,19,70,sparse,high
potato,Potato||Kerala||Malappuram||Kondotty APMC,Potato,Kerala,Malappuram,Kondotty APMC,11.1068448,76.1099551,0.28291382144281,0.6203330514226569,2895.9208583012532,11,31,81,sparse,low
potato,Potato||Kerala||Malappuram||Kottakkal APMC,Potato,Kerala,Malappuram,Kottakkal APMC,11.1068448,76.1099551,2.882473939596564,0.6710308582001322,3257.4426310200915,11,31,81,sparse,medium
potato,Potato||Kerala||Malappuram||Manjeri APMC,Potato,Kerala,Malappuram,Manjeri APMC,11.1068448,76.1099551,5.486330138749921,0.8152996822862035,2807.9761705079427,11,31,81,sparse,medium
potato,Potato||Kerala||Malappuram||Parappanangadi APMC,Potato,Kerala,Malappuram,Parappanangadi APMC,11.1068448,76.1099551,1.653624917709697,0.8725598301014665,2407.6432372704508,11,31,81,sparse,low
potato,Potato||Kerala||Malappuram||Perinthalmanna APMC,Potato,Kerala,Malappuram,Perinthalmanna APMC,11.1068448,76.1099551,3.1704774489941974,1.152746964737032,2409.4420593574023,11,31,81,sparse,medium
potato,Potato||Kerala||Palakad||Koduvayoor APMC,Potato,Kerala,Palakad,Koduvayoor APMC,10.7681928,76.6521319,35.28992942810553,9.118282871162224,3778.4462715249115,15,47,91,dense,high
potato,Potato||Kerala||Palakad||Palakkad APMC,Potato,Kerala,Palakad,Palakkad APMC,10.7681928,76.6521319,4.723938367083694,1.3808569073753623,3778.9271661792654,15,47,91,dense,medium
potato,Potato||Kerala||Palakad||Pattambi APMC,Potato,Kerala,Palakad,Pattambi APMC,10.7681928,76.6521319,0.26904625793651266,0.11201126630778448,3110.295416908485,15,47,91,dense,low
potato,Potato||Kerala||Palakad||Vadakkenchery APMC,Potato,Kerala,Palakad,Vadakkenchery APMC,10.7681928,76.6521319,0.33204194569211465,1.0761363838264888,4379.3763673417825,15,47,91,dense,low
potato,Potato||Kerala||Thirssur||Chelakkara APMC,Potato,Kerala,Thirssur,Chelakkara APMC,10.3528744,76.5120396,0.22589703667998998,0.18757767757500815,3259.66676750349,15,44,86,dense,low
potato,Potato||Kerala||Thirssur||Thrissur APMC,Potato,Kerala,Thirssur,Thrissur APMC,10.3528744,76.5120396,7.325330077322496,4.677997554130673,3124.595186965586,15,44,86,dense,medium
potato,Potato||Kerala||Thirssur||Wadakkanchery APMC,Potato,Kerala,Thirssur,Wadakkanchery APMC,10.3528744,76.5120396,0.6104120599991343,2.463572655320667,3721.6102071898363,15,44,86,dense,low
potato,Potato||Kerala||Thiruvananthapuram||Aralamoodu APMC,Potato,Kerala,Thiruvananthapuram,Aralamoodu APMC,8.4882267,76.947551,0.5947939054207549,0.21625078867134123,3921.0069622592323,6,24,56,sparse,low
potato,Potato||Kerala||Thiruvananthapuram||Chala APMC,Potato,Kerala,Thiruvananthapuram,Chala APMC,8.4882267,76.947551,3.6915971703155006,0.6662141444985324,3527.1773391832785,6,24,56,sparse,medium
potato,Potato||Kerala||Thiruvananthapuram||Pothencode APMC,Potato,Kerala,Thiruvananthapuram,Pothencode APMC,8.4882267,76.947551,0.5394282737339358,0.10720118394845242,19773.258173842238,6,24,56,sparse,low
potato,Potato||Kerala||Thiruvananthapuram||Vamanapuram APMC,Potato,Kerala,Thiruvananthapuram,Vamanapuram APMC,8.4882267,76.947551,0.08104610913828468,0.06590853743153396,3506.198491605003,6,24,56,sparse,low
potato,Potato||Madhya Pradesh||Bhopal||Bhopal(F&V) APMC,Potato,Madhya Pradesh,Bhopal,Bhopal(F&V) APMC,23.2584857,77.401989,66.10715376129981,46.40530006570428,717.5185153972751,3,9,41,sparse,high
potato,Potato||Madhya Pradesh||Chhindwara||Chhindwara(F&V) APMC,Potato,Madhya Pradesh,Chhindwara,Chhindwara(F&V) APMC,22.2071897,78.798833,4.697303111591557,5.912275486204595,1042.0866618816556,0,4,19,sparse,medium
potato,Potato||Madhya Pradesh||Dewas||Dewas(F&V) APMC,Potato,Madhya Pradesh,Dewas,Dewas(F&V) APMC,22.8057498,76.2940408,3.155226380835509,2.600740963062079,637.2347653754322,7,22,34,sparse,medium
potato,Potato||Madhya Pradesh||Dewas||Haatpipliya APMC,Potato,Madhya Pradesh,Dewas,Haatpipliya APMC,22.8057498,76.2940408,0.2368961201042504,0.07628516946009517,1258.8051494527722,7,22,34,sparse,low
potato,Potato||Madhya Pradesh||Dhar||Dhamnod APMC,Potato,Madhya Pradesh,Dhar,Dhamnod APMC,22.5786572,75.2258637,2.948361063021161,0.9681389028099843,942.6276034573951,9,17,45,sparse,medium
potato,Potato||Madhya Pradesh||Dhar||Kukshi APMC,Potato,Madhya Pradesh,Dhar,Kukshi APMC,22.5786572,75.2258637,1.7210625208095647,2.6051307200364815,1043.496941966219,9,17,45,sparse,low
potato,Potato||Madhya Pradesh||Dhar||Manawar APMC,Potato,Madhya Pradesh,Dhar,Manawar APMC,22.5786572,75.2258637,0.9704502217486038,0.30128862659034317,1274.1276044774825,9,17,45,sparse,low
potato,Potato||Madhya Pradesh||Dhar||Rajgarh APMC,Potato,Madhya Pradesh,Dhar,Rajgarh APMC,22.5786572,75.2258637,0.8048905226756183,0.45002706307359663,925.2366178430219,9,17,45,sparse,low
potato,Potato||Madhya Pradesh||Gwalior||Lashkar(F&V) APMC,Potato,Madhya Pradesh,Gwalior,Lashkar(F&V) APMC,26.2037247,78.1573628,65.92578745089446,48.98588552871442,1052.7577334181574,3,30,144,sparse,high
potato,Potato||Madhya Pradesh||Harda||Harda(F&V) APMC,Potato,Madhya Pradesh,Harda,Harda(F&V) APMC,22.2427973,77.1179173,2.096887494063885,0.5849524632521023,982.3018757973146,2,14,33,sparse,low
potato,Potato||Madhya Pradesh||Harda||Timarni APMC,Potato,Madhya Pradesh,Harda,Timarni APMC,22.2427973,77.1179173,0.09254294813030714,0.09333723920360322,1165.5094148121764,2,14,33,sparse,low
potato,Potato||Madhya Pradesh||Hoshangabad||Hoshangabad APMC,Potato,Madhya Pradesh,Hoshangabad,Hoshangabad APMC,22.7545538,77.7198249,2.7095918378324186,0.5973711883721514,1186.035603075364,2,9,33,sparse,medium
potato,Potato||Madhya Pradesh||Hoshangabad||Pipariya APMC,Potato,Madhya Pradesh,Hoshangabad,Pipariya APMC,22.7545538,77.7198249,4.696481756329759,2.493494329434681,1005.345299811236,2,9,33,sparse,medium
potato,Potato||Madhya Pradesh||Indore||Indore APMC,Potato,Madhya Pradesh,Indore,Indore APMC,22.7203616,75.8681996,209.7758994669928,364.3298486117712,1876.798915194509,11,19,39,sparse,high
potato,Potato||Madhya Pradesh||Indore||Indore(F&V) APMC,Potato,Madhya Pradesh,Indore,Indore(F&V) APMC,22.7203616,75.8681996,354.76980621207264,369.1908180720718,861.7912864740464,11,19,39,sparse,high
potato,Potato||Madhya Pradesh||Indore||Mhow APMC,Potato,Madhya Pradesh,Indore,Mhow APMC,22.7203616,75.8681996,16.32142279874378,35.23685351896402,937.9794671040528,11,19,39,sparse,medium
potato,Potato||Madhya Pradesh||Indore||Sanwer APMC,Potato,Madhya Pradesh,Indore,Sanwer APMC,22.7203616,75.8681996,0.19854700524105406,0.11667568307128272,1359.1055589099244,11,19,39,sparse,low
potato,Potato||Madhya Pradesh||Jabalpur||Jabalpur(F&V) APMC,Potato,Madhya Pradesh,Jabalpur,Jabalpur(F&V) APMC,23.1701522,79.9324505,41.273244698282575,16.734808533709256,1365.832573220934,0,1,26,sparse,high
potato,Potato||Madhya Pradesh||Jhabua||Petlawad APMC,Potato,Madhya Pradesh,Jhabua,Petlawad APMC,22.8869652,74.7243249,0.3788328692038728,0.19363285542909145,1325.0291565944,6,15,44,sparse,low
potato,Potato||Madhya Pradesh||Jhabua||Thandla APMC,Potato,Madhya Pradesh,Jhabua,Thandla APMC,22.8869652,74.7243249,1.0306883968314215,1.5389438508300322,1368.6132425850487,6,15,44,sparse,low
potato,Potato||Madhya Pradesh||Khandwa||Khandwa(F&V) APMC,Potato,Madhya Pradesh,Khandwa,Khandwa(F&V) APMC,21.9769779,76.5675344,10.693380496530295,6.485865301950572,803.9128091545882,2,14,35,sparse,medium
potato,Potato||Madhya Pradesh||Khargone||Badwaha APMC,Potato,Madhya Pradesh,Khargone,Badwaha APMC,21.9544729,75.7521248,0.873537979178564,0.399744574884127,1108.5781051456354,2,21,37,sparse,low
potato,Potato||Madhya Pradesh||Khargone||Khargone APMC,Potato,Madhya Pradesh,Khargone,Khargone APMC,21.9544729,75.7521248,2.5529230722690057,1.645294150382054,944.1578337691188,2,21,37,sparse,low
potato,Potato||Madhya Pradesh||Khargone||Sanawad APMC,Potato,Madhya Pradesh,Khargone,Sanawad APMC,21.9544729,75.7521248,11.274041877901857,5.516525700491971,1364.9428900381404,2,21,37,sparse,medium
potato,Potato||Madhya Pradesh||Mandsaur||Mandsaur(F&V) APMC,Potato,Madhya Pradesh,Mandsaur,Mandsaur(F&V) APMC,24.2628148,75.385692,4.99162816022914,5.989034294459068,1058.404705666905,0,5,41,sparse,medium
potato,Potato||Madhya Pradesh||Morena||Morena APMC,Potato,Madhya Pradesh,Morena,Morena APMC,26.3849794,77.8612721,33.68516212124559,39.475117739513664,783.2344140992451,3,28,124,sparse,high
potato,Potato||Madhya Pradesh||Morena||Porsa APMC,Potato,Madhya Pradesh,Morena,Porsa APMC,26.3849794,77.8612721,16.91716597591481,18.289991142347553,871.0379473920801,3,28,124,sparse,medium
potato,Potato||Madhya Pradesh||Morena||Porsa(F&V) APMC,Potato,Madhya Pradesh,Morena,Porsa(F&V) APMC,26.3849794,77.8612721,15.412241381305995,14.021071898832377,557.4818091674217,3,28,124,sparse,medium
potato,Potato||Madhya Pradesh||Rajgarh||Biaora APMC,Potato,Madhya Pradesh,Rajgarh,Biaora APMC,23.8716707,76.7744703,1.8518842079264195,1.2742841212196332,1003.5527016958961,1,9,42,sparse,low
potato,Potato||Madhya Pradesh||Rajgarh||Narsinghgarh APMC,Potato,Madhya Pradesh,Rajgarh,Narsinghgarh APMC,23.871670700000003,76.7744703,4.021867061969467,2.104220348527041,662.755863205487,1,9,42,sparse,medium
potato,Potato||Madhya Pradesh||Sagar||Sagar(F&V) APMC,Potato,Madhya Pradesh,Sagar,Sagar(F&V) APMC,23.8083076,78.758254,11.515035058287316,12.733898801659254,962.6478409989354,0,3,35,sparse,medium
potato,Potato||Madhya Pradesh||Shivpuri||Shivpuri(F&V) APMC,Potato,Madhya Pradesh,Shivpuri,Shivpuri(F&V) APMC,25.3741216,77.8278866,1.1423019397021832,0.22057111371582175,1059.3660733640243,0,13,70,sparse,low
potato,Potato||Madhya Pradesh||Singroli||Singroli APMC,Potato,Madhya Pradesh,Singroli,Singroli APMC,23.8143419,77.5340719,5.762935130122022,4.876300328737839,1218.8777553559057,1,7,43,sparse,medium
potato,Potato||Madhya Pradesh||Ujjain||Ujjain APMC,Potato,Madhya Pradesh,Ujjain,Ujjain APMC,23.1885131,75.7716562,119.02319334597321,149.5781159963578,1820.6445442767852,7,19,40,sparse,high
potato,Potato||Madhya Pradesh||Ujjain||Ujjain(F&V) APMC,Potato,Madhya Pradesh,Ujjain,Ujjain(F&V) APMC,23.1885131,75.7716562,208.35559281152027,249.18847756371767,836.8316196048648,7,19,40,sparse,high
potato,Potato||Maharashtra||Ahmednagar||Rahata APMC,Potato,Maharashtra,Ahmednagar,Rahata APMC,19.1627725,74.8580243,15.78510216080811,5.188303470466714,1866.4429458056486,2,8,20,sparse,medium
potato,Potato||Maharashtra||Ahmednagar||Rahuri APMC,Potato,Maharashtra,Ahmednagar,Rahuri APMC,19.1627725,74.8580243,6.378576548086248,2.1501531039760726,1533.2224768690357,2,8,20,sparse,medium
potato,Potato||Maharashtra||Ahmednagar||Shrirampur APMC,Potato,Maharashtra,Ahmednagar,Shrirampur APMC,19.1627725,74.8580243,13.528723016628916,6.376838654428386,1769.4557189260609,2,8,20,sparse,medium
potato,Potato||Maharashtra||Akola||Akola APMC,Potato,Maharashtra,Akola,Akola APMC,20.7618123,77.1921157,109.90307168106938,49.20176181747608,2121.0253408524195,0,1,26,sparse,high
potato,Potato||Maharashtra||Amarawati||Amrawati(Frui & Veg. Market) APMC,Potato,Maharashtra,Amarawati,Amrawati(Frui & Veg. Market) APMC,19.5670323,76.4164557,73.71802269229204,20.01413403315722,1419.052624717263,1,1,20,sparse,high
potato,Potato||Maharashtra||Chattrapati Sambhajinagar||Chattrapati Sambhajinagar APMC,Potato,Maharashtra,Chattrapati Sambhajinagar,Chattrapati Sambhajinagar APMC,19.5670323,76.4164557,84.6898893368019,33.32442834277163,1414.2448523842029,1,1,20,sparse,high
potato,Potato||Maharashtra||Jalgaon||Bhusaval APMC,Potato,Maharashtra,Jalgaon,Bhusaval APMC,20.8428827,75.5261246,5.541268906138976,3.135882746288739,1816.5405932214621,1,4,35,sparse,medium
potato,Potato||Maharashtra||Jalgaon||Jalgaon APMC,Potato,Maharashtra,Jalgaon,Jalgaon APMC,20.8428827,75.5261246,26.323662910996624,8.449880442408343,1510.7701657228906,1,4,35,sparse,high
potato,Potato||Maharashtra||Mumbai||Vashi New Mumbai APMC,Potato,Maharashtra,Mumbai,Vashi New Mumbai APMC,19.054999,72.8692035,1059.5385980853825,255.5544531980502,1606.0048964379566,0,6,15,sparse,high
potato,Potato||Maharashtra||Nagpur||Kamthi APMC,Potato,Maharashtra,Nagpur,Kamthi APMC,21.1498134,79.0820556,1.710085157727008,1.0057123608473826,2078.6467723413766,1,2,13,sparse,low
potato,Potato||Maharashtra||Nagpur||Nagpur APMC,Potato,Maharashtra,Nagpur,Nagpur APMC,21.1498134,79.0820556,266.0560486192269,142.23550156375023,1244.8670229533836,1,2,13,sparse,high
potato,Potato||Maharashtra||Nashik||Nasik APMC,Potato,Maharashtra,Nashik,Nasik APMC,20.0112475,73.7902364,154.77850333767293,46.57951887785795,1735.6569761684414,0,6,25,sparse,high
potato,Potato||Maharashtra||Pune||Khed(Chakan) APMC,Potato,Maharashtra,Pune,Khed(Chakan) APMC,18.5213738,73.8545071,148.93670656096089,70.82151403733262,1800.350006444599,4,9,17,sparse,high
potato,Potato||Maharashtra||Pune||Pune APMC,Potato,Maharashtra,Pune,Pune APMC,18.5213738,73.8545071,653.1028481385003,193.3669091243962,1900.4559329065462,4,9,17,sparse,high
potato,Potato||Maharashtra||Pune||Pune(Khadiki) APMC,Potato,Maharashtra,Pune,Pune(Khadiki) APMC,18.5213738,73.8545071,1.0995908929914369,6.47054790701294,1563.8929453628666,4,9,17,sparse,low
potato,Potato||Maharashtra||Pune||Pune(Manjri) APMC,Potato,Maharashtra,Pune,Pune(Manjri) APMC,18.5213738,73.8545071,1.9384953002682705,0.9721226700450543,1920.4343701856149,4,9,17,sparse,low
potato,Potato||Maharashtra||Pune||Pune(Moshi) APMC,Potato,Maharashtra,Pune,Pune(Moshi) APMC,18.5213738,73.8545071,65.70723917937227,36.280548741937196,1405.592771432743,4,9,17,sparse,high
potato,"Potato||Maharashtra||Sangli||Sangli(Phale, Bhajipura Market) APMC",Potato,Maharashtra,Sangli,"Sangli(Phale, Bhajipura Market) APMC",17.1726928,74.5867654,95.7782841047526,91.57416015795822,1738.5418257318615,1,3,16,sparse,high
potato,Potato||Maharashtra||Satara||Satara APMC,Potato,Maharashtra,Satara,Satara APMC,17.6361289,74.2982781,23.902011914787703,15.542317108485001,1870.51178095011,1,6,17,sparse,high
potato,Potato||Maharashtra||Sholapur||Akluj APMC,Potato,Maharashtra,Sholapur,Akluj APMC,17.6699734,75.9008118,14.3168893523057,34.099388019687,1890.7436790871059,1,3,23,sparse,medium
potato,Potato||Maharashtra||Sholapur||Solapur APMC,Potato,Maharashtra,Sholapur,Solapur APMC,17.6799325,75.927467,66.9428001288667,28.584538119026607,1519.1694939533922,1,2,23,sparse,high
potato,Potato||Meghalaya||West Garo Hills||Tura APMC,Potato,Meghalaya,West Garo Hills,Tura APMC,25.6065343,90.2038335,1.7877241731906575,0.8449001969949607,1805.4976937283573,0,10,58,sparse,low
potato,Potato||NCT of Delhi||Delhi||Azadpur APMC,Potato,NCT of Delhi,Delhi,Azadpur APMC,28.6333255,77.2244838,1059.38688711273,509.57692714392834,1285.8927441829383,33,75,199,dense,high
potato,Potato||NCT of Delhi||Delhi||Shahdara APMC,Potato,NCT of Delhi,Delhi,Shahdara APMC,28.6333255,77.2244838,537.9826027251662,252.37832748232046,1311.9123341376974,33,75,199,dense,high
potato,Potato||Nagaland||Kohima||Jalukie APMC,Potato,Nagaland,Kohima,Jalukie APMC,25.6618755,94.1019156,2.6200357515877024,1.8059886785601886,7285.199168570697,1,2,10,sparse,low
potato,Potato||Nagaland||Kohima||Kohima APMC,Potato,Nagaland,Kohima,Kohima APMC,25.6618755,94.10191559999998,0.9294837649331469,1.4755690532820862,3551.755368672989,1,2,10,sparse,low
potato,Potato||Nagaland||Mokokchung||Mokokchung Town APMC,Potato,Nagaland,Mokokchung,Mokokchung Town APMC,26.4795861,94.5105275,1.0750820098143685,1.388290868946801,3260.879101483353,0,2,2,sparse,low
potato,Potato||Odisha||Balasore||Jaleswar APMC,Potato,Odisha,Balasore,Jaleswar APMC,21.5006421,86.919884,29.943215495644584,9.452387935897939,1711.6453780393113,2,17,57,sparse,high
potato,Potato||Odisha||Balasore||Nilagiri APMC,Potato,Odisha,Balasore,Nilagiri APMC,21.5006421,86.919884,3.7960516462280176,0.4728941781806039,1106.8055986592099,2,17,57,sparse,medium
potato,Potato||Odisha||Bargarh||Bargarh APMC,Potato,Odisha,Bargarh,Bargarh APMC,21.2319922,83.5652737,6.47953009048841,28.56088700957271,2341.5225999274217,4,12,24,sparse,medium
potato,Potato||Odisha||Bargarh||Bargarh(Barapalli) APMC,Potato,Odisha,Bargarh,Bargarh(Barapalli) APMC,21.2319922,83.5652737,19.73458374461864,4.732483529089334,2436.9806785774194,4,12,24,sparse,medium
potato,Potato||Odisha||Bhadrak||Chandabali APMC,Potato,Odisha,Bhadrak,Chandabali APMC,20.9854052,86.5934226,39.50563177801824,21.27646631035933,1860.517590029839,7,14,48,sparse,high
potato,Potato||Odisha||Bolangir||Bolangir APMC,Potato,Odisha,Bolangir,Bolangir APMC,20.7502257,83.2499464,6.027032797474737,0.7745524394513468,2054.8172950136814,3,9,23,sparse,medium
potato,Potato||Odisha||Boudh||Boudh APMC,Potato,Odisha,Boudh,Boudh APMC,20.6407463,83.9969704,0.1,0.0,1957.885559719583,3,10,29,sparse,low
potato,Potato||Odisha||Dhenkanal||Hindol APMC,Potato,Odisha,Dhenkanal,Hindol APMC,20.8351494,85.6022305,3.5625698275478244,1.1416145732305754,2130.897174140723,4,14,37,sparse,medium
potato,Potato||Odisha||Dhenkanal||Kamakhyanagar APMC,Potato,Odisha,Dhenkanal,Kamakhyanagar APMC,20.8351494,85.6022305,5.120860810168657,3.112942995651558,2387.205616044939,4,14,37,sparse,medium
potato,Potato||Odisha||Ganjam||Hinjilicut APMC,Potato,Odisha,Ganjam,Hinjilicut APMC,19.6090068,84.7080633,51.3524279151596,20.09535415808206,2191.56226105687,0,5,26,sparse,high
potato,Potato||Odisha||Jagatsinghpur||Jagatsinghpur APMC,Potato,Odisha,Jagatsinghpur,Jagatsinghpur APMC,20.2593872,86.1660878,35.799436265183516,14.794571859378882,1596.359357919699,6,9,31,sparse,high
potato,Potato||Odisha||Jharsuguda||Jharsuguda APMC,Potato,Odisha,Jharsuguda,Jharsuguda APMC,21.8019368,83.9713964,1.985423000707928,0.8989624770340325,2477.314415577968,2,8,29,sparse,low
potato,Potato||Odisha||Kendrapara||Chatta Krushak Bazar APMC,Potato,Odisha,Kendrapara,Chatta Krushak Bazar APMC,20.5475164,86.5296168,13.391389812550086,2.0277172266381984,1459.1931895571533,6,11,36,sparse,medium
potato,Potato||Odisha||Kendrapara||Gopa APMC,Potato,Odisha,Kendrapara,Gopa APMC,20.5475164,86.5296168,13.735526484174482,1.7012045237312439,1405.845182725949,6,11,36,sparse,medium
potato,Potato||Odisha||Kendrapara||Kendrapara APMC,Potato,Odisha,Kendrapara,Kendrapara APMC,20.5475164,86.5296168,12.016071505690066,2.619844657678279,1922.3149880454125,6,11,36,sparse,medium
potato,Potato||Odisha||Kendrapara||Kendrapara(Marshaghai) APMC,Potato,Odisha,Kendrapara,Kendrapara(Marshaghai) APMC,20.5475164,86.5296168,12.044435312408927,2.659122198633756,1929.7819635089502,6,11,36,sparse,medium
potato,Potato||Odisha||Kendrapara||Pattamundai APMC,Potato,Odisha,Kendrapara,Pattamundai APMC,20.5475164,86.5296168,13.876516538220837,1.5514074803966653,1481.6162874638405,6,11,36,sparse,medium
potato,Potato||Odisha||Keonjhar||Keonjhar APMC,Potato,Odisha,Keonjhar,Keonjhar APMC,21.5,85.5,0.5376513237964184,0.08339354321478465,2252.2169946217227,4,10,43,sparse,low
potato,Potato||Odisha||Keonjhar||Keonjhar(Dhekikote) APMC,Potato,Odisha,Keonjhar,Keonjhar(Dhekikote) APMC,21.5,85.5,0.5331446615391907,0.10567559894694283,1955.1639748155787,4,10,43,sparse,low
potato,Potato||Odisha||Keonjhar||Saharpada APMC,Potato,Odisha,Keonjhar,Saharpada APMC,21.5,85.5,0.5267239261872391,0.09583048819045661,1998.4043782772305,4,10,43,sparse,low
potato,Potato||Odisha||Khurda||Balugaon APMC,Potato,Odisha,Khurda,Balugaon APMC,20.1617378,85.7052429,3.512158763290812,0.8736264191837267,2007.954604612725,1,12,27,sparse,medium
potato,Potato||Odisha||Mayurbhanja||Chuliaposi APMC,Potato,Odisha,Mayurbhanja,Chuliaposi APMC,20.5431241,84.6897321,1.337146737564557,0.5969533393490997,1998.3703119136958,2,13,29,sparse,low
potato,Potato||Odisha||Mayurbhanja||Udala APMC,Potato,Odisha,Mayurbhanja,Udala APMC,20.5431241,84.6897321,2.414886643613702,1.5028103097610521,1936.8092185588573,2,13,29,sparse,low
potato,Potato||Odisha||Nuapada||Khariar APMC,Potato,Odisha,Nuapada,Khariar APMC,20.5412657,82.5292352,0.7013838663903786,0.2720626956492585,2372.9080453502806,1,6,17,sparse,low
potato,Potato||Odisha||Nuapada||Khariar Road APMC,Potato,Odisha,Nuapada,Khariar Road APMC,20.5412657,82.5292352,0.7781677236905775,1.515323473620392,2369.619131459877,1,6,17,sparse,low
potato,Potato||Odisha||Rayagada||Rayagada APMC,Potato,Odisha,Rayagada,Rayagada APMC,19.4426698,83.5873053,5.392589103494487,3.2510026278935684,2094.7384850879334,0,3,16,sparse,medium
potato,Potato||Odisha||Sambalpur||Kuchinda APMC,Potato,Odisha,Sambalpur,Kuchinda APMC,21.5570606,84.1528515,1.1169807859765555,0.3582971256320252,2639.161535919002,4,13,31,sparse,low
potato,Potato||Odisha||Sonepur||Birmaharajpur APMC,Potato,Odisha,Sonepur,Birmaharajpur APMC,20.8453864,83.909083,2.0929595408712274,0.8938803635188182,2616.1781679894016,4,11,29,sparse,low
potato,Potato||Odisha||Sundergarh||Sargipali APMC,Potato,Odisha,Sundergarh,Sargipali APMC,22.1226562,84.0368319,3.1508877985554427,7.175945199132534,1765.5955882426038,3,6,27,sparse,medium
potato,Potato||Punjab||Amritsar||Amritsar(Amritsar Mewa Mandi) APMC,Potato,Punjab,Amritsar,Amritsar(Amritsar Mewa Mandi) APMC,31.635665900000003,74.8787496,159.81749857911035,50.63038523441633,717.2929837493664,8,42,124,dense,high
potato,Potato||Punjab||Amritsar||Rayya APMC,Potato,Punjab,Amritsar,Rayya APMC,31.6356659,74.8787496,0.26375965839880156,0.2559382921648869,1354.9277629823503,8,42,124,dense,low
potato,Potato||Punjab||Barnala||Barnala APMC,Potato,Punjab,Barnala,Barnala APMC,30.371680199999997,75.5039887,20.87578144410714,12.793547378958964,1287.6754435337307,23,81,180,dense,medium
potato,Potato||Punjab||Bhatinda||Bathinda APMC,Potato,Punjab,Bhatinda,Bathinda APMC,30.206791,74.9463699,40.44107984290285,6.256040429582671,1083.612554862246,16,61,168,dense,high
potato,Potato||Punjab||Bhatinda||Bhagta Bhai Ka APMC,Potato,Punjab,Bhatinda,Bhagta Bhai Ka APMC,30.206791,74.9463699,0.41830796553124067,0.2099090325533295,1241.691874470361,16,61,168,dense,low
potato,Potato||Punjab||Bhatinda||Bhucho APMC,Potato,Punjab,Bhatinda,Bhucho APMC,30.206791,74.9463699,0.18480798029523482,0.03533507256043307,882.9470116605951,16,61,168,dense,low
potato,Potato||Punjab||Bhatinda||Maur APMC,Potato,Punjab,Bhatinda,Maur APMC,30.206791000000003,74.9463699,0.7662442519945202,0.24504224560601065,1004.95449923393,16,61,168,dense,low
potato,Potato||Punjab||Bhatinda||Raman APMC,Potato,Punjab,Bhatinda,Raman APMC,30.206791,74.9463699,3.9219140824006136,0.5807764763428268,1072.7758996786843,16,61,168,dense,medium
potato,Potato||Punjab||Bhatinda||Rampuraphul(Nabha Mandi) APMC,Potato,Punjab,Bhatinda,Rampuraphul(Nabha Mandi) APMC,30.206791,74.9463699,2.5402597503545996,1.2907987038758792,710.5448769297639,16,61,168,dense,low
potato,Potato||Punjab||Bhatinda||Talwandi Sabo APMC,Potato,Punjab,Bhatinda,Talwandi Sabo APMC,30.206791,74.9463699,0.8046177617954271,1.0321309518311323,1024.5456898570117,16,61,168,dense,low
potato,Potato||Punjab||Faridkot||Jaitu APMC,Potato,Punjab,Faridkot,Jaitu APMC,30.601450700000004,74.7950176,0.9557152535823488,0.41602945589169804,923.7226845059095,14,54,151,dense,low
potato,Potato||Punjab||Fatehgarh||Bassi Pathana APMC,Potato,Punjab,Fatehgarh,Bassi Pathana APMC,31.6610527,74.9764967,1.579452110362729,0.6167413244299538,1251.2902607212427,13,44,124,dense,low
potato,Potato||Punjab||Fatehgarh||Khamano APMC,Potato,Punjab,Fatehgarh,Khamano APMC,31.661052700000003,74.9764967,0.2531805977244797,0.07969318481569673,1338.5809422978905,13,44,124,dense,low
potato,Potato||Punjab||Fatehgarh||Sirhind APMC,Potato,Punjab,Fatehgarh,Sirhind APMC,31.6610527,74.9764967,7.923367550511009,3.1264160562066934,1099.7954504900292,13,44,124,dense,medium
potato,Potato||Punjab||Fazilka||Fazilka APMC,Potato,Punjab,Fazilka,Fazilka APMC,30.3198406,74.1217943,19.1719994043354,19.493557912389115,1383.1412823131918,6,29,125,sparse,medium
potato,Potato||Punjab||Fazilka||Jalalabad APMC,Potato,Punjab,Fazilka,Jalalabad APMC,30.3198406,74.1217943,4.766034977706775,0.6153830108670506,1064.6140173582276,6,29,125,sparse,medium
potato,Potato||Punjab||Ferozpur||Firozepur City APMC,Potato,Punjab,Ferozpur,Firozepur City APMC,30.4002579,74.0327747,11.930727720964795,25.7608372155557,691.3488921467621,5,26,123,sparse,medium
potato,Potato||Punjab||Ferozpur||Zira APMC,Potato,Punjab,Ferozpur,Zira APMC,30.4002579,74.0327747,1.9280592547493416,1.9741465474294848,1133.1087866945643,5,26,123,sparse,low
potato,Potato||Punjab||Gurdaspur||Dhariwal APMC,Potato,Punjab,Gurdaspur,Dhariwal APMC,31.903726399999996,75.2275587,2.6239463229017717,0.5002112239206221,1042.9725330306042,16,43,121,dense,low
potato,Potato||Punjab||Gurdaspur||Dinanagar APMC,Potato,Punjab,Gurdaspur,Dinanagar APMC,31.903726399999996,75.2275587,2.525191913196414,1.0611796294429439,1494.2489999989816,16,43,121,dense,low
potato,Potato||Punjab||Gurdaspur||Gurdaspur APMC,Potato,Punjab,Gurdaspur,Gurdaspur APMC,31.9037264,75.2275587,9.952473268629548,2.6160152999842725,1553.408541675593,16,43,121,dense,medium
potato,Potato||Punjab||Hoshiarpur||Dasuya APMC,Potato,Punjab,Hoshiarpur,Dasuya APMC,31.6092942,75.8459754,7.354304266797845,3.2459804855597705,1306.2635237466607,23,56,140,dense,medium
potato,Potato||Punjab||Hoshiarpur||Garh Shankar APMC,Potato,Punjab,Hoshiarpur,Garh Shankar APMC,31.6092942,75.8459754,11.488271196245758,3.058683729832797,900.2911568320768,23,56,140,dense,medium
potato,Potato||Punjab||Hoshiarpur||Garh Shankar(Mahalpur) APMC,Potato,Punjab,Hoshiarpur,Garh Shankar(Mahalpur) APMC,31.6092942,75.8459754,6.713423138577622,1.9584814794350276,930.8732498137686,23,56,140,dense,medium
potato,Potato||Punjab||Hoshiarpur||GarhShankar (Kotfatuhi) APMC,Potato,Punjab,Hoshiarpur,GarhShankar (Kotfatuhi) APMC,31.609294200000004,75.8459754,0.5483269312813628,0.11370385612818436,1119.309920671488,23,56,140,dense,low
potato,Potato||Punjab||Hoshiarpur||Mukerian APMC,Potato,Punjab,Hoshiarpur,Mukerian APMC,31.6092942,75.8459754,2.903576034636864,0.16283224704231017,1966.8892083241558,23,56,140,dense,medium
potato,Potato||Punjab||Hoshiarpur||Mukerian(Talwara) APMC,Potato,Punjab,Hoshiarpur,Mukerian(Talwara) APMC,31.609294200000004,75.8459754,1.1921172282711514,0.2747390194239491,1505.8250587366506,23,56,140,dense,low
potato,Potato||Punjab||Hoshiarpur||Tanda Urmur APMC,Potato,Punjab,Hoshiarpur,Tanda Urmur APMC,31.6092942,75.8459754,2.886914662892755,1.0052410562855638,1867.6219635079922,23,56,140,dense,medium
potato,Potato||Punjab||Jalandhar||Bilga APMC,Potato,Punjab,Jalandhar,Bilga APMC,31.292231199999996,75.5678878,1.0474383874516144,2.914789643910116,1337.2957896028443,25,70,150,dense,low
potato,Potato||Punjab||Jalandhar||Jalandhar City(Jalandhar) APMC,Potato,Punjab,Jalandhar,Jalandhar City(Jalandhar) APMC,31.292231200000003,75.5678878,156.78661962834448,64.35999618092667,462.2117967652724,25,70,150,dense,high
potato,Potato||Punjab||Jalandhar||Lohian Khas APMC,Potato,Punjab,Jalandhar,Lohian Khas APMC,31.292231200000003,75.5678878,1.798858058736088,2.4376104614402676,552.3079016096705,25,70,150,dense,low
potato,Potato||Punjab||Jalandhar||Noor Mehal APMC,Potato,Punjab,Jalandhar,Noor Mehal APMC,31.292231200000003,75.5678878,0.6138918378941778,1.076532897718224,999.7725010662416,25,70,150,dense,low
potato,Potato||Punjab||Jalandhar||Phillaur(Apra Mandi) APMC,Potato,Punjab,Jalandhar,Phillaur(Apra Mandi) APMC,31.292231200000003,75.5678878,0.23243284986207433,0.10775318384265581,1418.4267577517066,25,70,150,dense,low
potato,Potato||Punjab||Kapurthala||Phagwara APMC,Potato,Punjab,Kapurthala,Phagwara APMC,31.385647600000002,75.3053304,30.94584237281447,12.372860646739365,1250.1344934860645,29,56,139,dense,high
potato,Potato||Punjab||Ludhiana||Doraha APMC,Potato,Punjab,Ludhiana,Doraha APMC,30.9090157,75.851601,8.210727760281411,69.59403676649461,1084.5953397328785,16,88,163,dense,medium
potato,Potato||Punjab||Ludhiana||Khanna APMC,Potato,Punjab,Ludhiana,Khanna APMC,30.909015700000005,75.851601,42.97410582492126,20.203685367503954,653.8896139760676,16,88,163,dense,high
potato,Potato||Punjab||Ludhiana||Ludhiana APMC,Potato,Punjab,Ludhiana,Ludhiana APMC,30.9090157,75.851601,264.6959464294757,189.7371981452805,681.0107390024604,16,88,163,dense,high
potato,Potato||Punjab||Ludhiana||Sahnewal APMC,Potato,Punjab,Ludhiana,Sahnewal APMC,30.909015699999998,75.851601,1.722521445414201,1.725032224896498,1234.81883274321,16,88,163,dense,low
potato,Potato||Punjab||Ludhiana||Samrala APMC,Potato,Punjab,Ludhiana,Samrala APMC,30.9090157,75.851601,4.728563462953671,4.57566426931041,1000.1279750499734,16,88,163,dense,medium
potato,Potato||Punjab||Mansa||Mansa APMC,Potato,Punjab,Mansa,Mansa APMC,29.8764133,75.4889564,10.352026386710499,4.291641758914653,1037.0667031035862,20,73,184,dense,medium
potato,Potato||Punjab||Moga||Dharamkot APMC,Potato,Punjab,Moga,Dharamkot APMC,30.7877554,75.159359,2.8680041363076283,4.077299318239778,1024.5463596912132,25,66,154,dense,medium
potato,Potato||Punjab||Moga||Kot ise Khan APMC,Potato,Punjab,Moga,Kot ise Khan APMC,30.787755400000005,75.159359,1.0615917084248698,0.23830395529001802,911.7272875519209,25,66,154,dense,low
potato,Potato||Punjab||Mohali||Dera Bassi APMC,Potato,Punjab,Mohali,Dera Bassi APMC,30.704116800000005,76.7176885,2.151107660980113,0.11389147653031782,1502.9812492195358,19,84,190,dense,low
potato,Potato||Punjab||Mohali||Kharar APMC,Potato,Punjab,Mohali,Kharar APMC,30.704116800000005,76.7176885,9.081555985163366,0.7311013498786093,1209.559506062822,19,84,190,dense,medium
potato,Potato||Punjab||Mohali||Lalru APMC,Potato,Punjab,Mohali,Lalru APMC,30.7041168,76.7176885,6.046620941953059,4.796042144689798,1182.2908816293395,19,84,190,dense,medium
potato,Potato||Punjab||Muktsar||Giddarbaha APMC,Potato,Punjab,Muktsar,Giddarbaha APMC,30.4692,74.5182,3.833219770504036,0.7167802094913164,1341.0105354766456,15,54,149,dense,medium
potato,Potato||Punjab||Muktsar||Malout APMC,Potato,Punjab,Muktsar,Malout APMC,30.4692,74.5182,9.511832411444033,6.75502422158558,756.8072500203345,15,54,149,dense,medium
potato,Potato||Punjab||Patiala||Dudhansadhan APMC,Potato,Punjab,Patiala,Dudhansadhan APMC,30.209277799999995,76.3397231,0.5219251557958149,0.10196654916119573,1573.7144630192718,32,89,199,dense,low
potato,Potato||Punjab||Patiala||Nabha APMC,Potato,Punjab,Patiala,Nabha APMC,30.209277799999995,76.3397231,193.05455768856763,91.17769680992835,994.8988085169844,32,89,199,dense,high
potato,Potato||Punjab||Patiala||Patran APMC,Potato,Punjab,Patiala,Patran APMC,30.2092778,76.3397231,8.149490994153103,4.322482511082705,839.6507743873017,32,89,199,dense,medium
potato,Potato||Punjab||Patiala||Rajpura APMC,Potato,Punjab,Patiala,Rajpura APMC,30.2092778,76.3397231,16.276661062993398,5.346047601537186,962.3290185272706,32,89,199,dense,medium
potato,Potato||Punjab||Ropar (Rupnagar)||Ropar APMC,Potato,Punjab,Ropar (Rupnagar),Ropar APMC,30.9688367,76.526088,19.497781455886596,7.634517001316663,767.6948079421228,21,82,189,dense,medium
potato,Potato||Punjab||Sangrur||Bhawanigarh APMC,Potato,Punjab,Sangrur,Bhawanigarh APMC,30.135717,75.8533326,4.715512975179208,1.8492188096716125,878.9956526850016,22,83,187,dense,medium
potato,Potato||Punjab||Sangrur||Dhuri APMC,Potato,Punjab,Sangrur,Dhuri APMC,30.135717,75.85333259999999,0.7337247682930388,0.23932054694088814,681.5757005111669,22,83,187,dense,low
potato,Potato||Punjab||Sangrur||Lehra Gaga APMC,Potato,Punjab,Sangrur,Lehra Gaga APMC,30.135717,75.8533326,0.7869999555940316,0.9228494158892834,1243.0967881232152,22,83,187,dense,low
potato,Potato||Punjab||Sangrur||Malerkotla APMC,Potato,Punjab,Sangrur,Malerkotla APMC,30.135717000000003,75.8533326,8.522209949103402,6.465156459623356,928.1061014129898,22,83,187,dense,medium
potato,Potato||Punjab||Sangrur||Sunam APMC,Potato,Punjab,Sangrur,Sunam APMC,30.135717000000003,75.8533326,11.749018806540382,2.886804323246107,1087.77656486671,22,83,187,dense,medium
potato,Potato||Punjab||Tarntaran||Patti APMC,Potato,Punjab,Tarntaran,Patti APMC,30.929321100000003,75.5004841,0.6366638947537671,0.3590727059249735,916.116609301593,15,74,152,dense,low
potato,Potato||Punjab||Tarntaran||Tarantaran APMC,Potato,Punjab,Tarntaran,Tarantaran APMC,30.9293211,75.5004841,4.3891886297421765,1.6456556754966896,1090.9791287273467,15,74,152,dense,medium
potato,Potato||Rajasthan||Ajmer||Ajmer(F&V) APMC,Potato,Rajasthan,Ajmer,Ajmer(F&V) APMC,26.4691,74.639,246.5562292784673,361.2635181592724,1482.4422614552989,1,5,27,sparse,high
potato,Potato||Rajasthan||Ajmer||Madanganj Kishangarh APMC,Potato,Rajasthan,Ajmer,Madanganj Kishangarh APMC,26.4691,74.639,2.320354296828483,0.3135222932584096,1645.8349518699213,1,5,27,sparse,low
potato,Potato||Rajasthan||Alwar||Alwar FV,Potato,Rajasthan,Alwar,Alwar FV,27.414004899999995,76.6170387,80.18215061954264,60.471417568565506,1542.3985613097796,0,28,150,sparse,high
potato,Potato||Rajasthan||Baran||Baran APMC,Potato,Rajasthan,Baran,Baran APMC,24.9208165,76.6821985,3.900046674466598,13.326033022437757,1166.869282726644,0,6,46,sparse,medium
potato,Potato||Rajasthan||Bhilwara||Bhilwara APMC,Potato,Rajasthan,Bhilwara,Bhilwara APMC,25.470993999999997,74.6961316,40.01990495787859,23.401975089850634,1922.0997690580748,0,5,21,sparse,high
potato,Potato||Rajasthan||Bikaner||Bikaner (F&V) APMC,Potato,Rajasthan,Bikaner,Bikaner (F&V) APMC,28.0159286,73.3171367,133.450969414866,41.52589196917991,1236.0164768423858,0,2,43,sparse,high
potato,Potato||Rajasthan||Churu||Churu APMC,Potato,Rajasthan,Churu,Churu APMC,28.2047781,74.6912996,4.982838102462864,2.0113427863629028,1281.626176632619,2,13,116,sparse,medium
potato,Potato||Rajasthan||Churu||Sujangarh APMC,Potato,Rajasthan,Churu,Sujangarh APMC,28.204778100000002,74.6912996,1.7980696183240905,0.2629315787689569,1147.795292006106,2,13,116,sparse,low
potato,Potato||Rajasthan||Ganganagar||Sriganganagar (F&V) APMC,Potato,Rajasthan,Ganganagar,Sriganganagar (F&V) APMC,25.9061389,76.4815499,18.38785107780801,2.959507801080789,1474.0394620637417,1,9,66,sparse,medium
potato,Potato||Rajasthan||Ganganagar||Suratgarh APMC,Potato,Rajasthan,Ganganagar,Suratgarh APMC,25.9061389,76.4815499,1.649021994089959,0.4303039636955158,1082.4509188449665,1,9,66,sparse,low
potato,Potato||Rajasthan||Hanumangarh||Bhadara APMC,Potato,Rajasthan,Hanumangarh,Bhadara APMC,29.3659533,74.298429,1.3142097532880745,0.6746144862877973,1354.8923006292216,9,30,133,sparse,low
potato,Potato||Rajasthan||Hanumangarh||Goluwala APMC,Potato,Rajasthan,Hanumangarh,Goluwala APMC,29.365953299999997,74.298429,0.19965619577759497,0.11081827086947109,1095.7545477913131,9,30,133,sparse,low
potato,Potato||Rajasthan||Hanumangarh||Hanumangarh APMC,Potato,Rajasthan,Hanumangarh,Hanumangarh APMC,29.3659533,74.298429,8.526311495316337,0.8694007287320393,1052.4827843218493,9,30,133,sparse,medium
potato,Potato||Rajasthan||Hanumangarh||Hanumangarh Town APMC,Potato,Rajasthan,Hanumangarh,Hanumangarh Town APMC,29.3659533,74.298429,1.2788170273565869,0.346366196562016,1075.1479341572729,9,30,133,sparse,low
potato,Potato||Rajasthan||Hanumangarh||HanumangarhTown APMC,Potato,Rajasthan,Hanumangarh,HanumangarhTown APMC,29.3659533,74.298429,0.7347799834050766,0.6072628186389981,1152.0200468807177,9,30,133,sparse,low
potato,Potato||Rajasthan||Hanumangarh||Rawatsar APMC,Potato,Rajasthan,Hanumangarh,Rawatsar APMC,29.365953300000005,74.298429,0.6323890580804137,0.323148010772784,1108.957404700835,9,30,133,sparse,low
potato,Potato||Rajasthan||Hanumangarh||Sangriya APMC,Potato,Rajasthan,Hanumangarh,Sangriya APMC,29.3659533,74.298429,0.5231489304411391,0.08979606229644448,1436.3515614205594,9,30,133,sparse,low
potato,Potato||Rajasthan||Jaipur Rural||Bassi APMC,Potato,Rajasthan,Jaipur Rural,Bassi APMC,26.920663599999997,75.9740914,1.2124140986091152,0.39484025369908915,1625.8746986756037,1,10,91,sparse,low
potato,Potato||Rajasthan||Jaipur Rural||Chomu (F&V) APMC,Potato,Rajasthan,Jaipur Rural,Chomu (F&V) APMC,26.9206636,75.9740914,45.52139271292091,30.402776572505992,1365.8440903558267,1,10,91,sparse,high
potato,Potato||Rajasthan||Jhunjhunu||Jhunjhunu APMC,Potato,Rajasthan,Jhunjhunu,Jhunjhunu APMC,28.079894400000004,75.5424211,3.4784455642377767,2.8680596447958555,755.0255295718817,3,20,153,sparse,medium
potato,Potato||Rajasthan||Jodhpur||Jodhpur (F&V) APMC,Potato,Rajasthan,Jodhpur,Jodhpur (F&V) APMC,26.2967719,73.0351433,217.48059397097268,88.69073903311359,1001.5797107499567,0,1,9,sparse,high
potato,Potato||Rajasthan||Kota||Kota (F&V) APMC,Potato,Rajasthan,Kota,Kota (F&V) APMC,25.173701900000005,75.8574194,158.13464458866827,48.175324151140956,1162.9451879412068,0,5,42,sparse,high
potato,Potato||Rajasthan||Rajsamand||Rajsamand APMC,Potato,Rajasthan,Rajsamand,Rajsamand APMC,25.2892459,73.8241077,3.693547379579518,0.9766438419560702,1522.3659694247294,0,3,22,sparse,medium
potato,Potato||Rajasthan||Sikar||Sikar APMC,Potato,Rajasthan,Sikar,Sikar APMC,27.6624156,75.0279971,70.09260339455267,29.181476871500738,1198.1777617895148,3,9,110,sparse,high
potato,Potato||Rajasthan||Udaipur||Udaipur (F&V) APMC,Potato,Rajasthan,Udaipur,Udaipur (F&V) APMC,24.578721,73.6862571,72.01742785798413,35.49240301930485,1207.988983861581,0,2,26,sparse,high
potato,Potato||Tamil Nadu||Ariyalur||Ariyalur(Uzhavar Sandhai) APMC,Potato,Tamil Nadu,Ariyalur,Ariyalur(Uzhavar Sandhai) APMC,11.153055899999998,79.2585797,0.3442357199489271,0.624967661560043,3729.6086860365485,14,19,65,sparse,low
potato,Potato||Tamil Nadu||Ariyalur||Jeyankondam (Uzhavar Sandhai ) APMC,Potato,Tamil Nadu,Ariyalur,Jeyankondam (Uzhavar Sandhai ) APMC,11.153055899999998,79.2585797,0.022378479505311945,0.012746257004975106,4038.233327703307,14,19,65,sparse,low
potato,Potato||Tamil Nadu||Chengalpattu||Guduvancheri(Uzhavar Sandhai ) APMC,Potato,Tamil Nadu,Chengalpattu,Guduvancheri(Uzhavar Sandhai ) APMC,12.6840886,79.9836371,0.12713274972910948,0.04641534437473213,3571.3752000157738,2,11,36,sparse,low
potato,Potato||Tamil Nadu||Chengalpattu||Nanganallur(Uzhavar Sandhai ) APMC,Potato,Tamil Nadu,Chengalpattu,Nanganallur(Uzhavar Sandhai ) APMC,12.6840886,79.9836371,0.2421324966119876,0.06446180638340793,3059.6315743663645,2,11,36,sparse,low
potato,Potato||Tamil Nadu||Coimbatore||Mettupalayam(Uzhavar Sandhai ) APMC,Potato,Tamil Nadu,Coimbatore,Mettupalayam(Uzhavar Sandhai ) APMC,11.0018115,76.9628425,0.5080912337837397,0.08066363269153667,4727.368465104032,10,35,101,dense,low
potato,Potato||Tamil Nadu||Coimbatore||Pollachi(Uzhavar Sandhai ) APMC,Potato,Tamil Nadu,Coimbatore,Pollachi(Uzhavar Sandhai ) APMC,11.0018115,76.9628425,0.15994514249902023,0.022122228243385413,4711.166646638791,10,35,101,dense,low
potato,Potato||Tamil Nadu||Coimbatore||Sulur(Uzhavar Sandhai ) APMC,Potato,Tamil Nadu,Coimbatore,Sulur(Uzhavar Sandhai ) APMC,11.0018115,76.9628425,0.28964219003050745,0.07401944100139518,4991.547022943007,10,35,101,dense,low
potato,Potato||Tamil Nadu||Cuddalore||Cuddalore(Uzhavar Sandhai ) APMC,Potato,Tamil Nadu,Cuddalore,Cuddalore(Uzhavar Sandhai ) APMC,11.5202071,79.3396356,0.2528489709321231,0.04001004670298381,4171.366417696403,7,21,58,sparse,low
potato,Potato||Tamil Nadu||Cuddalore||Panruti(Uzhavar Sandhai ) APMC,Potato,Tamil Nadu,Cuddalore,Panruti(Uzhavar Sandhai ) APMC,11.5202071,79.3396356,0.022562766169610185,0.00897404043512492,4284.6053919924325,7,21,58,sparse,low
potato,Potato||Tamil Nadu||Cuddalore||Viruthachalam(Uzhavar Sandhai ) APMC,Potato,Tamil Nadu,Cuddalore,Viruthachalam(Uzhavar Sandhai ) APMC,11.5202071,79.3396356,0.07442686281104113,0.008244091801786578,4207.182683620216,7,21,58,sparse,low
potato,Potato||Tamil Nadu||Dharmapuri||AJattihalli(Uzhavar Sandhai ) APMC,Potato,Tamil Nadu,Dharmapuri,AJattihalli(Uzhavar Sandhai ) APMC,12.1456131,78.1132217,0.6413876080998734,0.12205356936027255,3466.3186848513055,6,20,87,sparse,low
potato,Potato||Tamil Nadu||Dharmapuri||Pennagaram(Uzhavar Sandhai ) APMC,Potato,Tamil Nadu,Dharmapuri,Pennagaram(Uzhavar Sandhai ) APMC,12.1456131,78.1132217,0.1523431708683222,0.03198775432911308,3765.5514855514853,6,20,87,sparse,low
potato,Potato||Tamil Nadu||Erode||Gobichettipalayam(Uzhavar Sandhai ) APMC,Potato,Tamil Nadu,Erode,Gobichettipalayam(Uzhavar Sandhai ) APMC,11.4905282,77.3505274,0.2369593863704398,0.040926134425052024,4037.3830596815983,6,26,101,sparse,low
potato,Potato||Tamil Nadu||Erode||Perundurai(Uzhavar Sandhai ) APMC,Potato,Tamil Nadu,Erode,Perundurai(Uzhavar Sandhai ) APMC,11.4905282,77.3505274,0.03764313571281331,0.018506070957223054,3749.873449839322,6,26,101,sparse,low
potato,Potato||Tamil Nadu||Erode||Thalavadi(Uzhavar Sandhai ) APMC,Potato,Tamil Nadu,Erode,Thalavadi(Uzhavar Sandhai ) APMC,11.4905282,77.3505274,0.07982185620368047,0.01440425878266047,3722.0359031144585,6,26,101,sparse,low
potato,Potato||Tamil Nadu||Kallakuruchi||Sankarapuram(Uzhavar Sandhai ) APMC,Potato,Tamil Nadu,Kallakuruchi,Sankarapuram(Uzhavar Sandhai ) APMC,11.7406259,78.9637131,0.1667206026876298,0.014296077592140962,3972.5315271710715,10,27,62,sparse,low
potato,Potato||Tamil Nadu||Kancheepuram||Kundrathur(Uzhavar Sandhai ) APMC,Potato,Tamil Nadu,Kancheepuram,Kundrathur(Uzhavar Sandhai ) APMC,12.879605200000002,79.7042762,0.17446850202869235,0.05098568259330737,3415.734821274769,6,8,39,sparse,low
potato,Potato||Tamil Nadu||Krishnagiri||Avallapalli(Uzhavar Sandhai ) APMC,Potato,Tamil Nadu,Krishnagiri,Avallapalli(Uzhavar Sandhai ) APMC,12.5152075,78.0093769,0.16185970353432816,0.029366145629711963,3186.9268920671043,7,21,62,sparse,low
potato,Potato||Tamil Nadu||Krishnagiri||Denkanikottai(Uzhavar Sandhai ) APMC,Potato,Tamil Nadu,Krishnagiri,Denkanikottai(Uzhavar Sandhai ) APMC,12.5152075,78.0093769,0.1929717379344887,0.033825555693183657,3118.962597409223,7,21,62,sparse,low
potato,Potato||Tamil Nadu||Krishnagiri||Hosur(Uzhavar Sandhai ) APMC,Potato,Tamil Nadu,Krishnagiri,Hosur(Uzhavar Sandhai ) APMC,12.5152075,78.0093769,2.057842216721832,0.15034992521945995,3144.8209629625107,7,21,62,sparse,low
potato,Potato||Tamil Nadu||Krishnagiri||Kaveripattinam(Uzhavar Sandhai ) APMC,Potato,Tamil Nadu,Krishnagiri,Kaveripattinam(Uzhavar Sandhai ) APMC,12.5152075,78.0093769,0.11138100609507925,0.0265245556858791,4253.886363422531,7,21,62,sparse,low
potato,Potato||Tamil Nadu||Krishnagiri||Krishnagiri(Uzhavar Sandhai ) APMC,Potato,Tamil Nadu,Krishnagiri,Krishnagiri(Uzhavar Sandhai ) APMC,12.5152075,78.0093769,0.7650065915533483,0.09228421008308992,3014.8286025399193,7,21,62,sparse,low
potato,Potato||Tamil Nadu||Madurai||Anaiyur(Uzhavar Sandhai ) APMC,Potato,Tamil Nadu,Madurai,Anaiyur(Uzhavar Sandhai ) APMC,9.9261153,78.1140983,0.42745136966305675,0.035860021317615884,4343.766889842278,12,20,94,sparse,low
potato,Potato||Tamil Nadu||Madurai||Chokkikulam(Uzhavar Sandhai ) APMC,Potato,Tamil Nadu,Madurai,Chokkikulam(Uzhavar Sandhai ) APMC,9.9261153,78.1140983,0.9183730809576246,0.09315177607962764,4353.973259165382,12,20,94,sparse,low
potato,Potato||Tamil Nadu||Nagapattinam||Mayiladuthurai(Uzhavar Sandhai ) APMC,Potato,Tamil Nadu,Nagapattinam,Mayiladuthurai(Uzhavar Sandhai ) APMC,10.6026203,79.7619348,0.08920852653281866,0.02195751974937155,3992.0219565485622,7,15,51,sparse,low
potato,Potato||Tamil Nadu||Nagapattinam||Sirkali(Uzhavar Sandhai ) APMC,Potato,Tamil Nadu,Nagapattinam,Sirkali(Uzhavar Sandhai ) APMC,10.6026203,79.7619348,0.19412027027895268,0.04219429800444098,3981.1489477097302,7,15,51,sparse,low
potato,Potato||Tamil Nadu||Nagercoil (Kannyiakumari)||Vadaseri APMC,Potato,Tamil Nadu,Nagercoil (Kannyiakumari),Vadaseri APMC,11.332372300000001,78.6098639,0.5275898950553689,0.05995069325948747,3845.9600237831664,6,29,89,sparse,low
potato,Potato||Tamil Nadu||Namakkal||Tiruchengode APMC,Potato,Tamil Nadu,Namakkal,Tiruchengode APMC,11.3033889,78.118604,0.2756449261087656,0.054002773951196854,3747.9044616652104,3,25,97,sparse,low
potato,Potato||Tamil Nadu||Sivaganga||Devakottai (Uzhavar Sandhai ) APMC,Potato,Tamil Nadu,Sivaganga,Devakottai (Uzhavar Sandhai ) APMC,9.8486881,78.4870461,0.22993139461181586,0.0451564681609943,4649.190684688615,3,20,87,sparse,low
potato,Potato||Tamil Nadu||Sivaganga||Sivagangai (Uzhavar Sandhai ) APMC,Potato,Tamil Nadu,Sivaganga,Sivagangai (Uzhavar Sandhai ) APMC,9.8486881,78.4870461,0.38293297391679354,0.04974087302842883,4623.6646964016045,3,20,87,sparse,low
potato,Potato||Tamil Nadu||Thanjavur||Kumbakonam (Uzhavar Sandhai ) APMC,Potato,Tamil Nadu,Thanjavur,Kumbakonam (Uzhavar Sandhai ) APMC,10.659037,79.2014278,0.667468832162509,0.04760288575799538,3850.5509123370516,9,23,67,sparse,low
potato,Potato||Tamil Nadu||Thanjavur||Papanasam(Uzhavar Sandhai ) APMC,Potato,Tamil Nadu,Thanjavur,Papanasam(Uzhavar Sandhai ) APMC,10.659037,79.2014278,0.0844473335158951,0.07005962330922838,3849.3836203339415,9,23,67,sparse,low
potato,Potato||Tamil Nadu||Thanjavur||Pattukottai(Uzhavar Sandhai ) APMC,Potato,Tamil Nadu,Thanjavur,Pattukottai(Uzhavar Sandhai ) APMC,10.659037,79.2014278,0.2280429064129332,0.029291080184817044,3761.346997620123,9,23,67,sparse,low
potato,Potato||Tamil Nadu||The Nilgiris||Udhagamandalam(Uzhavar Sandhai ) APMC,Potato,Tamil Nadu,The Nilgiris,Udhagamandalam(Uzhavar Sandhai ) APMC,11.400000000000002,76.7,2.421930391389813,0.5673730710147881,4708.6890174208975,15,20,92,sparse,low
potato,Potato||Tamil Nadu||Theni||Andipatti(Uzhavar Sandhai ) APMC,Potato,Tamil Nadu,Theni,Andipatti(Uzhavar Sandhai ) APMC,9.8692558,77.4222974,0.23899349996999947,0.027054540804252975,3255.197664387953,13,52,87,dense,low
potato,Potato||Tamil Nadu||Theni||Bodinayakanur(Uzhavar Sandhai ) APMC,Potato,Tamil Nadu,Theni,Bodinayakanur(Uzhavar Sandhai ) APMC,9.8692558,77.4222974,0.2856568576964066,0.032627573117381514,3404.765200535852,13,52,87,dense,low
potato,Potato||Tamil Nadu||Thirupathur||Natrampalli(Uzhavar Sandhai ) APMC,Potato,Tamil Nadu,Thirupathur,Natrampalli(Uzhavar Sandhai ) APMC,10.59635,79.56857,0.2689800070768545,0.0282615375688512,4126.460949917569,9,20,57,sparse,low
potato,Potato||Tamil Nadu||Thirupathur||Vaniyampadi(Uzhavar Sandhai ) APMC,Potato,Tamil Nadu,Thirupathur,Vaniyampadi(Uzhavar Sandhai ) APMC,10.59635,79.56857,0.615177958596933,0.06508075262754291,3203.4514384856343,9,20,57,sparse,low
potato,Potato||Tamil Nadu||Thiruvannamalai||Chengam(Uzhavar Sandhai ) APMC,Potato,Tamil Nadu,Thiruvannamalai,Chengam(Uzhavar Sandhai ) APMC,9.539867,77.6197904,0.1269800137179209,0.023610337178962316,3758.9800620154538,15,46,87,dense,low
potato,Potato||Tamil Nadu||Thiruvannamalai||Tiruvannamalai(Uzhavar Sandhai ) APMC,Potato,Tamil Nadu,Thiruvannamalai,Tiruvannamalai(Uzhavar Sandhai ) APMC,9.539867,77.6197904,0.9214890187140673,0.13405857500573995,3743.094861532697,15,46,87,dense,low
potato,Potato||Tamil Nadu||Thiruvarur||Muthupettai(Uzhavar Sandhai ) APMC,Potato,Tamil Nadu,Thiruvarur,Muthupettai(Uzhavar Sandhai ) APMC,10.6878621,79.4979437,0.08792514954559225,0.006362701327535594,3925.870500935224,9,20,57,sparse,low
potato,Potato||Tamil Nadu||Thiruvellore||Ambattur(Uzhavar Sandhai ) APMC,Potato,Tamil Nadu,Thiruvellore,Ambattur(Uzhavar Sandhai ) APMC,11.332372300000001,78.6098639,0.034707334738611664,0.02510915135637053,4162.224053383884,6,29,89,sparse,low
potato,Potato||Tamil Nadu||Thiruvellore||Paruthipattu(Uzhavar Sandhai ) APMC,Potato,Tamil Nadu,Thiruvellore,Paruthipattu(Uzhavar Sandhai ) APMC,11.332372300000001,78.6098639,0.11489471416260863,0.026641101159085277,4179.187852989223,6,29,89,sparse,low
potato,Potato||Tamil Nadu||Vellore||Gudiyatham(Uzhavar Sandhai ) APMC,Potato,Tamil Nadu,Vellore,Gudiyatham(Uzhavar Sandhai ) APMC,12.9021849,79.061104,0.06142871422123398,0.012968381810692799,3741.9012034775924,4,18,39,sparse,low
potato,Potato||Tamil Nadu||Vellore||Thirupathur APMC,Potato,Tamil Nadu,Vellore,Thirupathur APMC,12.9021849,79.061104,0.2777094216058603,0.029496499119391287,3426.8110166914444,4,18,39,sparse,low
potato,Potato||Tamil Nadu||Vellore||Vellore APMC,Potato,Tamil Nadu,Vellore,Vellore APMC,12.9021849,79.061104,0.6262399643975602,0.07172379173045257,2861.950545133899,4,18,39,sparse,low
potato,Potato||Tamil Nadu||Villupuram||Tindivanam APMC,Potato,Tamil Nadu,Villupuram,Tindivanam APMC,11.9398285,79.4945645,0.07466070212522369,0.02939239442718348,3561.1334936154713,5,23,46,sparse,low
potato,Potato||Tamil Nadu||Villupuram||Ulundurpettai APMC,Potato,Tamil Nadu,Villupuram,Ulundurpettai APMC,11.9398285,79.4945645,0.25983468533140425,0.062454428959522364,4176.990669529761,5,23,46,sparse,low
potato,Potato||Tamil Nadu||Virudhunagar||Aruppukottai(Uzhavar Sandhai ) APMC,Potato,Tamil Nadu,Virudhunagar,Aruppukottai(Uzhavar Sandhai ) APMC,9.4926289,77.8631831,0.1912666015992358,0.04434692358524876,3788.828418775445,12,24,85,sparse,low
potato,Potato||Tamil Nadu||Virudhunagar||Rajapalayam(Uzhavar Sandhai ) APMC,Potato,Tamil Nadu,Virudhunagar,Rajapalayam(Uzhavar Sandhai ) APMC,9.4926289,77.8631831,0.24590280049322827,0.012124664299147684,3409.309708961953,12,24,85,sparse,low
potato,Potato||Tamil Nadu||Virudhunagar||Sathur(Uzhavar Sandhai ) APMC,Potato,Tamil Nadu,Virudhunagar,Sathur(Uzhavar Sandhai ) APMC,9.4926289,77.8631831,0.039329139973561626,0.017136900767499,4221.252567978758,12,24,85,sparse,low
potato,Potato||Tamil Nadu||Virudhunagar||Sivakasi(Uzhavar Sandhai ) APMC,Potato,Tamil Nadu,Virudhunagar,Sivakasi(Uzhavar Sandhai ) APMC,9.4926289,77.8631831,0.04948460348312534,0.015829805262549495,4826.335169347753,12,24,85,sparse,low
potato,Potato||Tamil Nadu||Virudhunagar||Srivilliputhur(Uzhavar Sandhai ) APMC,Potato,Tamil Nadu,Virudhunagar,Srivilliputhur(Uzhavar Sandhai ) APMC,9.4926289,77.8631831,0.10283840940719187,0.03664932881673358,3778.484036181119,12,24,85,sparse,low
potato,Potato||Tamil Nadu||Virudhunagar||Thalavaipuram(Uzhavar Sandhai ) APMC,Potato,Tamil Nadu,Virudhunagar,Thalavaipuram(Uzhavar Sandhai ) APMC,9.4926289,77.8631831,0.03878517273191958,0.009933239915621925,3693.0996977046234,12,24,85,sparse,low
potato,Potato||Tamil Nadu||Virudhunagar||Virudhunagar(Uzhavar Sandhai ) APMC,Potato,Tamil Nadu,Virudhunagar,Virudhunagar(Uzhavar Sandhai ) APMC,9.4926289,77.8631831,0.06051334676779912,0.011518453132034518,4787.685175511031,12,24,85,sparse,low
potato,Potato||Telangana||Hyderabad||Bowenpally APMC,Potato,Telangana,Hyderabad,Bowenpally APMC,17.360589,78.4740613,419.4064458019329,219.57961470257573,1893.510502154234,6,10,13,sparse,high
potato,Potato||Telangana||Hyderabad||Gudimalkapur APMC,Potato,Telangana,Hyderabad,Gudimalkapur APMC,17.360589,78.4740613,148.33504140537877,49.32787356461652,1720.958263401183,6,10,13,sparse,high
potato,Potato||Telangana||Hyderabad||L B Nagar APMC,Potato,Telangana,Hyderabad,L B Nagar APMC,17.360589,78.4740613,17.654397758183997,6.797119784841905,2060.660960723974,6,10,13,sparse,medium
potato,Potato||Telangana||Hyderabad||Mahboob Manison APMC,Potato,Telangana,Hyderabad,Mahboob Manison APMC,17.360589,78.4740613,16.702506755868466,14.101062808140764,2137.7338314229346,6,10,13,sparse,medium
potato,Potato||Telangana||Nalgonda||Miryalguda(Rythu Bazar) APMC,Potato,Telangana,Nalgonda,Miryalguda(Rythu Bazar) APMC,17.0504406,79.2669235,1.9740376484825874,0.3554240935919827,3047.633655802022,1,10,11,sparse,low
potato,Potato||Telangana||Nalgonda||Venkateswarnagar APMC,Potato,Telangana,Nalgonda,Venkateswarnagar APMC,17.0504406,79.2669235,0.25878430045104744,0.11247174373145197,2252.908107964722,1,10,11,sparse,low
potato,Potato||Telangana||Ranga Reddy||Kukatpally(Rythu Bazar) APMC,Potato,Telangana,Ranga Reddy,Kukatpally(Rythu Bazar) APMC,17.1333954,78.3970979,13.945618191385,2.1555482005438864,2103.1650100989004,6,8,13,sparse,medium
potato,Potato||Telangana||Ranga Reddy||Mehndipatnam(Rythu Bazar) APMC,Potato,Telangana,Ranga Reddy,Mehndipatnam(Rythu Bazar) APMC,17.1333954,78.3970979,9.855592881573642,3.2081347261324558,2652.1898654162046,6,8,13,sparse,medium
potato,"Potato||Telangana||Ranga Reddy||Ramakrisnapuram,RBZ APMC",Potato,Telangana,Ranga Reddy,"Ramakrisnapuram,RBZ APMC",17.1333954,78.3970979,1.8445588321314081,0.5573025024234864,2107.0155586618093,6,8,13,sparse,low
potato,Potato||Telangana||Warangal||Hanmarkonda(Rythu Bazar) APMC,Potato,Telangana,Warangal,Hanmarkonda(Rythu Bazar) APMC,17.9820644,79.5970954,0.2257831644355885,0.03534195018187289,3549.877448947465,1,7,10,sparse,low
potato,Potato||Telangana||Warangal||Warangal APMC,Potato,Telangana,Warangal,Warangal APMC,17.9820644,79.5970954,2.9051224499953476,0.45037078551336335,2259.1324498274726,1,7,10,sparse,medium
potato,Potato||Tripura||Dhalai||Chowmanu APMC,Potato,Tripura,Dhalai,Chowmanu APMC,23.8253158,91.9732227,1.4631273912581062,1.2695379691064568,2691.1536515946245,17,23,26,sparse,low
potato,Potato||Tripura||Dhalai||Gandacharra APMC,Potato,Tripura,Dhalai,Gandacharra APMC,23.8253158,91.9732227,2.5125230965280747,5.380952451984453,2689.7172173006006,17,23,26,sparse,low
potato,Potato||Tripura||Dhalai||Kulai APMC,Potato,Tripura,Dhalai,Kulai APMC,23.8253158,91.9732227,2.863575222667288,4.055796539254113,3173.072772093611,17,23,26,sparse,medium
potato,Potato||Tripura||Dhalai||Masli,Potato,Tripura,Dhalai,Masli,23.825315799999995,91.9732227,0.3042838876177374,0.40372254840176075,2512.5238810620485,17,23,26,sparse,low
potato,Potato||Tripura||Gomati||Garjee APMC,Potato,Tripura,Gomati,Garjee APMC,23.4987407,91.2999111,2.271861578266291,1.818782803415145,2272.823232694,15,23,32,sparse,low
potato,Potato||Tripura||Gomati||Nutanbazar APMC,Potato,Tripura,Gomati,Nutanbazar APMC,23.4987407,91.2999111,0.7478108833022538,0.8571814639585327,3034.4888687937755,15,23,32,sparse,low
potato,Potato||Tripura||Gomati||Silachhari APMC,Potato,Tripura,Gomati,Silachhari APMC,23.4987407,91.2999111,0.10396682178927262,0.03528659147396624,3217.704830941025,15,23,32,sparse,low
potato,Potato||Tripura||Khowai||Bachaibari APMC,Potato,Tripura,Khowai,Bachaibari APMC,23.9563913,91.642107,0.413045716423857,0.4407876157012897,1738.1721598001857,19,23,24,sparse,low
potato,Potato||Tripura||Khowai||Kalyanpur APMC,Potato,Tripura,Khowai,Kalyanpur APMC,23.956391300000003,91.642107,2.9492460550035084,2.8835705359621095,2450.5630604375874,19,23,24,sparse,medium
potato,Potato||Tripura||North Tripura||Dasda APMC,Potato,Tripura,North Tripura,Dasda APMC,24.0921476,92.2451214,0.4227128148855663,0.3136150365223479,2544.2878794110466,10,23,26,sparse,low
potato,Potato||Tripura||North Tripura||Kadamtala,Potato,Tripura,North Tripura,Kadamtala,24.443968,92.2072581,1.2855308175285358,0.946572415869399,1853.6277961642108,7,20,26,sparse,low
potato,Potato||Tripura||North Tripura||Kanchanpur,Potato,Tripura,North Tripura,Kanchanpur,23.9174023,92.2339115,0.5007139965360281,0.33688700189833837,2986.942104530728,10,23,26,sparse,low
potato,Potato||Tripura||North Tripura||Panisagar APMC,Potato,Tripura,North Tripura,Panisagar APMC,24.0921476,92.2451214,2.3717983374360676,1.6888219963631788,1865.9762348375987,10,23,26,sparse,low
potato,Potato||Tripura||Sepahijala||Bishalgarh APMC,Potato,Tripura,Sepahijala,Bishalgarh APMC,23.665800500000003,91.3200275,1.3121748358261867,0.41617601598237397,2565.534665426246,19,23,32,sparse,low
potato,Potato||Tripura||Sepahijala||Bishramganj,Potato,Tripura,Sepahijala,Bishramganj,23.608801,91.350772,0.8563967514738988,0.1533888280364171,3450.8842746209284,19,23,32,sparse,low
potato,Potato||Tripura||Sepahijala||Boxonagar,Potato,Tripura,Sepahijala,Boxonagar,23.6658005,91.3200275,1.1549519865638351,0.9250539104888904,2201.6749282383857,19,23,32,sparse,low
potato,Potato||Tripura||Sepahijala||Jampuijala APMC,Potato,Tripura,Sepahijala,Jampuijala APMC,23.6658005,91.3200275,0.21734886094700429,0.13835839559816598,2711.6076297918944,19,23,32,sparse,low
potato,Potato||Tripura||Sepahijala||Melaghar APMC,Potato,Tripura,Sepahijala,Melaghar APMC,23.665800500000003,91.3200275,1.2332527085446963,2.1297373913012065,2170.2934990502295,19,23,32,sparse,low
potato,Potato||Tripura||Sepahijala||Sonamura APMC,Potato,Tripura,Sepahijala,Sonamura APMC,23.6658005,91.3200275,3.21453699261157,6.112098743423109,2154.6410906071446,19,23,32,sparse,medium
potato,Potato||Tripura||South Tripura||Barpathari APMC,Potato,Tripura,South Tripura,Barpathari APMC,23.1708278,91.638817,0.6304840235538127,0.378842778908746,1878.8114098856847,12,22,23,sparse,low
potato,Potato||Tripura||South Tripura||Biokhora,Potato,Tripura,South Tripura,Biokhora,23.170827800000005,91.638817,0.7729918063269116,0.4539389363007647,1951.899771813266,12,22,23,sparse,low
potato,Potato||Tripura||South Tripura||Kalsi APMC,Potato,Tripura,South Tripura,Kalsi APMC,23.1708278,91.638817,0.209466052786764,0.1139381708090128,1902.2092668322432,12,22,23,sparse,low
potato,Potato||Tripura||Unokoti||Pabiacherra APMC,Potato,Tripura,Unokoti,Pabiacherra APMC,23.7750823,91.7025091,0.9233011578290108,0.6763529685317123,2043.4260547230936,22,23,24,sparse,low
potato,Potato||Tripura||West District||Champaknagar APMC,Potato,Tripura,West District,Champaknagar APMC,23.9153329,91.3879341,1.5535847598585315,0.8798885705434369,2725.1954070239362,16,23,30,sparse,low
potato,Potato||Uttar Pradesh||Agra||Achnera APMC,Potato,Uttar Pradesh,Agra,Achnera APMC,27.1752554,78.0098161,127.7577828450717,142.68671666877253,1443.6606958136713,13,44,169,dense,high
potato,Potato||Uttar Pradesh||Agra||Agra APMC,Potato,Uttar Pradesh,Agra,Agra APMC,27.1752554,78.0098161,1983.921031705639,739.6698307119167,1194.9715174467372,13,44,169,dense,high
potato,Potato||Uttar Pradesh||Agra||Fatehabad APMC,Potato,Uttar Pradesh,Agra,Fatehabad APMC,27.1752554,78.0098161,0.5988189039230807,0.3035996044784887,1480.9438737345633,13,44,169,dense,low
potato,Potato||Uttar Pradesh||Agra||Fatehpur Sikri APMC,Potato,Uttar Pradesh,Agra,Fatehpur Sikri APMC,27.175255399999998,78.0098161,64.42736938570259,263.4835261042024,1688.3510364872798,13,44,169,dense,high
potato,Potato||Uttar Pradesh||Agra||Samsabad APMC,Potato,Uttar Pradesh,Agra,Samsabad APMC,27.1752554,78.0098161,452.3917894791979,278.40232042139087,1044.0143902720463,13,44,169,dense,high
potato,Potato||Uttar Pradesh||Aligarh||Aligarh APMC,Potato,Uttar Pradesh,Aligarh,Aligarh APMC,27.876107300000005,78.1358153,311.3474148616683,137.13463711458684,1247.1597167961222,13,64,193,dense,high
potato,Potato||Uttar Pradesh||Aligarh||Atrauli APMC,Potato,Uttar Pradesh,Aligarh,Atrauli APMC,27.876107300000005,78.1358153,8.003424073297486,4.621191247094467,1018.6840092541023,13,64,193,dense,medium
potato,Potato||Uttar Pradesh||Aligarh||Charra APMC,Potato,Uttar Pradesh,Aligarh,Charra APMC,27.876107300000005,78.1358153,51.513037467488,253.33120250643793,1250.7278361940666,13,64,193,dense,high
potato,Potato||Uttar Pradesh||Aligarh||Khair APMC,Potato,Uttar Pradesh,Aligarh,Khair APMC,27.876107300000005,78.1358153,95.79258668240197,54.85960570300036,1138.392965395653,13,64,193,dense,high
potato,Potato||Uttar Pradesh||Ambedkarnagar||Akbarpur APMC,Potato,Uttar Pradesh,Ambedkarnagar,Akbarpur APMC,27.1303344,80.859666,45.846265530323116,23.577641962044517,1308.9119401749185,27,61,138,dense,high
potato,Potato||Uttar Pradesh||Amethi||Jafarganj APMC,Potato,Uttar Pradesh,Amethi,Jafarganj APMC,26.346274100000002,81.6252039,41.496678296900775,17.028125348183625,1363.988335635519,8,59,112,dense,high
potato,Potato||Uttar Pradesh||Amethi||Sultanpur APMC,Potato,Uttar Pradesh,Amethi,Sultanpur APMC,26.346274100000002,81.6252039,212.96699755228317,186.72629412928205,1361.9264483211655,8,59,112,dense,high
potato,Potato||Uttar Pradesh||Amroha||Amroha APMC,Potato,Uttar Pradesh,Amroha,Amroha APMC,28.7952632,78.3436244,78.76586247010404,46.831859704541436,1256.8897330543775,9,66,186,dense,high
potato,Potato||Uttar Pradesh||Amroha||Dhanaura APMC,Potato,Uttar Pradesh,Amroha,Dhanaura APMC,28.7952632,78.3436244,1.0690669395971222,0.09915373503403314,759.2352603241266,9,66,186,dense,low
potato,Potato||Uttar Pradesh||Amroha||Hasanpur APMC,Potato,Uttar Pradesh,Amroha,Hasanpur APMC,28.7952632,78.3436244,5.330245747242509,2.167299353619082,1135.6898213568102,9,66,186,dense,medium
potato,Potato||Uttar Pradesh||Auraiya||Achalda APMC,Potato,Uttar Pradesh,Auraiya,Achalda APMC,26.655821499999995,79.5160757,41.75977777308575,49.0734389631969,1152.2341902685316,10,59,152,dense,high
potato,Potato||Uttar Pradesh||Auraiya||Auraiya APMC,Potato,Uttar Pradesh,Auraiya,Auraiya APMC,26.6558215,79.5160757,96.08184859956636,52.585990648448586,1247.2272638291768,10,59,152,dense,high
potato,Potato||Uttar Pradesh||Auraiya||Dibiapur APMC,Potato,Uttar Pradesh,Auraiya,Dibiapur APMC,26.6558215,79.5160757,3.935814479520304,2.6214411786840897,784.9843464354522,10,59,152,dense,medium
potato,Potato||Uttar Pradesh||Ayodhya||Faizabad APMC,Potato,Uttar Pradesh,Ayodhya,Faizabad APMC,26.7990707,82.2052321,260.86173573327403,307.7064736385187,1362.1490683463696,7,46,108,dense,high
potato,Potato||Uttar Pradesh||Ayodhya||Rudauli APMC,Potato,Uttar Pradesh,Ayodhya,Rudauli APMC,26.799070699999998,82.2052321,17.132758553749735,17.394877102699233,981.8276215325436,7,46,108,dense,medium
potato,Potato||Uttar Pradesh||Azamgarh||Azamgarh APMC,Potato,Uttar Pradesh,Azamgarh,Azamgarh APMC,26.023639,83.0293105,185.2157121772396,78.73030276471958,1321.4309428522583,4,28,88,sparse,high
potato,Potato||Uttar Pradesh||Badaun||Badayoun APMC,Potato,Uttar Pradesh,Badaun,Badayoun APMC,28.0649367,79.043832,127.9590579198394,127.82127274614885,1281.2561394698214,17,47,186,dense,high
potato,Potato||Uttar Pradesh||Badaun||Bilsi APMC,Potato,Uttar Pradesh,Badaun,Bilsi APMC,28.064936700000004,79.043832,160.65214451907212,268.8228895742244,1155.8047307417667,17,47,186,dense,high
potato,Potato||Uttar Pradesh||Badaun||Bisoli APMC,Potato,Uttar Pradesh,Badaun,Bisoli APMC,28.0649367,79.043832,298.06081279606775,180.47343106021893,1107.5854288977496,17,47,186,dense,high
potato,Potato||Uttar Pradesh||Badaun||Shahaswan APMC,Potato,Uttar Pradesh,Badaun,Shahaswan APMC,28.0649367,79.043832,5.126651071528264,6.707750152354997,1147.0046263003892,17,47,186,dense,medium
potato,Potato||Uttar Pradesh||Badaun||Ujhani APMC,Potato,Uttar Pradesh,Badaun,Ujhani APMC,28.0649367,79.04383199999998,248.11749871580736,412.77640617238995,1469.7871860946768,17,47,186,dense,high
potato,Potato||Uttar Pradesh||Badaun||Wazirganj APMC,Potato,Uttar Pradesh,Badaun,Wazirganj APMC,28.064936699999997,79.043832,111.50128831137809,138.0942544769113,1228.2554098470723,17,47,186,dense,high
potato,Potato||Uttar Pradesh||Baghpat||Baraut APMC,Potato,Uttar Pradesh,Baghpat,Baraut APMC,29.0374779,77.3062737,19.015410304832052,14.722776688012283,1188.5020788585773,38,85,203,dense,medium
potato,Potato||Uttar Pradesh||Baghpat||Khekda APMC,Potato,Uttar Pradesh,Baghpat,Khekda APMC,29.037477900000003,77.3062737,0.5213346508308134,0.34359003997420107,985.8517585318589,38,85,203,dense,low
potato,Potato||Uttar Pradesh||Bahraich||Bahraich APMC,Potato,Uttar Pradesh,Bahraich,Bahraich APMC,27.7343823,81.47654,94.95686056599735,34.659490329511094,1379.1937620575463,5,45,115,dense,high
potato,Potato||Uttar Pradesh||Bahraich||Naanpara APMC,Potato,Uttar Pradesh,Bahraich,Naanpara APMC,27.7343823,81.47654,45.60925301094162,33.2380354800194,1315.5876534926858,5,45,115,dense,high
potato,Potato||Uttar Pradesh||Ballia||Ballia APMC,Potato,Uttar Pradesh,Ballia,Ballia APMC,25.8749595,84.1210329,117.62815280283553,52.446564915791924,1331.9744934529401,8,19,48,sparse,high
potato,Potato||Uttar Pradesh||Ballia||Chitwadagaon APMC,Potato,Uttar Pradesh,Ballia,Chitwadagaon APMC,25.8749595,84.1210329,1.1302296038686244,0.6438150889490649,1261.7702505448606,8,19,48,sparse,low
potato,Potato||Uttar Pradesh||Ballia||Rasda APMC,Potato,Uttar Pradesh,Ballia,Rasda APMC,25.8749595,84.1210329,30.642331769619958,13.37056569467081,1316.2106885228256,8,19,48,sparse,high
potato,Potato||Uttar Pradesh||Ballia||Vilthararoad APMC,Potato,Uttar Pradesh,Ballia,Vilthararoad APMC,25.874959500000003,84.1210329,17.17069135203496,3.7457110388009456,1111.9894940321394,8,19,48,sparse,medium
potato,Potato||Uttar Pradesh||Balrampur||Balrampur APMC,Potato,Uttar Pradesh,Balrampur,Balrampur APMC,27.4476988,82.3956245,34.00495501213442,12.036062046343488,1073.2871968883783,8,18,95,sparse,high
potato,Potato||Uttar Pradesh||Balrampur||Panchpedwa APMC,Potato,Uttar Pradesh,Balrampur,Panchpedwa APMC,27.4476988,82.3956245,4.1348686053060675,2.3752291085158257,2007.3754010518321,8,18,95,sparse,medium
potato,Potato||Uttar Pradesh||Balrampur||Tulsipur APMC,Potato,Uttar Pradesh,Balrampur,Tulsipur APMC,27.4476988,82.3956245,12.69553808272327,4.860799332014629,1343.3261625364376,8,18,95,sparse,medium
potato,Potato||Uttar Pradesh||Banda||Atarra APMC,Potato,Uttar Pradesh,Banda,Atarra APMC,25.4438537,80.5595237,16.41142212642954,11.691538982554016,1357.7457083466916,10,35,118,dense,medium
potato,Potato||Uttar Pradesh||Banda||Baberu APMC,Potato,Uttar Pradesh,Banda,Baberu APMC,25.4438537,80.5595237,24.89609708048049,27.96251496895142,948.0445931303409,10,35,118,dense,high
potato,Potato||Uttar Pradesh||Banda||Banda APMC,Potato,Uttar Pradesh,Banda,Banda APMC,25.4438537,80.5595237,22.88863321317875,13.177052296874555,1353.8984610293094,10,35,118,dense,high
potato,Potato||Uttar Pradesh||Barabanki||Barabanki APMC,Potato,Uttar Pradesh,Barabanki,Barabanki APMC,26.942140600000002,81.3856087,1062.1065677422173,229.07172970164598,1402.4754369761456,28,58,125,dense,high
potato,Potato||Uttar Pradesh||Barabanki||Safdarganj APMC,Potato,Uttar Pradesh,Barabanki,Safdarganj APMC,26.942140600000002,81.3856087,55.037545125302586,103.60837577992476,1343.3711194254306,28,58,125,dense,high
potato,Potato||Uttar Pradesh||Bareilly||Anwala APMC,Potato,Uttar Pradesh,Bareilly,Anwala APMC,28.4582345,79.4047452,20.79256659798697,8.183336317750724,1072.4488332837059,13,38,179,dense,medium
potato,Potato||Uttar Pradesh||Bareilly||Baheri APMC,Potato,Uttar Pradesh,Bareilly,Baheri APMC,28.458234499999996,79.4047452,7.088355305290521,4.3105632064343,1035.1545125410541,13,38,179,dense,medium
potato,Potato||Uttar Pradesh||Bareilly||Bareilly APMC,Potato,Uttar Pradesh,Bareilly,Bareilly APMC,28.4582345,79.4047452,177.56746276168116,229.52425094753622,1247.0797588479986,13,38,179,dense,high
potato,Potato||Uttar Pradesh||Basti||Basti APMC,Potato,Uttar Pradesh,Basti,Basti APMC,26.8387084,82.5350919,151.0072699537507,124.96253836877577,1357.4874381248646,9,28,100,sparse,high
potato,Potato||Uttar Pradesh||Bhadohi(Sant Ravi Nagar)||Gopiganj APMC,Potato,Uttar Pradesh,Bhadohi(Sant Ravi Nagar),Gopiganj APMC,27.130334400000002,80.859666,4.387159907442763,2.0835856118660434,893.2184343974133,27,61,138,dense,medium
potato,Potato||Uttar Pradesh||Bijnor||Bijnaur APMC,Potato,Uttar Pradesh,Bijnor,Bijnaur APMC,29.4074203,78.4821406,57.33626811490778,20.05213531001182,1294.1515264695006,8,66,173,dense,high
potato,Potato||Uttar Pradesh||Bijnor||Chaandpur APMC,Potato,Uttar Pradesh,Bijnor,Chaandpur APMC,29.4074203,78.4821406,0.028579559206042437,0.0125326486463658,1174.9733449839398,8,66,173,dense,low
potato,Potato||Uttar Pradesh||Bulandshahar||Anoop Shahar APMC,Potato,Uttar Pradesh,Bulandshahar,Anoop Shahar APMC,28.5242541,77.5995188,5.527935108588873,7.578038995019023,993.9658150243632,23,66,188,dense,medium
potato,Potato||Uttar Pradesh||Bulandshahar||Buland Shahr APMC,Potato,Uttar Pradesh,Bulandshahar,Buland Shahr APMC,28.5242541,77.5995188,162.22756955479218,248.5986759187998,1359.348841185821,23,66,188,dense,high
potato,Potato||Uttar Pradesh||Bulandshahar||Divai APMC,Potato,Uttar Pradesh,Bulandshahar,Divai APMC,28.5242541,77.5995188,3.199948293348872,1.1605211251888918,572.3521700103394,23,66,188,dense,medium
potato,Potato||Uttar Pradesh||Bulandshahar||Gulavati APMC,Potato,Uttar Pradesh,Bulandshahar,Gulavati APMC,28.5242541,77.5995188,0.5603021306189966,0.28411053625475613,1116.7906165369195,23,66,188,dense,low
potato,Potato||Uttar Pradesh||Bulandshahar||Jahangirabad APMC,Potato,Uttar Pradesh,Bulandshahar,Jahangirabad APMC,28.5242541,77.5995188,117.09762848095222,159.10107491231145,1360.461808708021,23,66,188,dense,high
potato,Potato||Uttar Pradesh||Bulandshahar||Khurja APMC,Potato,Uttar Pradesh,Bulandshahar,Khurja APMC,28.5242541,77.5995188,87.91706709035898,106.80504856152434,1363.7823414599243,23,66,188,dense,high
potato,Potato||Uttar Pradesh||Bulandshahar||Sikanderabad APMC,Potato,Uttar Pradesh,Bulandshahar,Sikanderabad APMC,28.524254099999997,77.5995188,34.223711235696065,19.89554006224497,1173.8637098080776,23,66,188,dense,high
potato,Potato||Uttar Pradesh||Bulandshahar||Sikarpur APMC,Potato,Uttar Pradesh,Bulandshahar,Sikarpur APMC,28.524254100000004,77.5995188,133.98440867225008,185.74462737205135,993.3156604105399,23,66,188,dense,high
potato,Potato||Uttar Pradesh||Bulandshahar||Siyana APMC,Potato,Uttar Pradesh,Bulandshahar,Siyana APMC,28.5242541,77.5995188,12.385931003311303,6.93790451221474,1086.8408578687745,23,66,188,dense,medium
potato,Potato||Uttar Pradesh||Chandauli||Chandoli APMC,Potato,Uttar Pradesh,Chandauli,Chandoli APMC,25.125695,83.2494601,60.34021682763024,34.35516040460592,1325.8696604626516,4,21,61,sparse,high
potato,Potato||Uttar Pradesh||Chitrakut||Karvi APMC,Potato,Uttar Pradesh,Chitrakut,Karvi APMC,25.2173874,80.9236326,22.657269645196415,43.256534770845484,1285.1254448100483,8,23,108,sparse,high
potato,Potato||Uttar Pradesh||Deoria||Devariya APMC,Potato,Uttar Pradesh,Deoria,Devariya APMC,26.423991100000002,83.7638578,139.74525833497216,74.68745453063515,1380.4849575833687,7,19,74,sparse,high
potato,Potato||Uttar Pradesh||Etah||Etah APMC,Potato,Uttar Pradesh,Etah,Etah APMC,27.5550357,78.5992221,72.44165476386972,52.96108481101373,1194.0344577183541,25,62,193,dense,high
potato,Potato||Uttar Pradesh||Etawah||Bharthna APMC,Potato,Uttar Pradesh,Etawah,Bharthna APMC,26.7155629,79.0917098,404.70572111312924,137.02779364268198,1253.1992102326835,8,51,158,dense,high
potato,Potato||Uttar Pradesh||Etawah||Etawah APMC,Potato,Uttar Pradesh,Etawah,Etawah APMC,26.7155629,79.0917098,1161.123059869138,747.7115723419448,1235.351518566987,8,51,158,dense,high
potato,Potato||Uttar Pradesh||Etawah||Jasvantnagar APMC,Potato,Uttar Pradesh,Etawah,Jasvantnagar APMC,26.7155629,79.0917098,139.17375891456038,154.70968461449056,1217.9628063889709,8,51,158,dense,high
potato,Potato||Uttar Pradesh||Farukhabad||Farukhabad APMC,Potato,Uttar Pradesh,Farukhabad,Farukhabad APMC,27.1303344,80.859666,1931.9997877398625,1140.586570007925,1138.3168383367229,27,61,138,dense,high
potato,Potato||Uttar Pradesh||Farukhabad||Kamlaganj APMC,Potato,Uttar Pradesh,Farukhabad,Kamlaganj APMC,27.130334400000002,80.859666,182.2477282720995,580.5210138013736,972.2441555883106,27,61,138,dense,high
potato,Potato||Uttar Pradesh||Farukhabad||Kayamganj APMC,Potato,Uttar Pradesh,Farukhabad,Kayamganj APMC,27.1303344,80.859666,419.5251013330986,267.23427986581027,1242.066562776111,27,61,138,dense,high
potato,Potato||Uttar Pradesh||Farukhabad||Mohamadabad APMC,Potato,Uttar Pradesh,Farukhabad,Mohamadabad APMC,27.130334400000002,80.859666,432.11829675095396,295.9501936320769,1176.440364106143,27,61,138,dense,high
potato,Potato||Uttar Pradesh||Fatehpur||Bindki APMC,Potato,Uttar Pradesh,Fatehpur,Bindki APMC,25.8348023,80.9154547,34.36413457990132,36.69307104632584,1248.840019758299,8,56,118,dense,high
potato,Potato||Uttar Pradesh||Fatehpur||Fatehpur APMC,Potato,Uttar Pradesh,Fatehpur,Fatehpur APMC,25.8348023,80.91545469999998,47.48812642133761,40.97605138250462,1226.5603559080494,8,56,118,dense,high
potato,Potato||Uttar Pradesh||Fatehpur||Khaga APMC,Potato,Uttar Pradesh,Fatehpur,Khaga APMC,25.8348023,80.9154547,87.95155814048002,54.45256924962688,1268.539455369843,8,56,118,dense,high
potato,Potato||Uttar Pradesh||Firozabad||Firozabad APMC,Potato,Uttar Pradesh,Firozabad,Firozabad APMC,27.1941954,78.4604956,502.2133293675302,322.2445340173797,1226.5008473882863,14,44,173,dense,high
potato,Potato||Uttar Pradesh||Firozabad||Shikohabad APMC,Potato,Uttar Pradesh,Firozabad,Shikohabad APMC,27.194195400000005,78.4604956,970.523959327613,2331.187134908788,697.8419811460428,14,44,173,dense,high
potato,Potato||Uttar Pradesh||Firozabad||Sirsaganj APMC,Potato,Uttar Pradesh,Firozabad,Sirsaganj APMC,27.1941954,78.4604956,891.5620696306466,1443.6659192308261,736.4879803140545,14,44,173,dense,high
potato,Potato||Uttar Pradesh||Firozabad||Tundla APMC,Potato,Uttar Pradesh,Firozabad,Tundla APMC,27.1941954,78.4604956,672.8051628611682,537.3725323959895,1161.3285327862611,14,44,173,dense,high
potato,Potato||Uttar Pradesh||Gautam Budh Nagar||Dadri APMC,Potato,Uttar Pradesh,Gautam Budh Nagar,Dadri APMC,28.4492122,77.5281018,55.88647466906745,36.384400131117,1378.6829184896105,26,72,188,dense,high
potato,Potato||Uttar Pradesh||Gautam Budh Nagar||Dankaur APMC,Potato,Uttar Pradesh,Gautam Budh Nagar,Dankaur APMC,28.4492122,77.5281018,1.618321023573599,0.25790336869728414,1581.9725764508669,26,72,188,dense,low
potato,Potato||Uttar Pradesh||Ghaziabad||Ghaziabad APMC,Potato,Uttar Pradesh,Ghaziabad,Ghaziabad APMC,28.7749966,77.4586967,359.4022000682005,298.42309969663347,1388.3673452376502,27,83,193,dense,high
potato,Potato||Uttar Pradesh||Ghaziabad||Hapur APMC,Potato,Uttar Pradesh,Ghaziabad,Hapur APMC,28.7749966,77.4586967,291.71907015488597,257.27715004406554,1348.57323965975,27,83,193,dense,high
potato,Potato||Uttar Pradesh||Ghaziabad||Noida APMC,Potato,Uttar Pradesh,Ghaziabad,Noida APMC,28.7749966,77.4586967,136.66424488308556,120.65231182833459,1392.2868835221964,27,83,193,dense,high
potato,Potato||Uttar Pradesh||Ghazipur||Gazipur APMC,Potato,Uttar Pradesh,Ghazipur,Gazipur APMC,25.603486300000004,83.5075888,55.64501444199769,28.86070533003679,1417.2562441701805,8,23,63,sparse,high
potato,Potato||Uttar Pradesh||Gonda||Gonda APMC,Potato,Uttar Pradesh,Gonda,Gonda APMC,27.1103723,81.9238906,55.990582855905004,43.22195082395633,1370.0245656749526,9,45,112,dense,high
potato,Potato||Uttar Pradesh||Gonda||Nawabganj APMC,Potato,Uttar Pradesh,Gonda,Nawabganj APMC,27.1103723,81.9238906,15.407350230315217,38.50086680696872,1356.9843047069253,9,45,112,dense,medium
potato,Potato||Uttar Pradesh||Gorakhpur||Chorichora APMC,Potato,Uttar Pradesh,Gorakhpur,Chorichora APMC,26.6677977,83.3642334,70.97737458319065,83.41729514403433,963.6934372169361,5,21,84,sparse,high
potato,Potato||Uttar Pradesh||Gorakhpur||Gorakhpur APMC,Potato,Uttar Pradesh,Gorakhpur,Gorakhpur APMC,26.667797699999998,83.3642334,264.7873433146682,69.58614158129684,1339.1625725252225,5,21,84,sparse,high
potato,Potato||Uttar Pradesh||Gorakhpur||Sehjanwa APMC,Potato,Uttar Pradesh,Gorakhpur,Sehjanwa APMC,26.6677977,83.3642334,11.671965460468016,61.44648449338981,1646.687581222916,5,21,84,sparse,medium
potato,Potato||Uttar Pradesh||Hamirpur||Bharuasumerpur APMC,Potato,Uttar Pradesh,Hamirpur,Bharuasumerpur APMC,25.75,80.0,10.323373869811258,3.1672256157001493,1342.886933879738,10,44,123,dense,medium
potato,Potato||Uttar Pradesh||Hamirpur||Maudaha APMC,Potato,Uttar Pradesh,Hamirpur,Maudaha APMC,25.75,80.0,2.9082199926857695,7.433103026856295,1439.3866998756332,10,44,123,dense,medium
potato,Potato||Uttar Pradesh||Hamirpur||Muskara APMC,Potato,Uttar Pradesh,Hamirpur,Muskara APMC,25.75,80.0,2.639765858334847,1.7818041554909643,1354.6954966903447,10,44,123,dense,low
potato,Potato||Uttar Pradesh||Hamirpur||Raath APMC,Potato,Uttar Pradesh,Hamirpur,Raath APMC,25.75,80.0,20.826768274159637,6.456278362599428,1010.811091533923,10,44,123,dense,medium
potato,Potato||Uttar Pradesh||Hardoi||Hardoi APMC,Potato,Uttar Pradesh,Hardoi,Hardoi APMC,27.3369978,80.0998232,208.98244216955587,173.94008956900956,1334.6627211937175,11,68,155,dense,high
potato,Potato||Uttar Pradesh||Hardoi||Madhoganj APMC,Potato,Uttar Pradesh,Hardoi,Madhoganj APMC,27.3369978,80.0998232,212.06765596897486,152.0524751728002,1293.7237787085069,11,68,155,dense,high
potato,Potato||Uttar Pradesh||Hardoi||Sandi APMC,Potato,Uttar Pradesh,Hardoi,Sandi APMC,27.3369978,80.0998232,83.13506783501755,41.61452076467365,1736.337227979791,11,68,155,dense,high
potato,Potato||Uttar Pradesh||Hardoi||Sandila APMC,Potato,Uttar Pradesh,Hardoi,Sandila APMC,27.3369978,80.0998232,160.1242551499522,172.71652857776812,1294.161693049134,11,68,155,dense,high
potato,Potato||Uttar Pradesh||Hardoi||Shahabad(New Mandi) APMC,Potato,Uttar Pradesh,Hardoi,Shahabad(New Mandi) APMC,27.3369978,80.0998232,88.0814085577699,76.11242790578467,972.7891959115594,11,68,155,dense,high
potato,Potato||Uttar Pradesh||Hathras||Haathras APMC,Potato,Uttar Pradesh,Hathras,Haathras APMC,27.5724324,78.1116209,1176.526835428594,732.0109266430469,1239.558658688368,18,65,201,dense,high
potato,Potato||Uttar Pradesh||Hathras||Shadabad APMC,Potato,Uttar Pradesh,Hathras,Shadabad APMC,27.572432399999997,78.1116209,1.1853305347238587,1.2791000222075704,924.0453883296575,18,65,201,dense,low
potato,Potato||Uttar Pradesh||Jalaun (Orai)||Jalaun APMC,Potato,Uttar Pradesh,Jalaun (Orai),Jalaun APMC,25.9895758,79.4538041,6.399402487352825,5.034814040160779,917.2036489938654,12,37,131,dense,medium
potato,Potato||Uttar Pradesh||Jalaun (Orai)||Konch APMC,Potato,Uttar Pradesh,Jalaun (Orai),Konch APMC,25.9895758,79.4538041,12.133447173802208,14.967240030562946,1216.330204164089,12,37,131,dense,medium
potato,Potato||Uttar Pradesh||Jalaun (Orai)||Orai APMC,Potato,Uttar Pradesh,Jalaun (Orai),Orai APMC,25.989575800000004,79.4538041,9.09039237514002,5.77844842873099,1370.4382939254567,12,37,131,dense,medium
potato,Potato||Uttar Pradesh||Jaunpur||Jaunpur APMC,Potato,Uttar Pradesh,Jaunpur,Jaunpur APMC,25.7967065,82.4888992,124.72829916743132,63.04337044332853,1281.8929165983257,5,24,102,sparse,high
potato,Potato||Uttar Pradesh||Jaunpur||Mugrabaadshahpur APMC,Potato,Uttar Pradesh,Jaunpur,Mugrabaadshahpur APMC,25.7967065,82.4888992,35.457466193891946,14.40611700141594,1330.1914939052604,5,24,102,sparse,high
potato,Potato||Uttar Pradesh||Jaunpur||Shahganj APMC,Potato,Uttar Pradesh,Jaunpur,Shahganj APMC,25.7967065,82.4888992,34.58102438101162,12.898675687329726,1294.0339651745749,5,24,102,sparse,high
potato,Potato||Uttar Pradesh||Jhansi||Chirgaon APMC,Potato,Uttar Pradesh,Jhansi,Chirgaon APMC,25.529855,78.6527802,8.288030633703515,8.474569583751897,1388.0085242216737,4,21,112,sparse,medium
potato,Potato||Uttar Pradesh||Jhansi||Gurusarai APMC,Potato,Uttar Pradesh,Jhansi,Gurusarai APMC,25.529855,78.6527802,2.729892707398585,43.22400783005043,1411.8786384396974,4,21,112,sparse,medium
potato,Potato||Uttar Pradesh||Jhansi||Jhansi APMC,Potato,Uttar Pradesh,Jhansi,Jhansi APMC,25.529855,78.6527802,101.66396796893504,58.167784125100994,1384.9237739527491,4,21,112,sparse,high
potato,Potato||Uttar Pradesh||Jhansi||Mauranipur APMC,Potato,Uttar Pradesh,Jhansi,Mauranipur APMC,25.529855,78.6527802,6.204571266840771,0.5899170569782438,1398.4171980185956,4,21,112,sparse,medium
potato,Potato||Uttar Pradesh||Jhansi||Moth APMC,Potato,Uttar Pradesh,Jhansi,Moth APMC,25.529855,78.6527802,5.1711835444907335,3.5977654495014155,1395.7190691490687,4,21,112,sparse,medium
potato,Potato||Uttar Pradesh||Kannuj||Chhibramau APMC,Potato,Uttar Pradesh,Kannuj,Chhibramau APMC,27.1303344,80.859666,759.2295004036921,938.2492514690674,1166.057978769899,27,61,138,dense,high
potato,Potato||Uttar Pradesh||Kannuj||Kannauj APMC,Potato,Uttar Pradesh,Kannuj,Kannauj APMC,27.1303344,80.859666,2081.174491054436,954.8284937348008,1179.3483620463217,27,61,138,dense,high
potato,Potato||Uttar Pradesh||Kanpur Dehat||Jhijhank APMC,Potato,Uttar Pradesh,Kanpur Dehat,Jhijhank APMC,26.458564,79.8548052,35.70048588183807,15.606846374279773,835.3438451152349,11,59,140,dense,high
potato,Potato||Uttar Pradesh||Kanpur Dehat||Pukharayan APMC,Potato,Uttar Pradesh,Kanpur Dehat,Pukharayan APMC,26.458563999999996,79.8548052,25.46310047807457,5.915703994086773,1225.545296425866,11,59,140,dense,high
potato,Potato||Uttar Pradesh||Kanpur||Choubepur APMC,Potato,Uttar Pradesh,Kanpur,Choubepur APMC,26.460913499999997,80.3217588,186.2289434100817,173.1324609892789,1170.165081483769,13,64,143,dense,high
potato,Potato||Uttar Pradesh||Kanpur||Kanpur(Grain) APMC,Potato,Uttar Pradesh,Kanpur,Kanpur(Grain) APMC,26.4609135,80.3217588,2676.505248456407,1537.8979708843553,1279.5440116689151,13,64,143,dense,high
potato,Potato||Uttar Pradesh||Kanpur||Uttaripura APMC,Potato,Uttar Pradesh,Kanpur,Uttaripura APMC,26.4609135,80.3217588,436.39075969304366,455.84642543999115,1084.6201360724222,13,64,143,dense,high
potato,Potato||Uttar Pradesh||Kanpur||Varipaal APMC,Potato,Uttar Pradesh,Kanpur,Varipaal APMC,26.460913499999997,80.3217588,11.711272500723174,10.691468256699673,847.0977150275412,13,64,143,dense,medium
potato,Potato||Uttar Pradesh||Kasganj||Kasganj APMC,Potato,Uttar Pradesh,Kasganj,Kasganj APMC,27.7888528,78.8229701,127.42372709345577,79.2408305994894,1284.7761021465758,16,64,188,dense,high
potato,Potato||Uttar Pradesh||Kaushambi||Bharwari APMC,Potato,Uttar Pradesh,Kaushambi,Bharwari APMC,25.534245599999995,81.4493567,24.493682855807382,14.663604763157318,1291.43327984307,9,34,111,dense,high
potato,Potato||Uttar Pradesh||Kaushambi||Manjhanpur APMC,Potato,Uttar Pradesh,Kaushambi,Manjhanpur APMC,25.5342456,81.4493567,21.13668218914985,8.294490023299307,2146.850126834684,9,34,111,dense,medium
potato,Potato||Uttar Pradesh||Khiri (Lakhimpur)||Mohammdi APMC,Potato,Uttar Pradesh,Khiri (Lakhimpur),Mohammdi APMC,27.130334400000002,80.859666,51.50882915119271,56.86403666587462,1249.4155964897523,27,61,138,dense,high
potato,Potato||Uttar Pradesh||Lakhimpur||Golagokarnath APMC,Potato,Uttar Pradesh,Lakhimpur,Golagokarnath APMC,27.9850602,80.7538454,63.995014003092614,30.32560041954686,1274.4453667995642,5,39,138,dense,high
potato,Potato||Uttar Pradesh||Lakhimpur||Lakhimpur APMC,Potato,Uttar Pradesh,Lakhimpur,Lakhimpur APMC,27.9850602,80.7538454,387.15082038965755,673.6284466485749,1301.300840368681,5,39,138,dense,high
potato,Potato||Uttar Pradesh||Lalitpur||Lalitpur APMC,Potato,Uttar Pradesh,Lalitpur,Lalitpur APMC,24.6999688,78.51862,44.81271076061941,25.856318341186014,1417.8346660517052,0,9,65,sparse,high
potato,Potato||Uttar Pradesh||Lucknow||Lucknow APMC,Potato,Uttar Pradesh,Lucknow,Lucknow APMC,26.8381,80.9346001,447.0703417934215,96.67493973990922,1324.1191055507068,35,59,142,dense,high
potato,Potato||Uttar Pradesh||Maharajganj||Anandnagar APMC,Potato,Uttar Pradesh,Maharajganj,Anandnagar APMC,26.471084699999995,81.1807046,6.296253498517524,2.3008411809710645,1396.990831395404,15,68,126,dense,medium
potato,Potato||Uttar Pradesh||Maharajganj||Gadaura APMC,Potato,Uttar Pradesh,Maharajganj,Gadaura APMC,26.4710847,81.1807046,18.463543963997605,14.2054439671614,1117.1447854000442,15,68,126,dense,medium
potato,Potato||Uttar Pradesh||Maharajganj||Nautnava APMC,Potato,Uttar Pradesh,Maharajganj,Nautnava APMC,26.4710847,81.1807046,1.410780950574019,5.784532538947669,1310.6259586454808,15,68,126,dense,low
potato,Potato||Uttar Pradesh||Maharajganj||Partaval APMC,Potato,Uttar Pradesh,Maharajganj,Partaval APMC,26.4710847,81.1807046,91.7221363574378,69.4420178406154,1318.3019484870458,15,68,126,dense,high
potato,Potato||Uttar Pradesh||Mahoba||Mahoba APMC,Potato,Uttar Pradesh,Mahoba,Mahoba APMC,25.3615939,79.706011,31.601173035717487,32.93528211389256,1368.5086981227196,7,29,113,sparse,high
potato,Potato||Uttar Pradesh||Mainpuri||Bewar APMC,Potato,Uttar Pradesh,Mainpuri,Bewar APMC,27.209307200000005,79.0625369,282.0469549217904,189.8590328120059,1020.9305507011626,11,54,164,dense,high
potato,Potato||Uttar Pradesh||Mainpuri||Ghiraur APMC,Potato,Uttar Pradesh,Mainpuri,Ghiraur APMC,27.209307200000005,79.0625369,444.0297500839675,243.0699662668415,1171.4862166827613,11,54,164,dense,high
potato,Potato||Uttar Pradesh||Mainpuri||Mainpuri APMC,Potato,Uttar Pradesh,Mainpuri,Mainpuri APMC,27.209307200000005,79.0625369,962.9336148942901,779.7885288509365,1219.310675796331,11,54,164,dense,high
potato,Potato||Uttar Pradesh||Mathura||Kosikalan APMC,Potato,Uttar Pradesh,Mathura,Kosikalan APMC,27.495553900000004,77.6855554,16.048617317686304,19.131920362080866,1183.4823576691404,12,61,160,dense,medium
potato,Potato||Uttar Pradesh||Mathura||Mathura APMC,Potato,Uttar Pradesh,Mathura,Mathura APMC,27.495553899999997,77.6855554,306.4084430767025,142.27997758841525,1298.7984498393932,12,61,160,dense,high
potato,Potato||Uttar Pradesh||Mau(Maunathbhanjan)||Doharighat APMC,Potato,Uttar Pradesh,Mau(Maunathbhanjan),Doharighat APMC,27.1303344,80.859666,1.4367416939423625,11.170588524168721,1757.6463293300362,27,61,138,dense,low
potato,Potato||Uttar Pradesh||Mau(Maunathbhanjan)||Kopaganj APMC,Potato,Uttar Pradesh,Mau(Maunathbhanjan),Kopaganj APMC,27.130334400000002,80.859666,59.69430172193352,56.39125245230825,1280.4024720232546,27,61,138,dense,high
potato,Potato||Uttar Pradesh||Meerut||Meerut APMC,Potato,Uttar Pradesh,Meerut,Meerut APMC,29.0018557,77.7679671,302.52607079657787,258.2843924144905,1339.8834460536868,30,79,187,dense,high
potato,Potato||Uttar Pradesh||Mirzapur||Ahirora APMC,Potato,Uttar Pradesh,Mirzapur,Ahirora APMC,24.931689600000002,82.6280163,71.35744083806041,67.69161480215112,1245.5108735609374,5,17,72,sparse,high
potato,Potato||Uttar Pradesh||Mirzapur||Mirzapur APMC,Potato,Uttar Pradesh,Mirzapur,Mirzapur APMC,24.9316896,82.6280163,125.70628181479557,76.4505436071058,1330.898489891943,5,17,72,sparse,high
potato,Potato||Uttar Pradesh||Muzaffarnagar||Muzzafarnagar APMC,Potato,Uttar Pradesh,Muzaffarnagar,Muzzafarnagar APMC,29.4496979,77.7429333,85.04025933428349,33.46820118198979,1378.6458145577553,19,90,197,dense,high
potato,Potato||Uttar Pradesh||Pillibhit||Bishalpur APMC,Potato,Uttar Pradesh,Pillibhit,Bishalpur APMC,27.1303344,80.859666,42.15254552022192,31.48423960542069,1237.8941422162075,27,61,138,dense,high
potato,Potato||Uttar Pradesh||Pillibhit||Pilibhit APMC,Potato,Uttar Pradesh,Pillibhit,Pilibhit APMC,27.1303344,80.859666,79.90405695565389,97.60998900768575,1237.5518809963942,27,61,138,dense,high
potato,Potato||Uttar Pradesh||Pillibhit||Puranpur APMC,Potato,Uttar Pradesh,Pillibhit,Puranpur APMC,27.130334400000002,80.859666,34.421193722071244,54.74888477266182,1276.8789336109812,27,61,138,dense,high
potato,Potato||Uttar Pradesh||Pratapgarh||Pratapgarh APMC,Potato,Uttar Pradesh,Pratapgarh,Pratapgarh APMC,25.75,81.75,75.36651299147692,44.74215313336666,1289.9099116272446,10,38,108,dense,high
potato,Potato||Uttar Pradesh||Prayagraj||Ajuha APMC,Potato,Uttar Pradesh,Prayagraj,Ajuha APMC,25.4381302,81.8338005,31.019852113938896,25.58390677977075,1251.9716454344737,5,26,103,sparse,high
potato,Potato||Uttar Pradesh||Prayagraj||Jasra APMC,Potato,Uttar Pradesh,Prayagraj,Jasra APMC,25.4381302,81.8338005,50.23312751437727,26.214882722633046,880.8233816145984,5,26,103,sparse,high
potato,Potato||Uttar Pradesh||Prayagraj||Prayagraj APMC,Potato,Uttar Pradesh,Prayagraj,Prayagraj APMC,25.4381302,81.8338005,284.24080270022233,196.73761945330364,1450.2850076915513,5,26,103,sparse,high
potato,Potato||Uttar Pradesh||Raebarelli||Jayas APMC,Potato,Uttar Pradesh,Raebarelli,Jayas APMC,26.772397,80.94436260000002,73.77439249368314,59.18314899497351,1311.6884894837417,31,65,138,dense,high
potato,Potato||Uttar Pradesh||Raebarelli||Lalganj APMC,Potato,Uttar Pradesh,Raebarelli,Lalganj APMC,26.7724397,80.9443515,29.89098588905705,57.94992486480845,1289.8902745195749,31,65,138,dense,high
potato,Potato||Uttar Pradesh||Raebarelli||Raibareilly APMC,Potato,Uttar Pradesh,Raebarelli,Raibareilly APMC,26.772397,80.94436260000002,51.13439864131214,25.65352673057898,1284.814260715737,31,65,138,dense,high
potato,Potato||Uttar Pradesh||Raebarelli||Salon APMC,Potato,Uttar Pradesh,Raebarelli,Salon APMC,26.772397000000005,80.9443626,28.63012635256599,18.956561122149473,1295.5347958479847,31,65,138,dense,high
potato,Potato||Uttar Pradesh||Rampur||Milak APMC,Potato,Uttar Pradesh,Rampur,Milak APMC,28.793472800000004,79.1845806,16.586807836902207,6.4095832192407105,1284.7017240385173,8,38,186,dense,medium
potato,Potato||Uttar Pradesh||Rampur||Rampur APMC,Potato,Uttar Pradesh,Rampur,Rampur APMC,28.7934728,79.18458060000002,69.28271045055864,34.84098917895247,1258.4045139155476,8,38,186,dense,high
potato,Potato||Uttar Pradesh||Saharanpur||Chutmalpur APMC,Potato,Uttar Pradesh,Saharanpur,Chutmalpur APMC,29.985679900000004,77.5040646,1.958639315205548,1.6653863225929828,1129.3241426919847,22,68,198,dense,low
potato,Potato||Uttar Pradesh||Saharanpur||Gangoh APMC,Potato,Uttar Pradesh,Saharanpur,Gangoh APMC,29.9856799,77.5040646,0.7870052822049791,0.4252410794299327,1247.6467357339877,22,68,198,dense,low
potato,Potato||Uttar Pradesh||Saharanpur||Rampurmaniharan APMC,Potato,Uttar Pradesh,Saharanpur,Rampurmaniharan APMC,29.9856799,77.5040646,2.2421674866067285,2.2537270681865262,1253.764067656871,22,68,198,dense,low
potato,Potato||Uttar Pradesh||Saharanpur||Saharanpur APMC,Potato,Uttar Pradesh,Saharanpur,Saharanpur APMC,29.985679900000004,77.5040646,232.89673567298732,83.93398666530143,1371.861071009843,22,68,198,dense,high
potato,Potato||Uttar Pradesh||Sambhal||Bhehjoi APMC,Potato,Uttar Pradesh,Sambhal,Bhehjoi APMC,28.427192799999997,78.5564546,21.112283378669964,14.71866064331241,1044.2044545600838,18,69,197,dense,medium
potato,Potato||Uttar Pradesh||Sambhal||Chandausi APMC,Potato,Uttar Pradesh,Sambhal,Chandausi APMC,28.427192799999997,78.5564546,273.13466793350074,311.09289442892884,1282.3387506253518,18,69,197,dense,high
potato,Potato||Uttar Pradesh||Sambhal||Muradabad APMC,Potato,Uttar Pradesh,Sambhal,Muradabad APMC,28.427192799999997,78.5564546,203.902607689428,201.37650701598105,1289.3894274157346,18,69,197,dense,high
potato,Potato||Uttar Pradesh||Sambhal||Sambhal APMC,Potato,Uttar Pradesh,Sambhal,Sambhal APMC,28.4271928,78.5564546,18.16803471017896,12.243592156843869,1076.9861968909386,18,69,197,dense,medium
potato,Potato||Uttar Pradesh||Sant Kabir Nagar||Khalilabad APMC,Potato,Uttar Pradesh,Sant Kabir Nagar,Khalilabad APMC,26.755082,83.0398545,127.65965615725153,498.30938537132755,1513.7734846750163,5,24,95,sparse,high
potato,Potato||Uttar Pradesh||Shahjahanpur||Puwaha APMC,Potato,Uttar Pradesh,Shahjahanpur,Puwaha APMC,27.9128583,79.7476254,71.01290183977707,67.7018579105207,1280.2660044327276,16,57,178,dense,high
potato,Potato||Uttar Pradesh||Shahjahanpur||Shahjahanpur APMC,Potato,Uttar Pradesh,Shahjahanpur,Shahjahanpur APMC,27.9128583,79.7476254,163.3458832562285,192.03820438264205,1315.922545991098,16,57,178,dense,high
potato,Potato||Uttar Pradesh||Shahjahanpur||Tilhar APMC,Potato,Uttar Pradesh,Shahjahanpur,Tilhar APMC,27.912858300000003,79.7476254,16.484623417134397,13.887341498087803,995.2774022539852,16,57,178,dense,medium
potato,Potato||Uttar Pradesh||Shamli||Kairana APMC,Potato,Uttar Pradesh,Shamli,Kairana APMC,29.481150800000005,77.2901344,1.2980863707217618,0.2525903530294454,1016.5155452398288,29,92,215,dense,low
potato,Potato||Uttar Pradesh||Shamli||Khandhla APMC,Potato,Uttar Pradesh,Shamli,Khandhla APMC,29.4811508,77.2901344,1.8369459341143481,0.6966736934969565,983.6536633557276,29,92,215,dense,low
potato,Potato||Uttar Pradesh||Shamli||Shamli APMC,Potato,Uttar Pradesh,Shamli,Shamli APMC,29.4811508,77.2901344,91.78273128751174,54.42550304514478,1406.0863544552142,29,92,215,dense,high
potato,Potato||Uttar Pradesh||Shamli||Thanabhavan APMC,Potato,Uttar Pradesh,Shamli,Thanabhavan APMC,29.4811508,77.2901344,3.7265686871291845,1.7770117919893393,797.1967544998564,29,92,215,dense,medium
potato,Potato||Uttar Pradesh||Siddharth Nagar||Sahiyapur APMC,Potato,Uttar Pradesh,Siddharth Nagar,Sahiyapur APMC,27.27547,83.0880597,42.34074232646448,288.4375947248113,1291.236997450089,8,14,89,sparse,high
potato,Potato||Uttar Pradesh||Sitapur||Hargaon (Laharpur) APMC,Potato,Uttar Pradesh,Sitapur,Hargaon (Laharpur) APMC,27.5026748,80.8335139,6.502849086054652,2.5848696470794748,1098.1845714311248,27,49,133,dense,medium
potato,Potato||Uttar Pradesh||Sitapur||Mehmoodabad APMC,Potato,Uttar Pradesh,Sitapur,Mehmoodabad APMC,27.5026748,80.8335139,59.47013965413642,34.79644331133655,1329.4488827069756,27,49,133,dense,high
potato,Potato||Uttar Pradesh||Sitapur||Sitapur APMC,Potato,Uttar Pradesh,Sitapur,Sitapur APMC,27.5026748,80.8335139,247.52713386484587,333.87837176079216,1316.3478393135897,27,49,133,dense,high
potato,Potato||Uttar Pradesh||Sitapur||Viswan APMC,Potato,Uttar Pradesh,Sitapur,Viswan APMC,27.502674799999998,80.8335139,74.49851985105794,33.043034967671275,1479.4424057668994,27,49,133,dense,high
potato,Potato||Uttar Pradesh||Sonbhadra||Dudhi APMC,Potato,Uttar Pradesh,Sonbhadra,Dudhi APMC,24.4148159,83.0637517,1.9615404320632046,1.8416935624038722,1077.2968726179945,3,7,50,sparse,low
potato,Potato||Uttar Pradesh||Sonbhadra||Robertsganj APMC,Potato,Uttar Pradesh,Sonbhadra,Robertsganj APMC,24.414815899999997,83.0637517,136.02564011168982,64.84251931290015,1454.7441661823384,3,7,50,sparse,high
potato,Potato||Uttar Pradesh||Unnao||Bangarmau APMC,Potato,Uttar Pradesh,Unnao,Bangarmau APMC,26.5673264,80.6198193,94.42607921148107,62.46503991741302,1325.5512977960486,29,65,143,dense,high
potato,Potato||Uttar Pradesh||Unnao||Purwa APMC,Potato,Uttar Pradesh,Unnao,Purwa APMC,26.5673264,80.6198193,14.284391102119987,7.155654752199622,1310.930534315455,29,65,143,dense,medium
potato,Potato||Uttar Pradesh||Unnao||Unnao APMC,Potato,Uttar Pradesh,Unnao,Unnao APMC,26.5673264,80.6198193,37.953030566500054,27.254813136525343,1328.8353372122754,29,65,143,dense,high
potato,Potato||Uttar Pradesh||Varanasi||Varanasi(F&V) APMC,Potato,Uttar Pradesh,Varanasi,Varanasi(F&V) APMC,25.335649100000005,83.0076292,304.1622409153727,173.61765233003678,906.9315000075997,7,21,82,sparse,high
potato,Potato||Uttarakhand||Dehradoon||Dehradoon APMC,Potato,Uttarakhand,Dehradoon,Dehradoon APMC,30.0417376,79.089691,115.35406631882113,64.0358673498766,1002.0446995825547,9,17,134,sparse,high
potato,Potato||Uttarakhand||Dehradoon||Rishikesh APMC,Potato,Uttarakhand,Dehradoon,Rishikesh APMC,30.0417376,79.089691,24.16975667965785,20.84647428311684,1367.6526918530085,9,17,134,sparse,high
potato,Potato||Uttarakhand||Dehradoon||Vikasnagar APMC,Potato,Uttarakhand,Dehradoon,Vikasnagar APMC,30.0417376,79.089691,20.05139075057428,16.0259491769613,1022.5556673952018,9,17,134,sparse,medium
potato,Potato||Uttarakhand||Garhwal (Pauri)||Kotadwara APMC,Potato,Uttarakhand,Garhwal (Pauri),Kotadwara APMC,30.2221746,78.7707901,2.773473873058331,6.3298832428633665,1366.1997604247786,9,24,146,sparse,medium
potato,Potato||Uttarakhand||Haridwar||Haridwar Union APMC,Potato,Uttarakhand,Haridwar,Haridwar Union APMC,29.9123514,78.0087178,41.70089396798389,12.334666884833094,1126.2834431934205,14,60,192,dense,high
potato,Potato||Uttarakhand||Haridwar||Manglaur APMC,Potato,Uttarakhand,Haridwar,Manglaur APMC,29.9123514,78.0087178,2.54018087470936,1.796263427447542,945.6285322262029,14,60,192,dense,low
potato,Potato||Uttarakhand||Haridwar||Roorkee APMC,Potato,Uttarakhand,Haridwar,Roorkee APMC,29.912351400000002,78.0087178,26.1780583699495,20.233848906040127,942.9748206841733,14,60,192,dense,high
potato,Potato||Uttarakhand||Nanital||Haldwani APMC,Potato,Uttarakhand,Nanital,Haldwani APMC,30.041737599999998,79.089691,89.38591324517697,51.44600368641322,1238.1089288705264,9,17,134,sparse,high
potato,Potato||Uttarakhand||Nanital||Ramnagar APMC,Potato,Uttarakhand,Nanital,Ramnagar APMC,30.0417376,79.089691,12.163222302838172,8.072690008589337,748.1784980021409,9,17,134,sparse,medium
potato,Potato||Uttarakhand||Udhamsinghnagar||Kashipur APMC,Potato,Uttarakhand,Udhamsinghnagar,Kashipur APMC,30.0417376,79.089691,10.422226415673041,6.738882038637954,952.6391844313396,9,17,134,sparse,medium
potato,Potato||Uttarakhand||Udhamsinghnagar||Khateema APMC,Potato,Uttarakhand,Udhamsinghnagar,Khateema APMC,30.0417376,79.089691,5.258573529351093,2.9757347907392226,1138.4433295097674,9,17,134,sparse,medium
potato,Potato||Uttarakhand||Udhamsinghnagar||Rudrapur APMC,Potato,Uttarakhand,Udhamsinghnagar,Rudrapur APMC,30.0417376,79.089691,25.220020155720277,7.662692091846269,1078.538792273593,9,17,134,sparse,high
potato,Potato||Uttarakhand||Udhamsinghnagar||Sitarganj APMC,Potato,Uttarakhand,Udhamsinghnagar,Sitarganj APMC,30.0417376,79.089691,6.503235644343018,4.240682885128647,1161.6127170395355,9,17,134,sparse,medium
potato,Potato||West Bengal||Alipurduar||Alipurduar APMC,Potato,West Bengal,Alipurduar,Alipurduar APMC,26.485157300000004,89.5246926,21.164120314649963,9.831349041571736,1607.6454133739721,9,18,32,sparse,medium
potato,Potato||West Bengal||Alipurduar||Falakata APMC,Potato,West Bengal,Alipurduar,Falakata APMC,26.485157299999997,89.5246926,22.610089451591797,11.39737571483802,1564.229707003511,9,18,32,sparse,high
potato,Potato||West Bengal||Bankura||Bankura Sadar APMC,Potato,West Bengal,Bankura,Bankura Sadar APMC,23.132377,87.2081925,31.548099409563246,4.969480501054803,1563.463003774155,6,37,61,dense,high
potato,Potato||West Bengal||Bankura||Bishnupur(Bankura) APMC,Potato,West Bengal,Bankura,Bishnupur(Bankura) APMC,23.132377,87.2081925,4.965969603978285,0.6744384935226865,1513.5357572850396,6,37,61,dense,medium
potato,Potato||West Bengal||Bankura||Indus(Bankura Sadar) APMC,Potato,West Bengal,Bankura,Indus(Bankura Sadar) APMC,23.132377,87.2081925,2.6709739935804935,0.6894467463168511,1545.5461617384667,6,37,61,dense,low
potato,Potato||West Bengal||Bankura||Khatra APMC,Potato,West Bengal,Bankura,Khatra APMC,23.132377000000005,87.20819250000001,4.945512771978608,2.689630544839982,1423.0681873947433,6,37,61,dense,medium
potato,Potato||West Bengal||Birbhum||Birbhum APMC,Potato,West Bengal,Birbhum,Birbhum APMC,24.062153199999997,87.6982823,85.59964558462015,84.69504665111029,1515.1852908114315,9,31,58,sparse,high
potato,Potato||West Bengal||Birbhum||Bolpur APMC,Potato,West Bengal,Birbhum,Bolpur APMC,24.0621532,87.6982823,115.30274047476455,213.38773606731866,1585.1875286317106,9,31,58,sparse,high
potato,Potato||West Bengal||Birbhum||Rampurhat APMC,Potato,West Bengal,Birbhum,Rampurhat APMC,24.062153199999997,87.6982823,63.65228298831675,46.040841309925696,1476.9443459093393,9,31,58,sparse,high
potato,Potato||West Bengal||Birbhum||Sainthia APMC,Potato,West Bengal,Birbhum,Sainthia APMC,24.0621532,87.6982823,76.72446902956037,54.604578987323436,1409.0491431077864,9,31,58,sparse,high
potato,Potato||West Bengal||Coochbehar||Baxirhat APMC,Potato,West Bengal,Coochbehar,Baxirhat APMC,26.340622999999997,89.4812163,2.7081948596973286,0.5569560977705627,1418.8726295351119,9,20,32,sparse,medium
potato,Potato||West Bengal||Coochbehar||Coochbehar APMC,Potato,West Bengal,Coochbehar,Coochbehar APMC,26.340622999999997,89.4812163,9.120150959097211,2.1568669953984205,1413.626797085117,9,20,32,sparse,medium
potato,Potato||West Bengal||Coochbehar||Dinhata APMC,Potato,West Bengal,Coochbehar,Dinhata APMC,26.340622999999997,89.4812163,8.617198045745033,2.8026987864472788,1413.6859499690174,9,20,32,sparse,medium
potato,Potato||West Bengal||Coochbehar||Haldibari APMC,Potato,West Bengal,Coochbehar,Haldibari APMC,26.340622999999997,89.4812163,3.347526191991544,1.9729367550341357,1422.1457387348905,9,20,32,sparse,medium
potato,Potato||West Bengal||Coochbehar||Mathabhanga APMC,Potato,West Bengal,Coochbehar,Mathabhanga APMC,26.340622999999997,89.4812163,2.7230164096582588,1.1388805818398733,1412.179568004057,9,20,32,sparse,medium
potato,Potato||West Bengal||Coochbehar||Mekhliganj APMC,Potato,West Bengal,Coochbehar,Mekhliganj APMC,26.340622999999997,89.4812163,3.6298006234398206,1.3328386346714964,1430.877137738407,9,20,32,sparse,medium
potato,Potato||West Bengal||Coochbehar||Pundibari APMC,Potato,West Bengal,Coochbehar,Pundibari APMC,26.340622999999997,89.4812163,7.333006084840868,1.024000365522903,1403.0385794231677,9,20,32,sparse,medium
potato,Potato||West Bengal||Coochbehar||Toofanganj APMC,Potato,West Bengal,Coochbehar,Toofanganj APMC,26.340622999999997,89.4812163,8.253468796581352,2.430659995728042,1417.086237922218,9,20,32,sparse,medium
potato,Potato||West Bengal||Dakshin Dinajpur||Balurghat APMC,Potato,West Bengal,Dakshin Dinajpur,Balurghat APMC,25.385806999999996,88.5063362,5.119097862844316,2.1384668542557392,1509.8812749713456,4,24,61,sparse,medium
potato,Potato||West Bengal||Dakshin Dinajpur||Gangarampur(Dakshin Dinajpur) APMC,Potato,West Bengal,Dakshin Dinajpur,Gangarampur(Dakshin Dinajpur) APMC,25.385807000000003,88.5063362,5.618599641029944,2.664316040365969,1450.2885170951567,4,24,61,sparse,medium
potato,Potato||West Bengal||Darjeeling||Darjeeling APMC,Potato,West Bengal,Darjeeling,Darjeeling APMC,27.0377554,88.263176,1.5163843621931345,0.6129702171946969,2497.2647446762076,7,21,29,sparse,low
potato,Potato||West Bengal||Darjeeling||Karsiyang(Matigara) APMC,Potato,West Bengal,Darjeeling,Karsiyang(Matigara) APMC,27.0377554,88.263176,11.15662369347129,3.9565375647651213,2491.2761149963194,7,21,29,sparse,medium
potato,Potato||West Bengal||Darjeeling||Siliguri APMC,Potato,West Bengal,Darjeeling,Siliguri APMC,27.0377554,88.263176,200.5368115067336,26.34495668833085,1428.7020154022653,7,21,29,sparse,high
potato,Potato||West Bengal||Hooghly||Champadanga APMC,Potato,West Bengal,Hooghly,Champadanga APMC,22.9099403,88.01208249999999,14.038362500031331,7.286686625428999,1617.1402829362908,13,40,52,dense,medium
potato,Potato||West Bengal||Hooghly||Kalipur APMC,Potato,West Bengal,Hooghly,Kalipur APMC,22.9099403,88.01208249999999,6.194731068468845,1.6790024744163223,1571.0162389378052,13,40,52,dense,medium
potato,Potato||West Bengal||Hooghly||Pandua APMC,Potato,West Bengal,Hooghly,Pandua APMC,22.9099403,88.01208249999999,4.696450183976152,2.2634730144766597,1588.8292626528144,13,40,52,dense,medium
potato,Potato||West Bengal||Hooghly||Sheoraphuly APMC,Potato,West Bengal,Hooghly,Sheoraphuly APMC,22.9099403,88.01208249999999,11.704895919908088,9.1466618317853,1627.0495048658836,13,40,52,dense,medium
potato,Potato||West Bengal||Howrah||Ramkrishanpur(Howrah) APMC,Potato,West Bengal,Howrah,Ramkrishanpur(Howrah) APMC,22.5736296,88.3251045,17.84112235744161,4.985055239905641,1808.2228455075367,8,30,54,sparse,medium
potato,Potato||West Bengal||Howrah||Uluberia APMC,Potato,West Bengal,Howrah,Uluberia APMC,22.5736296,88.3251045,8.0294746384409,1.5371271397984707,1826.1510202528953,8,30,54,sparse,medium
potato,Potato||West Bengal||Jalpaiguri||Belacoba APMC,Potato,West Bengal,Jalpaiguri,Belacoba APMC,26.6262805,88.7334485,8.729038644458683,4.011941122373876,1460.5835329836448,7,23,33,sparse,medium
potato,Potato||West Bengal||Jalpaiguri||Dhupguri APMC,Potato,West Bengal,Jalpaiguri,Dhupguri APMC,26.6262805,88.7334485,10.691201619173448,7.234055052811374,1457.100221116766,7,23,33,sparse,medium
potato,Potato||West Bengal||Jalpaiguri||Jalpaiguri Sadar APMC,Potato,West Bengal,Jalpaiguri,Jalpaiguri Sadar APMC,26.626280500000004,88.7334485,9.445140020725685,5.637806292094874,1462.330576362791,7,23,33,sparse,medium
potato,Potato||West Bengal||Jalpaiguri||Moynaguri APMC,Potato,West Bengal,Jalpaiguri,Moynaguri APMC,26.626280500000004,88.7334485,9.492683708406208,4.857109509634286,1455.4131362457758,7,23,33,sparse,medium
potato,Potato||West Bengal||Jhargram||Jhargram APMC,Potato,West Bengal,Jhargram,Jhargram APMC,22.4538505,86.9949477,12.891814886384886,12.741184396943035,1701.9322691881434,6,29,59,sparse,medium
potato,Potato||West Bengal||Kalimpong||Kalimpong APMC,Potato,West Bengal,Kalimpong,Kalimpong APMC,27.0702869,88.4723676,1.9185362683298743,0.697814637647308,2803.1878755887387,7,21,29,sparse,low
potato,Potato||West Bengal||Kolkata||Bara Bazar (Posta Bazar) APMC,Potato,West Bengal,Kolkata,Bara Bazar (Posta Bazar) APMC,22.5726459,88.3638953,6.471016350558305,3.6069786708568587,1680.9847620784487,8,30,54,sparse,medium
potato,Potato||West Bengal||Malda||English Bazar APMC,Potato,West Bengal,Malda,English Bazar APMC,25.0057449,88.1398483,13.80515891240491,2.5450499735228105,1475.9635034431924,4,17,74,sparse,medium
potato,Potato||West Bengal||Malda||Gajol APMC,Potato,West Bengal,Malda,Gajol APMC,25.0057449,88.1398483,13.876926302687657,5.125151923083701,1513.8254315915754,4,17,74,sparse,medium
potato,Potato||West Bengal||Malda||Samsi APMC,Potato,West Bengal,Malda,Samsi APMC,25.0057449,88.1398483,14.889789041931344,6.986900316671123,1514.299198053693,4,17,74,sparse,medium
potato,Potato||West Bengal||Medinipur(E)||Egra/contai APMC,Potato,West Bengal,Medinipur(E),Egra/contai APMC,22.4207025,87.3269963,104.76015440694678,73.28023540868844,1755.7584560622083,7,31,61,sparse,high
potato,Potato||West Bengal||Medinipur(E)||Kolaghat APMC,Potato,West Bengal,Medinipur(E),Kolaghat APMC,22.4207025,87.3269963,13.918400471922787,12.963536754094694,1788.9551515203943,7,31,61,sparse,medium
potato,Potato||West Bengal||Medinipur(E)||Tamluk (Medinipur E) APMC,Potato,West Bengal,Medinipur(E),Tamluk (Medinipur E) APMC,22.4207025,87.3269963,18.549726811375333,13.828896984527796,1793.0094973468736,7,31,61,sparse,medium
potato,Potato||West Bengal||Medinipur(W)||Garbeta(Medinipur) APMC,Potato,West Bengal,Medinipur(W),Garbeta(Medinipur) APMC,22.4258406,87.3192605,44.14405991478215,66.24609783683194,1604.881432733375,7,31,61,sparse,high
potato,Potato||West Bengal||Medinipur(W)||Ghatal APMC,Potato,West Bengal,Medinipur(W),Ghatal APMC,22.4188527,87.307174,21.810712032251626,3.050443370784206,1619.927626617888,6,31,61,sparse,high
potato,Potato||West Bengal||Medinipur(W)||Medinipur(West) APMC,Potato,West Bengal,Medinipur(W),Medinipur(West) APMC,22.4258406,87.3192605,47.426050391058844,65.73508600467578,1511.6560987187513,7,31,61,sparse,high
potato,Potato||West Bengal||Murshidabad||Beldanga APMC,Potato,West Bengal,Murshidabad,Beldanga APMC,24.1745993,88.2721335,17.87437191781837,11.71875034348431,1995.229056621266,7,29,69,sparse,medium
potato,Potato||West Bengal||Murshidabad||Jangipur APMC,Potato,West Bengal,Murshidabad,Jangipur APMC,24.1745993,88.2721335,179.00329857033978,16.45922844488572,1664.5771061314656,7,29,69,sparse,high
potato,Potato||West Bengal||Murshidabad||Jiaganj APMC,Potato,West Bengal,Murshidabad,Jiaganj APMC,24.174599299999997,88.2721335,23.290486279092825,13.944337192073233,1656.3337938524114,7,29,69,sparse,high
potato,Potato||West Bengal||Murshidabad||Kandi APMC,Potato,West Bengal,Murshidabad,Kandi APMC,24.174599299999997,88.2721335,37.783654465388544,29.652636948952644,1517.1195539394566,7,29,69,sparse,high
potato,Potato||West Bengal||Nadia||Bethuadahari APMC,Potato,West Bengal,Nadia,Bethuadahari APMC,23.4847374,88.5567067,6.417312418793852,2.158543509722793,1672.999599119633,9,33,63,dense,medium
potato,Potato||West Bengal||Nadia||Chakdah APMC,Potato,West Bengal,Nadia,Chakdah APMC,23.4847374,88.5567067,16.274747105071548,16.51184753194504,1723.6600451047657,9,33,63,dense,medium
potato,Potato||West Bengal||Nadia||Kalyani APMC,Potato,West Bengal,Nadia,Kalyani APMC,23.4847374,88.5567067,2.831557194690902,0.892385977876085,1872.5175171887056,9,33,63,dense,medium
potato,Potato||West Bengal||Nadia||Karimpur APMC,Potato,West Bengal,Nadia,Karimpur APMC,23.484737400000004,88.5567067,4.065820564021816,0.8796726675102027,1799.4321253806813,9,33,63,dense,medium
potato,Potato||West Bengal||Nadia||Nadia APMC,Potato,West Bengal,Nadia,Nadia APMC,23.4847374,88.5567067,11.30726170351177,4.628370162370372,1801.5378245256024,9,33,63,dense,medium
potato,Potato||West Bengal||Nadia||Ranaghat APMC,Potato,West Bengal,Nadia,Ranaghat APMC,23.4847374,88.5567067,9.902534006854356,4.297188675247574,1784.2366828727552,9,33,63,dense,medium
potato,Potato||West Bengal||North 24 Parganas||Barasat APMC,Potato,West Bengal,North 24 Parganas,Barasat APMC,22.6926815,88.6625795,91.79025957667413,36.04083565660067,1683.3546178809302,8,25,60,sparse,high
potato,Potato||West Bengal||North 24 Parganas||Habra APMC,Potato,West Bengal,North 24 Parganas,Habra APMC,22.6926815,88.6625795,48.6855871512729,36.277491701142914,1670.7737324308705,8,25,60,sparse,high
potato,Potato||West Bengal||Paschim Bardhaman||Asansol APMC,Potato,West Bengal,Paschim Bardhaman,Asansol APMC,23.6002978,87.3041301,29.347403288140665,12.40122055641444,1578.928469247075,13,38,58,dense,high
potato,Potato||West Bengal||Paschim Bardhaman||Durgapur APMC,Potato,West Bengal,Paschim Bardhaman,Durgapur APMC,23.6002978,87.3041301,30.565107620653187,12.345427504144325,1554.8041883554315,13,38,58,dense,high
potato,Potato||West Bengal||Purba Bardhaman||Burdwan APMC,Potato,West Bengal,Purba Bardhaman,Burdwan APMC,23.3884089,87.9606763,25.312803448953126,4.3844398939297395,1712.7715385195477,16,40,53,dense,high
potato,Potato||West Bengal||Purba Bardhaman||Kalna APMC,Potato,West Bengal,Purba Bardhaman,Kalna APMC,23.3884089,87.9606763,17.207939052606196,3.874811881040066,1588.1558053142778,16,40,53,dense,medium
potato,Potato||West Bengal||Purba Bardhaman||Katwa APMC,Potato,West Bengal,Purba Bardhaman,Katwa APMC,23.3884089,87.9606763,11.02840907779545,3.5712315868003843,1623.1554030004995,16,40,53,dense,medium
potato,Potato||West Bengal||Purba Bardhaman||Memari APMC,Potato,West Bengal,Purba Bardhaman,Memari APMC,23.3884089,87.9606763,19.164213865901953,4.481019721425579,2137.7086449002127,16,40,53,dense,medium
potato,Potato||West Bengal||Puruliya||Balarampur APMC,Potato,West Bengal,Puruliya,Balarampur APMC,23.333333,86.416667,11.096269062143932,1.3579904495288349,1487.9503417958947,2,16,59,sparse,medium
potato,Potato||West Bengal||Puruliya||Kasipur APMC,Potato,West Bengal,Puruliya,Kasipur APMC,23.333333,86.416667,2.043829033024259,0.3871201404801781,1134.9773800091878,2,16,59,sparse,low
potato,Potato||West Bengal||Puruliya||Purulia APMC,Potato,West Bengal,Puruliya,Purulia APMC,23.333333,86.416667,77.24117966100644,9.756372387701783,1425.5628519530355,2,16,59,sparse,high
potato,Potato||West Bengal||Sounth 24 Parganas||Diamond Harbour(South 24-pgs) APMC,Potato,West Bengal,Sounth 24 Parganas,Diamond Harbour(South 24-pgs) APMC,22.9964948,87.6855882,5.149433536155336,3.8630187504123445,1881.116619243047,17,43,60,dense,medium
potato,Potato||West Bengal||Uttar Dinajpur||Islampur APMC,Potato,West Bengal,Uttar Dinajpur,Islampur APMC,25.872142800000002,87.961986,42.40313598786879,24.949354026744064,1463.512490625601,3,17,53,sparse,high
tomato,Tomato||Andhra Pradesh||Chittor||Kalikiri APMC,Tomato,Andhra Pradesh,Chittor,Kalikiri APMC,13.2162432,79.10507860000001,31.739203579635134,29.929946278621994,2084.153728493059,10,27,71,sparse,high
tomato,Tomato||Andhra Pradesh||Chittor||Madanapalli APMC,Tomato,Andhra Pradesh,Chittor,Madanapalli APMC,13.2162432,79.1050786,425.42464145758044,452.1605478570785,2628.811005261294,10,27,71,sparse,high
tomato,Tomato||Andhra Pradesh||Chittor||Mulakalacheruvu APMC,Tomato,Andhra Pradesh,Chittor,Mulakalacheruvu APMC,13.2162432,79.1050786,339.79116110440833,239.10932499457368,1710.5762558741098,10,27,71,sparse,high
tomato,Tomato||Andhra Pradesh||Chittor||Palamaner APMC,Tomato,Andhra Pradesh,Chittor,Palamaner APMC,13.2162432,79.1050786,167.4922448401196,250.64720481453838,2117.3283407143135,10,27,71,sparse,high
tomato,Tomato||Andhra Pradesh||Chittor||Punganur APMC,Tomato,Andhra Pradesh,Chittor,Punganur APMC,13.216243200000001,79.10507860000001,217.55801772190324,297.7688881109478,1975.1353179916055,10,27,71,sparse,high
tomato,Tomato||Andhra Pradesh||Chittor||Vayalapadu APMC,Tomato,Andhra Pradesh,Chittor,Vayalapadu APMC,13.2162432,79.1050786,54.59622095848145,45.25217408085905,1657.9596230600332,10,27,71,sparse,high
tomato,Tomato||Andhra Pradesh||Kurnool||Pattikonda APMC,Tomato,Andhra Pradesh,Kurnool,Pattikonda APMC,15.8309251,78.0425373,0.1,0.0,2826.7281665877,0,6,23,sparse,low
tomato,Tomato||Chandigarh||Chandigarh||Chandigarh(Grain/Fruit) APMC,Tomato,Chandigarh,Chandigarh,Chandigarh(Grain/Fruit) APMC,30.7334421,76.7797143,123.26246040342758,56.095625474487825,2344.0315914175744,19,76,172,dense,high
tomato,Tomato||Chattisgarh||Bilaspur||Tiphra APMC,Tomato,Chattisgarh,Bilaspur,Tiphra APMC,22.1638486,82.1365923,266.1766233620295,68.45396558279957,1827.298701334225,0,2,17,sparse,high
tomato,Tomato||Chattisgarh||Durg||Durg APMC,Tomato,Chattisgarh,Durg,Durg APMC,21.1982964,81.4007922,132.34037758358608,73.47955636140067,2032.9492369515585,1,4,21,sparse,high
tomato,Tomato||Chattisgarh||Raigarh||Raigarh APMC,Tomato,Chattisgarh,Raigarh,Raigarh APMC,22.2361795,83.3529534,47.16753410602712,20.701989624240472,2608.71146729816,2,8,25,sparse,high
tomato,Tomato||Chattisgarh||Rajnandgaon||Rajnandgaon APMC,Tomato,Chattisgarh,Rajnandgaon,Rajnandgaon APMC,21.0684425,80.7970779,178.5707236498154,76.37410406204486,1822.4034000871093,1,1,17,sparse,high
tomato,Tomato||Gujarat||Ahmedabad||Ahmedabad APMC,Tomato,Gujarat,Ahmedabad,Ahmedabad APMC,23.021537399999996,72.58005679999998,260.7637686027697,193.6774391257158,2572.7535656330097,7,11,36,sparse,high
tomato,Tomato||Gujarat||Amreli||Damnagar APMC,Tomato,Gujarat,Amreli,Damnagar APMC,21.4176122,71.249609,0.060889800869017664,0.021615944294386156,3208.2442765723026,1,5,22,sparse,low
tomato,"Tomato||Gujarat||Anand||Anand(Veg,Yard,Anand) APMC",Tomato,Gujarat,Anand,"Anand(Veg,Yard,Anand) APMC",22.5586555,72.9627227,18.901649670384295,9.46178402118504,2222.234318021503,7,14,41,sparse,high
tomato,Tomato||Gujarat||Banaskanth||Deesa(Deesa Veg Yard) APMC,Tomato,Gujarat,Banaskanth,Deesa(Deesa Veg Yard) APMC,22.3850051,71.745261,26.266898710401335,10.137008416843889,2686.177406114078,1,17,25,sparse,high
tomato,Tomato||Gujarat||Bharuch||Ankleshwar APMC,Tomato,Gujarat,Bharuch,Ankleshwar APMC,21.7080427,72.9956936,11.579802927547181,4.657637679103892,1831.9711993607823,3,11,39,sparse,high
tomato,Tomato||Gujarat||Dahod||Dahod(Veg. Market) APMC,Tomato,Gujarat,Dahod,Dahod(Veg. Market) APMC,22.9194099,74.1342725,14.351761465491697,4.4709294586483885,2108.455778416549,3,15,44,sparse,high
tomato,Tomato||Gujarat||Gandhinagar||Mansa(Manas Veg Yard) APMC,Tomato,Gujarat,Gandhinagar,Mansa(Manas Veg Yard) APMC,23.2232877,72.6492267,0.08095628456431729,0.04254924449136251,2392.968674728757,6,11,35,sparse,low
tomato,Tomato||Gujarat||Gir Somnath||Talalagir APMC,Tomato,Gujarat,Gir Somnath,Talalagir APMC,20.9298181,70.7627578,0.35410415020572583,0.17095324678205334,3957.414425863789,1,2,16,sparse,low
tomato,Tomato||Gujarat||Kheda||Kapadvanj APMC,Tomato,Gujarat,Kheda,Kapadvanj APMC,22.8532503,72.99535860000002,3.096932406083202,2.7282561712366684,2029.743478028006,8,13,39,sparse,medium
tomato,Tomato||Gujarat||Kheda||Nadiad APMC,Tomato,Gujarat,Kheda,Nadiad APMC,22.8532503,72.9953586,1.5065196439380755,2.1530358274130483,2663.128914924267,8,13,39,sparse,medium
tomato,Tomato||Gujarat||Kheda||Nadiyad(Chaklasi) APMC,Tomato,Gujarat,Kheda,Nadiyad(Chaklasi) APMC,22.8532503,72.9953586,1.0877680028398375,0.14676202874323482,1897.8256458548562,8,13,39,sparse,low
tomato,Tomato||Gujarat||Kheda||Nadiyad(Piplag) APMC,Tomato,Gujarat,Kheda,Nadiyad(Piplag) APMC,22.8532503,72.9953586,19.328173313224777,10.632797438662722,2167.7446089893983,8,13,39,sparse,high
tomato,Tomato||Gujarat||Mehsana||Mehsana(Mehsana Veg) APMC,Tomato,Gujarat,Mehsana,Mehsana(Mehsana Veg) APMC,23.6012628,72.3741516,21.599375402505455,8.823255330886614,2285.1159584255324,2,10,27,sparse,high
tomato,Tomato||Gujarat||Morbi||Morbi APMC,Tomato,Gujarat,Morbi,Morbi APMC,22.8003959,70.886232,10.863671681742934,4.458217080103915,2371.7549130581647,3,5,23,sparse,high
tomato,Tomato||Gujarat||Morbi||Vankaner(Sub yard) APMC,Tomato,Gujarat,Morbi,Vankaner(Sub yard) APMC,22.8003959,70.886232,1.5815374402341043,0.20232800962637842,3188.285349166395,3,5,23,sparse,medium
tomato,Tomato||Gujarat||Navsari||Bilimora APMC,Tomato,Gujarat,Navsari,Bilimora APMC,20.952407,72.9323831,5.052874796716206,2.208842591529014,2285.0450310782303,2,5,47,sparse,medium
tomato,Tomato||Gujarat||Navsari||Navsari APMC,Tomato,Gujarat,Navsari,Navsari APMC,20.952407,72.9323831,16.767917739830967,6.124054438805478,2067.357194991741,2,5,47,sparse,high
tomato,Tomato||Gujarat||Porbandar||Porbandar APMC,Tomato,Gujarat,Porbandar,Porbandar APMC,21.602975099999995,69.8538067,45.13512953326836,53.24040336878683,2631.246896617031,0,4,8,sparse,high
tomato,Tomato||Gujarat||Rajkot||Gondal(Veg.market Gondal) APMC,Tomato,Gujarat,Rajkot,Gondal(Veg.market Gondal) APMC,22.3053263,70.8028377,23.158498338876292,11.111125541179327,2084.6669706648,3,7,22,sparse,high
tomato,Tomato||Gujarat||Rajkot||Rajkot(Veg.Sub Yard) APMC,Tomato,Gujarat,Rajkot,Rajkot(Veg.Sub Yard) APMC,22.3053263,70.8028377,108.81930392708234,45.36667361960614,2356.7273757053968,3,7,22,sparse,high
tomato,Tomato||Gujarat||Surat||Surat APMC,Tomato,Gujarat,Surat,Surat APMC,21.2094892,72.8317058,357.95082062780153,89.3389167537825,2071.5118201021073,3,5,36,sparse,high
tomato,Tomato||Gujarat||Surendranagar||Vadhvan APMC,Tomato,Gujarat,Surendranagar,Vadhvan APMC,22.8251395,71.6209736,13.303310263356096,4.219484201048452,2549.686510843714,1,13,28,sparse,high
tomato,Tomato||Gujarat||Vadodara(Baroda)||Padra APMC,Tomato,Gujarat,Vadodara(Baroda),Padra APMC,22.3108103,73.1657471,4.957677716210023,2.830904743717556,2344.2095784503576,7,13,43,sparse,medium
tomato,Tomato||Gujarat||Vadodara(Baroda)||Vadodara(Sayajipura) APMC,Tomato,Gujarat,Vadodara(Baroda),Vadodara(Sayajipura) APMC,22.3108103,73.1657471,154.6962981609791,48.8300497403284,2331.2619200707195,7,13,43,sparse,high
tomato,Tomato||Haryana||Ambala||Ambala City(Subji Mandi) APMC,Tomato,Haryana,Ambala,Ambala City(Subji Mandi) APMC,30.3843674,76.770421,15.439398570831358,7.835757945606855,1984.133265193218,32,73,183,dense,high
tomato,Tomato||Haryana||Ambala||Barara APMC,Tomato,Haryana,Ambala,Barara APMC,30.3843674,76.770421,0.7975713770970906,0.4205469983761951,1567.3613684543172,32,73,183,dense,low
tomato,Tomato||Haryana||Ambala||Naraingarh APMC,Tomato,Haryana,Ambala,Naraingarh APMC,30.3843674,76.770421,2.699198898871978,0.964367592363339,1727.6014377335337,32,73,183,dense,medium
tomato,Tomato||Haryana||Ambala||Shahzadpur APMC,Tomato,Haryana,Ambala,Shahzadpur APMC,30.3843674,76.770421,0.5343407641977256,0.226933269962119,1690.733115193197,32,73,183,dense,low
tomato,Tomato||Haryana||Bhiwani||Ch. Dadri APMC,Tomato,Haryana,Bhiwani,Ch. Dadri APMC,28.7931703,76.1391283,4.194548205857985,1.7045336757257603,2391.0582118133307,6,62,173,dense,medium
tomato,Tomato||Haryana||Faridabad||Ballabhgarh APMC,Tomato,Haryana,Faridabad,Ballabhgarh APMC,28.4031478,77.31055610000001,6.4825581547701505,3.543753308054408,2181.0334665209875,28,60,168,dense,high
tomato,Tomato||Haryana||Fatehabad||Fatehabad APMC,Tomato,Haryana,Fatehabad,Fatehabad APMC,29.535920900000004,75.5752901,6.618011406125827,2.740778104740086,1792.389169659715,11,57,171,dense,high
tomato,Tomato||Haryana||Fatehabad||Jakhal APMC,Tomato,Haryana,Fatehabad,Jakhal APMC,29.535920900000004,75.5752901,0.29424550707933084,0.1688972956835229,2313.0403902826934,11,57,171,dense,low
tomato,Tomato||Haryana||Fatehabad||Ratia APMC,Tomato,Haryana,Fatehabad,Ratia APMC,29.535920900000004,75.5752901,2.3275472427012946,3.728519301639626,2278.1584761571567,11,57,171,dense,medium
tomato,Tomato||Haryana||Gurgaon||Farukh Nagar APMC,Tomato,Haryana,Gurgaon,Farukh Nagar APMC,28.4646148,77.0299194,2.990021301173015,1.0504490149880787,1833.5154463736005,30,62,178,dense,medium
tomato,Tomato||Haryana||Gurgaon||Gurgaon APMC,Tomato,Haryana,Gurgaon,Gurgaon APMC,28.4646148,77.0299194,64.30061812408015,25.900515741847453,1774.1020937389676,30,62,178,dense,high
tomato,Tomato||Haryana||Gurgaon||Sohna APMC,Tomato,Haryana,Gurgaon,Sohna APMC,28.4646148,77.0299194,3.180052848669645,2.6221966859172374,2327.0554167631044,30,62,178,dense,medium
tomato,Tomato||Haryana||Hissar||Barwala(Hisar) APMC,Tomato,Haryana,Hissar,Barwala(Hisar) APMC,29.717033499999996,76.3591737,2.460311945842531,1.137194023590711,2419.162558669713,26,82,192,dense,medium
tomato,Tomato||Haryana||Hissar||Hansi APMC,Tomato,Haryana,Hissar,Hansi APMC,29.7170335,76.3591737,10.595080508879384,5.969867720361263,2465.768010475868,26,82,192,dense,high
tomato,Tomato||Haryana||Hissar||Hissar APMC,Tomato,Haryana,Hissar,Hissar APMC,29.7170335,76.3591737,14.35157106205949,6.513211398939466,2120.0980234271083,26,82,192,dense,high
tomato,Tomato||Haryana||Hissar||Uklana APMC,Tomato,Haryana,Hissar,Uklana APMC,29.8258374,76.4242968,0.25871732560787053,0.10993733254041628,2020.5784812135855,30,79,193,dense,low
tomato,Tomato||Haryana||Jhajar||Bahadurgarh APMC,Tomato,Haryana,Jhajar,Bahadurgarh APMC,29.0,76.0,12.156227102437395,5.650814565122052,2763.7593429410144,9,59,170,dense,high
tomato,Tomato||Haryana||Jhajar||Jhajjar APMC,Tomato,Haryana,Jhajar,Jhajjar APMC,29.0,76.0,4.895918581874616,2.8697586198523894,2932.1372695447203,9,59,170,dense,medium
tomato,Tomato||Haryana||Jind||Narwana APMC,Tomato,Haryana,Jind,Narwana APMC,29.3152073,76.314082,1.5760507910325317,0.944096684442287,2282.7220756687357,18,74,190,dense,medium
tomato,Tomato||Haryana||Jind||Safidon APMC,Tomato,Haryana,Jind,Safidon APMC,29.3152073,76.314082,2.377249868327165,1.052003068508628,2000.592240130709,18,74,190,dense,medium
tomato,Tomato||Haryana||Kaithal||Dhand APMC,Tomato,Haryana,Kaithal,Dhand APMC,29.7996588,76.3989903,0.30302299114191533,0.14983013762796393,2344.2343434974387,30,79,193,dense,low
tomato,Tomato||Haryana||Kaithal||Pundri APMC,Tomato,Haryana,Kaithal,Pundri APMC,29.7996588,76.3989903,0.7924102661019281,0.5274002414319399,1853.040442132626,30,79,193,dense,low
tomato,Tomato||Haryana||Kaithal||Siwan APMC,Tomato,Haryana,Kaithal,Siwan APMC,29.7996588,76.3989903,0.6977957937073429,1.0477418000529262,2023.951035780172,30,79,193,dense,low
tomato,Tomato||Haryana||Karnal||Gharaunda APMC,Tomato,Haryana,Karnal,Gharaunda APMC,29.7255766,76.9106924,1.4337318055989234,0.6595450068491067,2551.959170510547,34,87,200,dense,medium
tomato,"Tomato||Haryana||Karnal||New Grain Market(main), Karnal APMC",Tomato,Haryana,Karnal,"New Grain Market(main), Karnal APMC",29.7255766,76.9106924,24.517764903792727,13.229914428838757,2212.425562582014,34,87,200,dense,high
tomato,Tomato||Haryana||Kurukshetra||Ladwa APMC,Tomato,Haryana,Kurukshetra,Ladwa APMC,29.9693747,76.8482787,1.0992372497138116,0.5601306004314763,2053.196509926873,37,79,194,dense,low
tomato,Tomato||Haryana||Kurukshetra||Pehowa APMC,Tomato,Haryana,Kurukshetra,Pehowa APMC,29.969374700000003,76.8482787,0.44651661076218735,0.5215229414438134,1573.7906524087598,37,79,194,dense,low
tomato,Tomato||Haryana||Kurukshetra||Shahabad APMC,Tomato,Haryana,Kurukshetra,Shahabad APMC,29.9693747,76.8482787,2.850529074145505,1.1492452584784034,1884.7207014451565,37,79,194,dense,medium
tomato,Tomato||Haryana||Kurukshetra||Thanesar APMC,Tomato,Haryana,Kurukshetra,Thanesar APMC,29.9693747,76.8482787,9.472760704542091,3.503848322532628,2765.078054195849,37,79,194,dense,high
tomato,Tomato||Haryana||Mahendragarh-Narnaul||Mohindergarh APMC,Tomato,Haryana,Mahendragarh-Narnaul,Mohindergarh APMC,28.0530574,76.1136303,4.5786841972288945,2.039718333019302,2168.998061602423,3,32,147,sparse,medium
tomato,Tomato||Haryana||Mahendragarh-Narnaul||Narnaul APMC,Tomato,Haryana,Mahendragarh-Narnaul,Narnaul APMC,28.053057399999997,76.1136303,4.830130133198761,1.8238507873962817,2229.6832577716273,3,32,147,sparse,medium
tomato,Tomato||Haryana||Mewat||FerozpurZirkha(Nagina) APMC,Tomato,Haryana,Mewat,FerozpurZirkha(Nagina) APMC,27.9935177,77.0419634,2.1212484343232716,7.932274180064492,2136.5768193953495,12,47,147,dense,medium
tomato,Tomato||Haryana||Mewat||Nuh APMC,Tomato,Haryana,Mewat,Nuh APMC,27.993517699999998,77.0419634,2.1332473595317176,1.1619088844275203,1419.3770896722385,12,47,147,dense,medium
tomato,Tomato||Haryana||Mewat||Punhana APMC,Tomato,Haryana,Mewat,Punhana APMC,27.9935177,77.0419634,3.24385012421057,1.3416807643667181,2293.909091754836,12,47,147,dense,medium
tomato,Tomato||Haryana||Mewat||Tauru APMC,Tomato,Haryana,Mewat,Tauru APMC,27.993517700000005,77.0419634,1.0840975088543239,0.7293470346975343,2863.4535327022254,12,47,147,dense,low
tomato,Tomato||Haryana||Panchkula||Barwala APMC,Tomato,Haryana,Panchkula,Barwala APMC,30.6975401,76.85510659999998,14.463298577546581,9.626032135808321,2096.5277274939876,19,79,172,dense,high
tomato,"Tomato||Haryana||Panchkula||New Grain Market , Panchkula APMC",Tomato,Haryana,Panchkula,"New Grain Market , Panchkula APMC",30.6975401,76.8551066,1.0,0.0,3539.139901528711,19,79,172,dense,low
tomato,Tomato||Haryana||Panchkula||Raipur Rai APMC,Tomato,Haryana,Panchkula,Raipur Rai APMC,30.6975401,76.8551066,0.11645831245743155,0.036817770707129285,1964.9220056715737,19,79,172,dense,low
tomato,Tomato||Haryana||Panipat||Madlauda APMC,Tomato,Haryana,Panipat,Madlauda APMC,29.3912753,76.9771675,0.4861928494502773,0.2811226656057579,2232.9006137774313,29,94,194,dense,low
tomato,Tomato||Haryana||Panipat||Panipat APMC,Tomato,Haryana,Panipat,Panipat APMC,29.3912753,76.9771675,26.534056304047798,9.348617089108911,1600.6168324956855,29,94,194,dense,high
tomato,Tomato||Haryana||Panipat||Samalkha APMC,Tomato,Haryana,Panipat,Samalkha APMC,29.391275300000004,76.9771675,2.3229533348173383,1.097256324670708,2051.0017670705715,29,94,194,dense,medium
tomato,Tomato||Haryana||Rewari||Rewari APMC,Tomato,Haryana,Rewari,Rewari APMC,28.195646799999995,76.6165179,8.547925260891198,4.715811899061417,1744.681534461892,10,46,161,dense,high
tomato,Tomato||Haryana||Rohtak||Meham APMC,Tomato,Haryana,Rohtak,Meham APMC,28.9010899,76.5801935,0.8637582645519067,0.6587142581983639,2006.2311208797091,19,68,181,dense,low
tomato,Tomato||Haryana||Rohtak||Rohtak APMC,Tomato,Haryana,Rohtak,Rohtak APMC,28.901089899999995,76.5801935,15.898260991519393,8.156191755582238,2158.8582446939367,19,68,181,dense,high
tomato,Tomato||Haryana||Sirsa||Rania APMC,Tomato,Haryana,Sirsa,Rania APMC,29.6063041,74.9036568,0.19795134605718456,0.12262944539678107,1737.9861592825343,17,40,152,dense,low
tomato,Tomato||Haryana||Sirsa||Sirsa APMC,Tomato,Haryana,Sirsa,Sirsa APMC,29.6063041,74.9036568,8.95025526237222,6.985755661204547,2461.1397227779175,17,40,152,dense,high
tomato,Tomato||Haryana||Sonipat||Ganaur APMC,Tomato,Haryana,Sonipat,Ganaur APMC,28.9953758,77.0233627,2.306395063888493,0.8794637249673306,2530.707813207727,23,78,187,dense,medium
tomato,Tomato||Haryana||Sonipat||Gohana APMC,Tomato,Haryana,Sonipat,Gohana APMC,28.9953758,77.0233627,5.5967310334898,2.778734534229086,2289.7071375590754,23,78,187,dense,medium
tomato,Tomato||Haryana||Sonipat||Sonepat APMC,Tomato,Haryana,Sonipat,Sonepat APMC,28.9953758,77.0233627,19.073906342027083,7.4795240424609135,2245.623095655762,23,78,187,dense,high
tomato,Tomato||Haryana||Sonipat||Sonepat(Kharkhoda) APMC,Tomato,Haryana,Sonipat,Sonepat(Kharkhoda) APMC,28.9953758,77.0233627,2.229675778861166,0.9978315455105122,2689.428920301673,23,78,187,dense,medium
tomato,Tomato||Haryana||Yamuna Nagar||Chhachrauli APMC,Tomato,Haryana,Yamuna Nagar,Chhachrauli APMC,30.1389108,77.301064,0.23062250178056068,0.1957897333458529,2516.958955407588,25,69,184,dense,low
tomato,Tomato||Haryana||Yamuna Nagar||Jagadhri APMC,Tomato,Haryana,Yamuna Nagar,Jagadhri APMC,30.1389108,77.301064,2.1000983112025255,0.6727786650834358,2033.2844633019165,25,69,184,dense,medium
tomato,Tomato||Haryana||Yamuna Nagar||Mustafabad APMC,Tomato,Haryana,Yamuna Nagar,Mustafabad APMC,30.138910799999998,77.301064,0.18666623122575912,0.6819417694057566,2490.006322508489,25,69,184,dense,low
tomato,Tomato||Haryana||Yamuna Nagar||Radaur APMC,Tomato,Haryana,Yamuna Nagar,Radaur APMC,30.1389108,77.30106400000001,9.016195540445086,4.412127932350992,1998.043939006705,25,69,184,dense,high
tomato,Tomato||Haryana||Yamuna Nagar||Sadhaura APMC,Tomato,Haryana,Yamuna Nagar,Sadhaura APMC,30.138910800000005,77.301064,1.2913102258687568,1.2126845166014115,1874.729351068212,25,69,184,dense,low
tomato,Tomato||Himachal Pradesh||Bilaspur||PMY Bilaspur,Tomato,Himachal Pradesh,Bilaspur,PMY Bilaspur,31.3380959,76.7611631,0.8068777112207294,0.3018878891672082,2934.2313909287172,15,53,147,dense,low
tomato,Tomato||Himachal Pradesh||Chamba||PMY Chamba,Tomato,Himachal Pradesh,Chamba,PMY Chamba,32.6923316,76.1631552,2.887777452936358,1.807004482620866,3245.4129232887076,6,25,74,sparse,medium
tomato,Tomato||Himachal Pradesh||Hamirpur||PMY Hamirpur,Tomato,Himachal Pradesh,Hamirpur,PMY Hamirpur,31.6539866,76.5403633,1.2682646883660746,0.33519239584671445,3372.9525223458763,19,51,126,dense,low
tomato,Tomato||Himachal Pradesh||Hamirpur||SMY Nadaun,Tomato,Himachal Pradesh,Hamirpur,SMY Nadaun,31.6539866,76.5403633,1.026171053374997,0.30493939528120073,3534.4315018595325,19,51,126,dense,low
tomato,Tomato||Himachal Pradesh||Kangra||PMY Kangra,Tomato,Himachal Pradesh,Kangra,PMY Kangra,32.0768665,76.2985872,2.4037175649852633,0.4048311628652488,3033.3803060982755,15,40,107,dense,medium
tomato,Tomato||Himachal Pradesh||Kangra||SMY Baijnath,Tomato,Himachal Pradesh,Kangra,SMY Baijnath,32.0768665,76.2985872,0.4017240990942258,0.09394802824808433,2979.819454961752,15,40,107,dense,low
tomato,Tomato||Himachal Pradesh||Kangra||SMY Jaisinghpur,Tomato,Himachal Pradesh,Kangra,SMY Jaisinghpur,32.0768665,76.2985872,0.24010758336426172,0.10623421831023444,2909.767603163527,15,40,107,dense,low
tomato,Tomato||Himachal Pradesh||Kangra||SMY Jassur,Tomato,Himachal Pradesh,Kangra,SMY Jassur,32.0768665,76.2985872,1.8177506618017352,0.6102279757897595,3188.4803640482537,15,40,107,dense,medium
tomato,Tomato||Himachal Pradesh||Kangra||SMY Palampur,Tomato,Himachal Pradesh,Kangra,SMY Palampur,32.0768665,76.2985872,2.4860042397593216,0.490813436374928,2981.9762777773426,15,40,107,dense,medium
tomato,Tomato||Himachal Pradesh||Kullu||PMY Kullu,Tomato,Himachal Pradesh,Kullu,PMY Kullu,31.9578974,77.1089232,1.4644434111119795,1.192227781748229,2780.361612497007,5,30,118,sparse,medium
tomato,Tomato||Himachal Pradesh||Kullu||SMY Bhuntar,Tomato,Himachal Pradesh,Kullu,SMY Bhuntar,31.957897399999997,77.1089232,5.361553014132238,10.271305557244455,2862.433403302868,5,30,118,sparse,medium
tomato,Tomato||Himachal Pradesh||Mandi||SMY Dhanotu,Tomato,Himachal Pradesh,Mandi,SMY Dhanotu,31.651661700000002,77.0092542,2.282131384414178,1.3007701037658685,2396.773914302446,8,41,132,dense,medium
tomato,Tomato||Himachal Pradesh||Mandi||SMY Takoli,Tomato,Himachal Pradesh,Mandi,SMY Takoli,31.651661699999995,77.0092542,4.231580301298129,8.957748047805145,2391.176629203555,8,41,132,dense,medium
tomato,Tomato||Himachal Pradesh||Shimla||PMY Dhalli Shimla,Tomato,Himachal Pradesh,Shimla,PMY Dhalli Shimla,31.1041526,77.1709729,4.048902672735263,1.0632651226019125,2865.72060137848,12,54,161,dense,medium
tomato,Tomato||Himachal Pradesh||Solan||PMY Kather Solan,Tomato,Himachal Pradesh,Solan,PMY Kather Solan,30.9077569,77.1023645,27.244858139366023,62.008136395150686,2324.3493560072075,14,62,165,dense,high
tomato,Tomato||Himachal Pradesh||Solan||SMY Nalagarh,Tomato,Himachal Pradesh,Solan,SMY Nalagarh,30.9077569,77.1023645,1.192213675739862,0.8620690094035409,2256.1890996580587,14,62,165,dense,low
tomato,Tomato||Himachal Pradesh||Una||PMY Una,Tomato,Himachal Pradesh,Una,PMY Una,31.583464199999998,76.2351452,3.6255568356181582,1.5147747009882744,3108.7754874425063,21,54,126,dense,medium
tomato,Tomato||Jammu and Kashmir||Jammu||Narwal Jammu (F&V) APMC,Tomato,Jammu and Kashmir,Jammu,Narwal Jammu (F&V) APMC,32.7185614,74.8580917,177.19090887475613,31.493714902692997,2963.192896378297,2,11,65,sparse,high
tomato,Tomato||Jammu and Kashmir||Kathua||Kathua APMC,Tomato,Jammu and Kashmir,Kathua,Kathua APMC,32.3765524,75.5243044,6.195231358174684,1.9967262272113515,2736.0929920220833,5,31,87,sparse,high
tomato,Tomato||Jammu and Kashmir||Ramban||Batote APMC,Tomato,Jammu and Kashmir,Ramban,Batote APMC,33.2116371,75.2050989,1.1838995758228348,0.17391478501569213,3121.443124373913,1,6,43,sparse,low
tomato,"Tomato||Karnataka||Bangalore||Binny Mill (F&V), Bangalore APMC",Tomato,Karnataka,Bangalore,"Binny Mill (F&V), Bangalore APMC",12.9767936,77.590082,44.47958186572662,6.770458810595765,2647.8883573584376,7,18,89,sparse,high
tomato,Tomato||Karnataka||Bangalore||Channapatana APMC,Tomato,Karnataka,Bangalore,Channapatana APMC,12.976793600000002,77.590082,2.288314103442694,0.827687243364455,2224.6208881001457,7,18,89,sparse,medium
tomato,Tomato||Karnataka||Bangalore||Kanakapura APMC,Tomato,Karnataka,Bangalore,Kanakapura APMC,12.976793600000002,77.590082,1.2129584279799042,0.37789871707084316,3051.3547266392766,7,18,89,sparse,low
tomato,Tomato||Karnataka||Bangalore||Ramanagara APMC,Tomato,Karnataka,Bangalore,Ramanagara APMC,12.9767936,77.590082,9.67127185519554,3.969693740688287,2385.213477050202,7,18,89,sparse,high
tomato,Tomato||Karnataka||Belgaum||Belgaum APMC,Tomato,Karnataka,Belgaum,Belgaum APMC,15.8572666,74.5069343,3.0650154429354024,5.525252580874908,3127.372706673102,0,1,12,sparse,medium
tomato,Tomato||Karnataka||Chamrajnagar||Chamaraj Nagar APMC,Tomato,Karnataka,Chamrajnagar,Chamaraj Nagar APMC,11.9269937,76.9424311,4.448324663310168,1.1774531278074412,1494.2009248113309,6,41,132,dense,medium
tomato,Tomato||Karnataka||Chamrajnagar||Gundlupet APMC,Tomato,Karnataka,Chamrajnagar,Gundlupet APMC,11.9269937,76.9424311,24.20536318497403,31.624314587002793,2150.407107222353,6,41,132,dense,high
tomato,Tomato||Karnataka||Chikmagalur||Bagepalli APMC,Tomato,Karnataka,Chikmagalur,Bagepalli APMC,13.318014,75.7738743,53.32569113573595,55.8656723926551,1199.7504858585417,2,9,53,sparse,high
tomato,Tomato||Karnataka||Chikmagalur||Chikkamagalore APMC,Tomato,Karnataka,Chikmagalur,Chikkamagalore APMC,13.318014,75.7738743,26.16110924958764,37.61489645619688,2304.1764934480443,2,9,53,sparse,high
tomato,Tomato||Karnataka||Chikmagalur||Kadur APMC,Tomato,Karnataka,Chikmagalur,Kadur APMC,13.318014,75.7738743,7.528171059117267,6.126714549329542,2109.3757436093115,2,9,53,sparse,high
tomato,Tomato||Karnataka||Davangere||Davangere APMC,Tomato,Karnataka,Davangere,Davangere APMC,14.4618879,75.9314156,5.875852374806951,1.7298417929390013,1889.7163970468298,0,4,24,sparse,high
tomato,Tomato||Karnataka||Kalburgi||Kalburgi APMC,Tomato,Karnataka,Kalburgi,Kalburgi APMC,17.3310003,76.8334228,5.843894661137642,3.715695598052939,2306.0144530958332,0,4,29,sparse,high
tomato,Tomato||Karnataka||Kolar||Bangarpet APMC,Tomato,Karnataka,Kolar,Bangarpet APMC,13.1805066,78.2669329,4.923384476522253,30.64877844219292,1926.3191233452194,5,23,71,sparse,medium
tomato,Tomato||Karnataka||Kolar||Chickkaballapura APMC,Tomato,Karnataka,Kolar,Chickkaballapura APMC,13.180506599999998,78.2669329,31.07522980901361,7.866272602317186,2041.8605055296507,5,23,71,sparse,high
tomato,Tomato||Karnataka||Kolar||Chintamani APMC,Tomato,Karnataka,Kolar,Chintamani APMC,13.1805066,78.2669329,286.72257856360557,269.230953351363,1589.1809416167125,5,23,71,sparse,high
tomato,Tomato||Karnataka||Kolar||Kolar APMC,Tomato,Karnataka,Kolar,Kolar APMC,13.1805066,78.2669329,1110.9019491247875,700.3638048370065,1639.57320881187,5,23,71,sparse,high
tomato,Tomato||Karnataka||Kolar||Mulabagilu APMC,Tomato,Karnataka,Kolar,Mulabagilu APMC,13.180506599999998,78.2669329,194.77181050696205,80.5093106921378,1373.9330550889504,5,23,71,sparse,high
tomato,Tomato||Karnataka||Kolar||Srinivasapur APMC,Tomato,Karnataka,Kolar,Srinivasapur APMC,13.1805066,78.2669329,57.64173501509666,53.31017943859086,1896.3344288225046,5,23,71,sparse,high
tomato,Tomato||Karnataka||Mandya||K.R. Pet APMC,Tomato,Karnataka,Mandya,K.R. Pet APMC,12.636893900000002,76.7275477,2.824953782367578,2.200100056229444,1718.0914201703251,1,18,89,sparse,medium
tomato,Tomato||Karnataka||Mysore||Mysore (Bandipalya) APMC,Tomato,Karnataka,Mysore,Mysore (Bandipalya) APMC,12.3051828,76.6553609,14.161034317204063,5.2322315342653996,2081.098772846906,3,30,102,sparse,high
tomato,Tomato||Karnataka||Shimoga||Shimoga APMC,Tomato,Karnataka,Shimoga,Shimoga APMC,14.055650299999998,75.2380553,37.872108452966756,19.279366293062083,1775.9952092084177,1,5,17,sparse,high
tomato,Tomato||Karnataka||Udupi||Udupi APMC,Tomato,Karnataka,Udupi,Udupi APMC,13.526978399999999,74.8731879,6.3070790425804795,6.2401159325779165,2933.859683314181,1,6,20,sparse,high
tomato,Tomato||Kerala||Alappuzha||Chengannur APMC,Tomato,Kerala,Alappuzha,Chengannur APMC,9.5003416,76.4123364,0.48828200313382,0.48752610233053506,4160.227726031117,26,48,93,dense,low
tomato,Tomato||Kerala||Alappuzha||Cherthala APMC,Tomato,Kerala,Alappuzha,Cherthala APMC,9.5003416,76.4123364,0.06795594590834232,0.04303893873330414,4816.051306775065,26,48,93,dense,low
tomato,Tomato||Kerala||Alappuzha||Kayamkulam APMC,Tomato,Kerala,Alappuzha,Kayamkulam APMC,9.5003416,76.4123364,1.1703763595840508,0.3881798487265493,3661.6008148482256,26,48,93,dense,low
tomato,Tomato||Kerala||Ernakulam||Aluva APMC,Tomato,Kerala,Ernakulam,Aluva APMC,10.038394699999998,76.5074145,14.08034709758325,3.8530376421918744,3816.728472478128,24,52,104,dense,high
tomato,Tomato||Kerala||Ernakulam||Angamaly APMC,Tomato,Kerala,Ernakulam,Angamaly APMC,10.0383947,76.5074145,1.1873902447525442,0.6048017346559292,4734.579537351888,24,52,104,dense,low
tomato,Tomato||Kerala||Ernakulam||Broadway market APMC,Tomato,Kerala,Ernakulam,Broadway market APMC,10.0383947,76.5074145,20.758790032926463,136.59565987261382,4494.678239825844,24,52,104,dense,high
tomato,Tomato||Kerala||Ernakulam||Ernakulam APMC,Tomato,Kerala,Ernakulam,Ernakulam APMC,10.0383947,76.5074145,2.567371831768038,4.922026124954966,3020.072398200467,24,52,104,dense,medium
tomato,Tomato||Kerala||Ernakulam||Kothamangalam APMC,Tomato,Kerala,Ernakulam,Kothamangalam APMC,10.0383947,76.5074145,0.9067432144399437,0.2351416292185816,3901.924038124084,24,52,104,dense,low
tomato,Tomato||Kerala||Ernakulam||North Paravur APMC,Tomato,Kerala,Ernakulam,North Paravur APMC,10.0383947,76.5074145,1.011455320833786,0.06989209520879629,3920.543810510416,24,52,104,dense,low
tomato,Tomato||Kerala||Ernakulam||Perumbavoor APMC,Tomato,Kerala,Ernakulam,Perumbavoor APMC,10.0383947,76.5074145,3.9380144184539767,1.935112466461599,3781.748386871829,24,52,104,dense,medium
tomato,Tomato||Kerala||Ernakulam||Piravam APMC,Tomato,Kerala,Ernakulam,Piravam APMC,10.0383947,76.5074145,0.5467590813187333,0.0788385727589159,4214.758248368341,24,52,104,dense,low
tomato,Tomato||Kerala||Ernakulam||Thrippunithura APMC,Tomato,Kerala,Ernakulam,Thrippunithura APMC,10.0383947,76.5074145,1.1232252319948661,0.39018777732767285,4515.905044552739,24,52,104,dense,low
tomato,Tomato||Kerala||Idukki||Adimali APMC,Tomato,Kerala,Idukki,Adimali APMC,9.8154785,76.9991599,0.04738662424845256,0.008153685456607024,4802.51604652417,28,66,117,dense,low
tomato,Tomato||Kerala||Idukki||Kattappana APMC,Tomato,Kerala,Idukki,Kattappana APMC,9.8154785,76.9991599,3.914235014422373,1.3989549887485448,4074.681682079305,28,66,117,dense,medium
tomato,Tomato||Kerala||Idukki||Thodupuzha APMC,Tomato,Kerala,Idukki,Thodupuzha APMC,9.8154785,76.9991599,0.9954026670882966,0.040272818407276284,3982.412360147497,28,66,117,dense,low
tomato,Tomato||Kerala||Idukki||Vandiperiyar APMC,Tomato,Kerala,Idukki,Vandiperiyar APMC,9.8154785,76.99915989999998,9.776340309468875,16.800525077805652,3490.014183860864,28,66,117,dense,high
tomato,Tomato||Kerala||Kannur||Kuthuparambu APMC,Tomato,Kerala,Kannur,Kuthuparambu APMC,11.8763836,75.3737973,0.04847640038669652,0.04565604122864559,3304.9102289673547,2,15,72,sparse,low
tomato,Tomato||Kerala||Kannur||Taliparamba APMC,Tomato,Kerala,Kannur,Taliparamba APMC,11.8763836,75.3737973,0.040910033056497624,0.016899889461312323,3010.230915008235,2,15,72,sparse,low
tomato,Tomato||Kerala||Kannur||Thalasserry APMC,Tomato,Kerala,Kannur,Thalasserry APMC,11.8763836,75.3737973,0.20089654093980297,0.009077086852280163,2633.080454129424,2,15,72,sparse,low
tomato,Tomato||Kerala||Kasargod||Kanjangadu APMC,Tomato,Kerala,Kasargod,Kanjangadu APMC,12.4914722,74.9877613,0.997090064763504,0.15173686356011473,2879.138707925991,1,8,45,sparse,low
tomato,Tomato||Kerala||Kasargod||Manjeswaram APMC,Tomato,Kerala,Kasargod,Manjeswaram APMC,12.4914722,74.9877613,20.7358473854954,9.017507245775576,3252.423558608141,1,8,45,sparse,high
tomato,Tomato||Kerala||Kollam||Anchal APMC,Tomato,Kerala,Kollam,Anchal APMC,8.887053299999998,76.59066959999998,0.46253704546128205,0.10376814564074198,5347.1924863757695,13,39,83,dense,low
tomato,Tomato||Kerala||Kollam||Chathanoor APMC,Tomato,Kerala,Kollam,Chathanoor APMC,8.8870533,76.5906696,0.34538983891441116,0.15477705033188383,5178.818132126738,13,39,83,dense,low
tomato,Tomato||Kerala||Kollam||Kollam APMC,Tomato,Kerala,Kollam,Kollam APMC,8.8870533,76.5906696,0.4548879599181097,0.09172267342089777,6879.619623971672,13,39,83,dense,low
tomato,Tomato||Kerala||Kollam||Kottarakkara APMC,Tomato,Kerala,Kollam,Kottarakkara APMC,8.8870533,76.5906696,0.5676518220926385,2.1173073200960126,5573.319429662332,13,39,83,dense,low
tomato,Tomato||Kerala||Kollam||Sasthamkotta APMC,Tomato,Kerala,Kollam,Sasthamkotta APMC,8.8870533,76.5906696,0.31745685012424335,0.0864623585582395,4915.417656425049,13,39,83,dense,low
tomato,Tomato||Kerala||Kottayam||Ettumanoor APMC,Tomato,Kerala,Kottayam,Ettumanoor APMC,9.6287383,76.6455326,0.5267607797872706,0.07094536156745813,4321.496483705532,21,56,102,dense,low
tomato,Tomato||Kerala||Kottayam||Kanjirappally APMC,Tomato,Kerala,Kottayam,Kanjirappally APMC,9.6287383,76.6455326,6.497465489826199,158.3731467762099,5626.243900015249,21,56,102,dense,high
tomato,Tomato||Kerala||Kottayam||Kottayam APMC,Tomato,Kerala,Kottayam,Kottayam APMC,9.6287383,76.6455326,2.955614724942453,0.317284841125449,3777.83818551567,21,56,102,dense,medium
tomato,Tomato||Kerala||Kottayam||Pala APMC,Tomato,Kerala,Kottayam,Pala APMC,9.6287383,76.6455326,1.0,0.0,4824.418583125781,21,56,102,dense,low
tomato,Tomato||Kerala||Kottayam||Pampady APMC,Tomato,Kerala,Kottayam,Pampady APMC,9.6287383,76.6455326,1.0898637737834076,0.6430995768335361,4583.6879629291725,21,56,102,dense,low
tomato,Tomato||Kerala||Kottayam||Thalayolaparambu APMC,Tomato,Kerala,Kottayam,Thalayolaparambu APMC,9.6287383,76.6455326,0.7410063576592626,2.376101137820483,3857.14157387613,21,56,102,dense,low
tomato,Tomato||Kerala||Kozhikode(Calicut)||Kallachi APMC,Tomato,Kerala,Kozhikode(Calicut),Kallachi APMC,11.2450558,75.7754716,0.4,0.0,2725.2390643511944,9,29,95,sparse,low
tomato,Tomato||Kerala||Kozhikode(Calicut)||Mukkom APMC,Tomato,Kerala,Kozhikode(Calicut),Mukkom APMC,11.2450558,75.7754716,0.5079636365041345,0.04640238244300048,2746.064078940675,9,29,95,sparse,low
tomato,Tomato||Kerala||Kozhikode(Calicut)||Palayam APMC,Tomato,Kerala,Kozhikode(Calicut),Palayam APMC,11.2450558,75.7754716,50.82479190437135,20.09993010544639,2370.9895094270923,9,29,95,sparse,high
tomato,Tomato||Kerala||Kozhikode(Calicut)||Quilandy APMC,Tomato,Kerala,Kozhikode(Calicut),Quilandy APMC,11.2450558,75.77547160000002,0.6781649137739902,0.06924903293096503,2658.0102504360743,9,29,95,sparse,low
tomato,Tomato||Kerala||Kozhikode(Calicut)||Vengeri(Kozhikode) APMC,Tomato,Kerala,Kozhikode(Calicut),Vengeri(Kozhikode) APMC,11.2450558,75.7754716,9.082538895261315,26.003791037707078,3142.1350880893365,9,29,95,sparse,high
tomato,Tomato||Kerala||Malappuram||Kondotty APMC,Tomato,Kerala,Malappuram,Kondotty APMC,11.1068448,76.1099551,3.68900652370639,0.9050392248673611,2828.623983084296,17,41,109,dense,medium
tomato,Tomato||Kerala||Malappuram||Kottakkal APMC,Tomato,Kerala,Malappuram,Kottakkal APMC,11.1068448,76.1099551,2.641959101683278,0.6476944195424228,3281.8208576784614,17,41,109,dense,medium
tomato,Tomato||Kerala||Malappuram||Manjeri APMC,Tomato,Kerala,Malappuram,Manjeri APMC,11.1068448,76.1099551,6.928523382227392,0.778673394958721,2951.6334202905214,17,41,109,dense,high
tomato,Tomato||Kerala||Malappuram||Parappanangadi APMC,Tomato,Kerala,Malappuram,Parappanangadi APMC,11.1068448,76.1099551,3.7754728167478797,1.3532804939456937,2429.895096789755,17,41,109,dense,medium
tomato,Tomato||Kerala||Malappuram||Thirurrangadi APMC,Tomato,Kerala,Malappuram,Thirurrangadi APMC,11.1068448,76.1099551,2.219530124698241,2.61535547976712,1734.7382634754078,17,41,109,dense,medium
tomato,Tomato||Kerala||Palakad||Koduvayoor APMC,Tomato,Kerala,Palakad,Koduvayoor APMC,10.7681928,76.6521319,0.8190968433173332,0.05544490629304462,3148.392218163395,19,54,124,dense,low
tomato,Tomato||Kerala||Palakad||Kollengode APMC,Tomato,Kerala,Palakad,Kollengode APMC,10.7681928,76.6521319,23.37615806457283,49.04744310957198,6902.176063774037,19,54,124,dense,high
tomato,Tomato||Kerala||Palakad||Palakkad APMC,Tomato,Kerala,Palakad,Palakkad APMC,10.7681928,76.6521319,3.420546479015357,1.2092267251368767,3386.3177902768466,19,54,124,dense,medium
tomato,Tomato||Kerala||Palakad||Pattambi APMC,Tomato,Kerala,Palakad,Pattambi APMC,10.7681928,76.6521319,0.41959847160848757,0.4149999247506003,2749.1662459670915,19,54,124,dense,low
tomato,Tomato||Kerala||Palakad||Vadakkenchery APMC,Tomato,Kerala,Palakad,Vadakkenchery APMC,10.7681928,76.6521319,0.28345192775175737,0.8949377038918154,4209.231876239048,19,54,124,dense,low
tomato,Tomato||Kerala||Palakad||vadakarapathy APMC,Tomato,Kerala,Palakad,vadakarapathy APMC,10.7681928,76.6521319,4.846109575257023,4.205247531201923,2375.9787808724477,19,54,124,dense,medium
tomato,Tomato||Kerala||Thirssur||Chelakkara APMC,Tomato,Kerala,Thirssur,Chelakkara APMC,10.3528744,76.5120396,0.36647455331348705,1.4672333754685063,3447.940598140957,17,50,114,dense,low
tomato,Tomato||Kerala||Thirssur||Thrissur APMC,Tomato,Kerala,Thirssur,Thrissur APMC,10.3528744,76.5120396,10.60868312347923,7.525954994729235,3009.515773838844,17,50,114,dense,high
tomato,Tomato||Kerala||Thirssur||Wadakkanchery APMC,Tomato,Kerala,Thirssur,Wadakkanchery APMC,10.3528744,76.5120396,0.2483613420783633,0.011759888254861777,3586.937292748516,17,50,114,dense,low
tomato,Tomato||Kerala||Thiruvananthapuram||Aralamoodu APMC,Tomato,Kerala,Thiruvananthapuram,Aralamoodu APMC,8.4882267,76.947551,1.5048836248093798,0.5444536706617046,4450.575001044073,10,27,69,sparse,medium
tomato,Tomato||Kerala||Thiruvananthapuram||Attingal APMC,Tomato,Kerala,Thiruvananthapuram,Attingal APMC,8.4882267,76.947551,0.908512277485881,0.05767714973326215,4001.7277453083752,10,27,69,sparse,low
tomato,Tomato||Kerala||Thiruvananthapuram||Neyyatinkara APMC,Tomato,Kerala,Thiruvananthapuram,Neyyatinkara APMC,8.4882267,76.947551,0.03688302558968634,0.03322372390985898,4829.249332752024,10,27,69,sparse,low
tomato,Tomato||Kerala||Thiruvananthapuram||Parassala APMC,Tomato,Kerala,Thiruvananthapuram,Parassala APMC,8.4882267,76.947551,0.3200376161715027,0.12226695114731044,4269.480119695078,10,27,69,sparse,low
tomato,Tomato||Kerala||Thiruvananthapuram||Pothencode APMC,Tomato,Kerala,Thiruvananthapuram,Pothencode APMC,8.4882267,76.947551,33.19207889234941,139.02614550400102,19233.41118803202,10,27,69,sparse,high
tomato,Tomato||Kerala||Thiruvananthapuram||Vamanapuram APMC,Tomato,Kerala,Thiruvananthapuram,Vamanapuram APMC,8.4882267,76.947551,0.17824836017285967,0.666020157060634,4073.747645294477,10,27,69,sparse,low
tomato,Tomato||Madhya Pradesh||Alirajpur||Alirajpur(F&V) APMC,Tomato,Madhya Pradesh,Alirajpur,Alirajpur(F&V) APMC,22.2859525,74.3545628,0.2363038788833288,0.15705867883446298,1673.6387175968027,1,15,43,sparse,low
tomato,Tomato||Madhya Pradesh||Badwani||Badwani APMC,Tomato,Madhya Pradesh,Badwani,Badwani APMC,23.8143419,77.5340719,0.32562555460589215,0.12670798014449614,1066.4045484136311,1,7,38,sparse,low
tomato,Tomato||Madhya Pradesh||Bhopal||Bhopal(F&V) APMC,Tomato,Madhya Pradesh,Bhopal,Bhopal(F&V) APMC,23.2584857,77.401989,35.95562665253919,26.121757284301978,1313.5504348933334,3,9,41,sparse,high
tomato,Tomato||Madhya Pradesh||Chhindwara||Chhindwara(F&V) APMC,Tomato,Madhya Pradesh,Chhindwara,Chhindwara(F&V) APMC,22.2071897,78.798833,4.9690274493034785,5.5274031392472684,957.4247824913435,0,7,22,sparse,medium
tomato,Tomato||Madhya Pradesh||Dewas||Dewas(F&V) APMC,Tomato,Madhya Pradesh,Dewas,Dewas(F&V) APMC,22.8057498,76.2940408,1.1306916996923735,0.5510046423355728,808.2393694804013,4,21,34,sparse,low
tomato,Tomato||Madhya Pradesh||Dewas||Haatpipliya APMC,Tomato,Madhya Pradesh,Dewas,Haatpipliya APMC,22.8057498,76.2940408,0.2191560759799378,0.11061890425515584,1857.7809242134595,4,21,34,sparse,low
tomato,Tomato||Madhya Pradesh||Dhar||Dhamnod APMC,Tomato,Madhya Pradesh,Dhar,Dhamnod APMC,22.5786572,75.2258637,3.110464926294874,2.0411874333701157,1374.7703387994757,9,17,46,sparse,medium
tomato,Tomato||Madhya Pradesh||Dhar||Dhar(F&V) APMC,Tomato,Madhya Pradesh,Dhar,Dhar(F&V) APMC,22.5786572,75.2258637,0.49725673726584546,0.2857501719018709,2369.2254284650544,9,17,46,sparse,low
tomato,Tomato||Madhya Pradesh||Dhar||Kukshi APMC,Tomato,Madhya Pradesh,Dhar,Kukshi APMC,22.5786572,75.2258637,1.173848772016614,1.4672203662677676,1266.5431831428268,9,17,46,sparse,low
tomato,Tomato||Madhya Pradesh||Dhar||Manawar APMC,Tomato,Madhya Pradesh,Dhar,Manawar APMC,22.5786572,75.2258637,1.0049955355818116,0.49250381871431187,1620.9418000420078,9,17,46,sparse,low
tomato,Tomato||Madhya Pradesh||Dhar||Rajgarh APMC,Tomato,Madhya Pradesh,Dhar,Rajgarh APMC,22.5786572,75.2258637,0.9955378321469474,0.6941083732387952,1324.7640238464094,9,17,46,sparse,low
tomato,Tomato||Madhya Pradesh||Gwalior||Lashkar(F&V) APMC,Tomato,Madhya Pradesh,Gwalior,Lashkar(F&V) APMC,26.2037247,78.1573628,26.82693192159185,16.73096041841574,1863.407680985427,0,22,125,sparse,high
tomato,Tomato||Madhya Pradesh||Harda||Harda(F&V) APMC,Tomato,Madhya Pradesh,Harda,Harda(F&V) APMC,22.2427973,77.1179173,1.9752666546013524,1.1153945149724642,1828.0716685635612,3,14,36,sparse,medium
tomato,Tomato||Madhya Pradesh||Harda||Timarni APMC,Tomato,Madhya Pradesh,Harda,Timarni APMC,22.2427973,77.1179173,0.3802760806210367,0.23351258623161883,1495.277185112006,3,14,36,sparse,low
tomato,Tomato||Madhya Pradesh||Hoshangabad||Hoshangabad APMC,Tomato,Madhya Pradesh,Hoshangabad,Hoshangabad APMC,22.7545538,77.7198249,2.848411269420063,1.217489342498054,1526.502730866809,2,10,33,sparse,medium
tomato,Tomato||Madhya Pradesh||Hoshangabad||Pipariya APMC,Tomato,Madhya Pradesh,Hoshangabad,Pipariya APMC,22.7545538,77.7198249,3.8190830138368574,1.3489016763440573,1190.4438870600575,2,10,33,sparse,medium
tomato,Tomato||Madhya Pradesh||Indore||Indore(F&V) APMC,Tomato,Madhya Pradesh,Indore,Indore(F&V) APMC,22.7203616,75.8681996,21.696163986351706,21.495544524586936,1484.169564596022,9,18,39,sparse,high
tomato,Tomato||Madhya Pradesh||Indore||Mhow APMC,Tomato,Madhya Pradesh,Indore,Mhow APMC,22.7203616,75.8681996,0.23566160213149498,0.1518741996246108,2641.1743377597804,9,18,39,sparse,low
tomato,Tomato||Madhya Pradesh||Indore||Sanwer APMC,Tomato,Madhya Pradesh,Indore,Sanwer APMC,22.7203616,75.8681996,0.1573377124712508,0.10145858745594759,2200.558266906406,9,18,39,sparse,low
tomato,Tomato||Madhya Pradesh||Jabalpur||Jabalpur(F&V) APMC,Tomato,Madhya Pradesh,Jabalpur,Jabalpur(F&V) APMC,23.1701522,79.9324505,17.34358483676718,16.86623006483091,1458.291307182639,0,1,28,sparse,high
tomato,Tomato||Madhya Pradesh||Jhabua||Petlawad APMC,Tomato,Madhya Pradesh,Jhabua,Petlawad APMC,22.8869652,74.7243249,0.5302291501918927,0.5044011251653768,1664.574004983088,7,14,46,sparse,low
tomato,Tomato||Madhya Pradesh||Jhabua||Thandla APMC,Tomato,Madhya Pradesh,Jhabua,Thandla APMC,22.8869652,74.7243249,3.0735057993768633,3.6537487939532665,2160.1646110841066,7,14,46,sparse,medium
tomato,Tomato||Madhya Pradesh||Khandwa||Khandwa(F&V) APMC,Tomato,Madhya Pradesh,Khandwa,Khandwa(F&V) APMC,21.9769779,76.5675344,3.4368420348154585,2.2386906669860163,1038.0636377165722,3,13,38,sparse,medium
tomato,Tomato||Madhya Pradesh||Khandwa||Pandhana(F&V) APMC,Tomato,Madhya Pradesh,Khandwa,Pandhana(F&V) APMC,21.9769779,76.5675344,0.07400580905856034,0.014324368041750331,799.524453969152,3,13,38,sparse,low
tomato,Tomato||Madhya Pradesh||Khargone||Badwaha APMC,Tomato,Madhya Pradesh,Khargone,Badwaha APMC,21.9544729,75.7521248,0.6838644754651111,1.737378845231745,1891.2383887792892,2,22,38,sparse,low
tomato,Tomato||Madhya Pradesh||Khargone||Khargone APMC,Tomato,Madhya Pradesh,Khargone,Khargone APMC,21.9544729,75.7521248,1.5227392157797917,0.5216523819144214,895.1556791077376,2,22,38,sparse,medium
tomato,Tomato||Madhya Pradesh||Khargone||Sanawad APMC,Tomato,Madhya Pradesh,Khargone,Sanawad APMC,21.9544729,75.7521248,7.249466989127371,5.102084565093685,1932.6987142770347,2,22,38,sparse,high
tomato,Tomato||Madhya Pradesh||Mandsaur||Mandsaur(F&V) APMC,Tomato,Madhya Pradesh,Mandsaur,Mandsaur(F&V) APMC,24.2628148,75.385692,5.167975449243515,4.870089465454705,2951.4509542781802,0,3,42,sparse,medium
tomato,Tomato||Madhya Pradesh||Rajgarh||Biaora APMC,Tomato,Madhya Pradesh,Rajgarh,Biaora APMC,23.8716707,76.7744703,1.2735945412304246,0.9334890874572817,1569.4854744343636,1,7,40,sparse,low
tomato,Tomato||Madhya Pradesh||Rajgarh||Narsinghgarh APMC,Tomato,Madhya Pradesh,Rajgarh,Narsinghgarh APMC,23.8716707,76.7744703,3.119769044890807,1.691513256194812,468.72447071046093,1,7,40,sparse,medium
tomato,Tomato||Madhya Pradesh||Sagar||Sagar(F&V) APMC,Tomato,Madhya Pradesh,Sagar,Sagar(F&V) APMC,23.8083076,78.758254,3.497531741892511,3.1762901288825476,1630.0833394302335,0,3,36,sparse,medium
tomato,Tomato||Maharashtra||Ahmednagar||Rahata APMC,Tomato,Maharashtra,Ahmednagar,Rahata APMC,19.1627725,74.8580243,3.6651688603822072,2.196068161807351,1636.3103921372715,3,12,30,sparse,medium
tomato,Tomato||Maharashtra||Ahmednagar||Rahuri APMC,Tomato,Maharashtra,Ahmednagar,Rahuri APMC,19.1627725,74.8580243,5.871809614996058,19.429295363246684,1617.979926002829,3,12,30,sparse,high
tomato,Tomato||Maharashtra||Ahmednagar||Sangamner APMC,Tomato,Maharashtra,Ahmednagar,Sangamner APMC,19.162772500000003,74.8580243,183.96816601079504,239.66775625640088,1474.13478753209,3,12,30,sparse,high
tomato,Tomato||Maharashtra||Ahmednagar||Shrirampur APMC,Tomato,Maharashtra,Ahmednagar,Shrirampur APMC,19.1627725,74.8580243,2.705328961245753,1.1002292582626823,1833.23489978532,3,12,30,sparse,medium
tomato,Tomato||Maharashtra||Amarawati||Amrawati(Frui & Veg. Market) APMC,Tomato,Maharashtra,Amarawati,Amrawati(Frui & Veg. Market) APMC,19.5670323,76.4164557,12.612447126004236,4.312515377187395,1766.158806299426,1,1,26,sparse,high
tomato,Tomato||Maharashtra||Chattrapati Sambhajinagar||Chattrapati Sambhajinagar APMC,Tomato,Maharashtra,Chattrapati Sambhajinagar,Chattrapati Sambhajinagar APMC,19.5670323,76.4164557,9.692982463295749,8.963335103538299,2432.028929306731,1,1,26,sparse,high
tomato,Tomato||Maharashtra||Jalgaon||Bhusaval APMC,Tomato,Maharashtra,Jalgaon,Bhusaval APMC,20.8428827,75.5261246,5.435284203159605,13.496411096382253,1916.8899416589868,1,5,37,sparse,medium
tomato,Tomato||Maharashtra||Jalgaon||Jalgaon APMC,Tomato,Maharashtra,Jalgaon,Jalgaon APMC,20.8428827,75.5261246,8.696317205174442,3.268266669859262,1771.8799880394213,1,5,37,sparse,high
tomato,Tomato||Maharashtra||Kolhapur||Kolhapur APMC,Tomato,Maharashtra,Kolhapur,Kolhapur APMC,16.7028412,74.2405329,23.888591696730302,9.03302226367278,1659.0082184832263,0,6,22,sparse,high
tomato,Tomato||Maharashtra||Mumbai||Mumbai APMC,Tomato,Maharashtra,Mumbai,Mumbai APMC,19.054999,72.8692035,206.82202757415627,77.65113731257571,2498.7257322328364,1,10,24,sparse,high
tomato,Tomato||Maharashtra||Nagpur||Hingna APMC,Tomato,Maharashtra,Nagpur,Hingna APMC,21.1498134,79.0820556,4.032859757225501,2.1899029570479667,2491.4599328079566,4,5,16,sparse,medium
tomato,Tomato||Maharashtra||Nagpur||Kalmeshwar APMC,Tomato,Maharashtra,Nagpur,Kalmeshwar APMC,21.1498134,79.0820556,1.9936663795875806,0.48486393994396776,2515.247487978963,4,5,16,sparse,medium
tomato,Tomato||Maharashtra||Nagpur||Kamthi APMC,Tomato,Maharashtra,Nagpur,Kamthi APMC,21.1498134,79.0820556,3.8720669232720732,2.4650382826250747,2353.491531663645,4,5,16,sparse,medium
tomato,Tomato||Maharashtra||Nagpur||Nagpur APMC,Tomato,Maharashtra,Nagpur,Nagpur APMC,21.1498134,79.0820556,111.64011118169233,27.357755058887754,2579.653115338046,4,5,16,sparse,high
tomato,Tomato||Maharashtra||Nagpur||Ramtek APMC,Tomato,Maharashtra,Nagpur,Ramtek APMC,21.1498134,79.0820556,6.465608087182281,1.9492483551916902,2435.633941075457,4,5,16,sparse,high
tomato,Tomato||Maharashtra||Nandurbar||Navapur APMC,Tomato,Maharashtra,Nandurbar,Navapur APMC,21.5141622,74.5405513,19.08158367806926,9.184293323063027,2087.519236117433,0,11,44,sparse,high
tomato,Tomato||Maharashtra||Nashik||Nasik APMC,Tomato,Maharashtra,Nashik,Nasik APMC,20.0112475,73.7902364,218.07874416515037,168.59183709393037,1221.606104004393,1,8,34,sparse,high
tomato,Tomato||Maharashtra||Nashik||Pimpalgaon APMC,Tomato,Maharashtra,Nashik,Pimpalgaon APMC,20.0112475,73.7902364,1142.2844495735305,1945.1953183917049,1815.3171133404346,1,8,34,sparse,high
tomato,Tomato||Maharashtra||Pune||Junnar(Narayangaon) APMC,Tomato,Maharashtra,Pune,Junnar(Narayangaon) APMC,18.5213738,73.8545071,179.70827581831406,187.05571337332324,1923.4755823754972,6,17,26,sparse,high
tomato,Tomato||Maharashtra||Pune||Khed(Chakan) APMC,Tomato,Maharashtra,Pune,Khed(Chakan) APMC,18.5213738,73.8545071,28.104886188816085,10.354292336359048,2089.429788037185,6,17,26,sparse,high
tomato,Tomato||Maharashtra||Pune||Pune APMC,Tomato,Maharashtra,Pune,Pune APMC,18.5213738,73.8545071,207.28537188607504,63.573839439696236,1727.2254410892158,6,17,26,sparse,high
tomato,Tomato||Maharashtra||Pune||Pune(Khadiki) APMC,Tomato,Maharashtra,Pune,Pune(Khadiki) APMC,18.5213738,73.8545071,1.64715472911164,0.6093228221482826,1365.7147191839185,6,17,26,sparse,medium
tomato,Tomato||Maharashtra||Pune||Pune(Manjri) APMC,Tomato,Maharashtra,Pune,Pune(Manjri) APMC,18.5213738,73.8545071,48.19466217251772,15.631116458713615,2230.8610718991235,6,17,26,sparse,high
tomato,Tomato||Maharashtra||Pune||Pune(Moshi) APMC,Tomato,Maharashtra,Pune,Pune(Moshi) APMC,18.5213738,73.8545071,43.553026631499755,14.624796143389027,1802.8331662526516,6,17,26,sparse,high
tomato,Tomato||Maharashtra||Pune||Pune(Pimpri) APMC,Tomato,Maharashtra,Pune,Pune(Pimpri) APMC,18.5213738,73.8545071,1.7247427730389497,1.0215305712965483,1761.203703957191,6,17,26,sparse,medium
tomato,Tomato||Maharashtra||Raigad||Panvel APMC,Tomato,Maharashtra,Raigad,Panvel APMC,18.4928092,73.138071,68.29238629522838,19.203897751316006,2916.349703220264,1,9,22,sparse,high
tomato,Tomato||Maharashtra||Ratnagiri||Ratnagiri (Nachane) APMC,Tomato,Maharashtra,Ratnagiri,Ratnagiri (Nachane) APMC,17.2826079,73.4569787,15.805129785722269,15.72719092996415,2017.8042248067002,0,13,21,sparse,high
tomato,Tomato||Maharashtra||Satara||Karad APMC,Tomato,Maharashtra,Satara,Karad APMC,17.6361289,74.2982781,6.791586520705188,2.9555982995972645,2140.8721319705637,3,12,24,sparse,high
tomato,Tomato||Maharashtra||Satara||Phaltan APMC,Tomato,Maharashtra,Satara,Phaltan APMC,17.6361289,74.2982781,2.879408523839289,1.6942640228446466,1522.8645988891253,3,12,24,sparse,medium
tomato,Tomato||Maharashtra||Satara||Satara APMC,Tomato,Maharashtra,Satara,Satara APMC,17.6361289,74.2982781,6.749816028828808,3.7733074975818734,1760.89331914132,3,12,24,sparse,high
tomato,Tomato||Maharashtra||Satara||Vai APMC,Tomato,Maharashtra,Satara,Vai APMC,17.6361289,74.2982781,8.55638160004001,19.534592976785472,2091.7054898555784,3,12,24,sparse,high
tomato,Tomato||Maharashtra||Sholapur||Mangal Wedha APMC,Tomato,Maharashtra,Sholapur,Mangal Wedha APMC,17.6699734,75.9008118,6.186102912619032,3.0330134465221383,1823.2107070480695,1,2,33,sparse,high
tomato,Tomato||Maharashtra||Sholapur||Solapur APMC,Tomato,Maharashtra,Sholapur,Solapur APMC,17.6799325,75.927467,32.644918826154715,17.266064209438433,1358.1752616271565,1,2,33,sparse,high
tomato,Tomato||NCT of Delhi||Delhi||Azadpur APMC,Tomato,NCT of Delhi,Delhi,Azadpur APMC,28.6333255,77.2244838,531.6342004280585,163.03286433030325,2280.416154791628,30,69,176,dense,high
tomato,Tomato||NCT of Delhi||Delhi||Shahdara APMC,Tomato,NCT of Delhi,Delhi,Shahdara APMC,28.6333255,77.2244838,146.6259944988791,44.548859281779805,2159.4134469511837,30,69,176,dense,high
tomato,Tomato||Odisha||Balasore||Jaleswar APMC,Tomato,Odisha,Balasore,Jaleswar APMC,21.5006421,86.919884,4.5833608248745845,1.5901570897504453,3209.0366687542564,2,14,43,sparse,medium
tomato,Tomato||Odisha||Balasore||Nilagiri APMC,Tomato,Odisha,Balasore,Nilagiri APMC,21.5006421,86.919884,2.7916412763794147,0.7156397505704613,2214.934852525205,2,14,43,sparse,medium
tomato,Tomato||Odisha||Bargarh||Bargarh APMC,Tomato,Odisha,Bargarh,Bargarh APMC,21.2319922,83.5652737,11.21626143609321,41.182727913621214,2711.2039077368577,5,15,27,sparse,high
tomato,Tomato||Odisha||Bargarh||Bargarh(Barapalli) APMC,Tomato,Odisha,Bargarh,Bargarh(Barapalli) APMC,21.2319922,83.5652737,19.688259552713017,4.880625453931681,2816.599154700834,5,15,27,sparse,high
tomato,Tomato||Odisha||Bargarh||Padampur APMC,Tomato,Odisha,Bargarh,Padampur APMC,21.2319922,83.5652737,2.1614448840578544,0.3583343764315887,3185.1986362499842,5,15,27,sparse,medium
tomato,Tomato||Odisha||Bargarh||Sohela APMC,Tomato,Odisha,Bargarh,Sohela APMC,21.2319922,83.5652737,2.2642001539409202,0.3942097283330263,3088.9620772631242,5,15,27,sparse,medium
tomato,Tomato||Odisha||Bhadrak||Chandabali APMC,Tomato,Odisha,Bhadrak,Chandabali APMC,20.9854052,86.5934226,9.72706106601459,8.160942868020106,2576.8466867864167,7,13,40,sparse,high
tomato,Tomato||Odisha||Bolangir||Kantabaji APMC,Tomato,Odisha,Bolangir,Kantabaji APMC,20.7502257,83.2499464,0.19419984070538981,0.18897713874635416,2976.6120327816443,4,9,27,sparse,low
tomato,Tomato||Odisha||Boudh||Boudh APMC,Tomato,Odisha,Boudh,Boudh APMC,20.6407463,83.9969704,0.1353464238898281,0.22440123525228645,3627.1225889971774,4,12,32,sparse,low
tomato,Tomato||Odisha||Dhenkanal||Hindol APMC,Tomato,Odisha,Dhenkanal,Hindol APMC,20.835149400000002,85.6022305,1.3044507236469935,0.6335530305418287,3377.7773097370437,4,15,35,sparse,low
tomato,Tomato||Odisha||Dhenkanal||Kamakhyanagar APMC,Tomato,Odisha,Dhenkanal,Kamakhyanagar APMC,20.8351494,85.6022305,0.41453146840716787,0.4788752382172507,4735.586275728157,4,15,35,sparse,low
tomato,Tomato||Odisha||Gajapati||Parlakhemundi APMC,Tomato,Odisha,Gajapati,Parlakhemundi APMC,19.1966026,84.1930634,6.142761744594104,3.238047537047103,2338.2242776850503,2,2,26,sparse,high
tomato,Tomato||Odisha||Ganjam||Hinjilicut APMC,Tomato,Odisha,Ganjam,Hinjilicut APMC,19.6090068,84.7080633,39.96848364686186,7.607709911988207,2962.7985866392473,1,8,29,sparse,high
tomato,Tomato||Odisha||Kendrapara||Chatta Krushak Bazar APMC,Tomato,Odisha,Kendrapara,Chatta Krushak Bazar APMC,20.5475164,86.5296168,2.1231273039020646,0.6974368161678856,3959.331035263257,5,10,30,sparse,medium
tomato,Tomato||Odisha||Kendrapara||Gopa APMC,Tomato,Odisha,Kendrapara,Gopa APMC,20.5475164,86.5296168,2.094821860534916,0.5749653644557202,3557.770940412428,5,10,30,sparse,medium
tomato,Tomato||Odisha||Kendrapara||Kendrapara APMC,Tomato,Odisha,Kendrapara,Kendrapara APMC,20.5475164,86.5296168,2.1057591538787035,0.556534739187218,4063.014805349485,5,10,30,sparse,medium
tomato,Tomato||Odisha||Kendrapara||Kendrapara(Marshaghai) APMC,Tomato,Odisha,Kendrapara,Kendrapara(Marshaghai) APMC,20.5475164,86.5296168,2.1031669491902747,0.598575994810218,3894.219448229878,5,10,30,sparse,medium
tomato,Tomato||Odisha||Kendrapara||Pattamundai APMC,Tomato,Odisha,Kendrapara,Pattamundai APMC,20.5475164,86.5296168,2.130025033861548,0.5735512582993935,3807.850814720816,5,10,30,sparse,medium
tomato,Tomato||Odisha||Keonjhar||Keonjhar APMC,Tomato,Odisha,Keonjhar,Keonjhar APMC,21.5,85.5,0.5406194242116844,0.09694190962234456,3716.533494738237,4,12,38,sparse,low
tomato,Tomato||Odisha||Keonjhar||Keonjhar(Dhekikote) APMC,Tomato,Odisha,Keonjhar,Keonjhar(Dhekikote) APMC,21.5,85.5,0.5310846075728902,0.11789632990651133,4160.8706866175735,4,12,38,sparse,low
tomato,Tomato||Odisha||Keonjhar||Saharpada APMC,Tomato,Odisha,Keonjhar,Saharpada APMC,21.5,85.5,0.5131133876777377,0.10396931350973677,4146.678545315401,4,12,38,sparse,low
tomato,Tomato||Odisha||Khurda||Balugaon APMC,Tomato,Odisha,Khurda,Balugaon APMC,20.161737800000004,85.7052429,1.5941578843817528,0.5229490611665588,3157.769315221464,0,13,29,sparse,medium
tomato,Tomato||Odisha||Mayurbhanja||Baripada APMC,Tomato,Odisha,Mayurbhanja,Baripada APMC,20.5431241,84.6897321,4.282817272735,1.414744026468606,3615.0031524215356,4,16,32,sparse,medium
tomato,Tomato||Odisha||Mayurbhanja||Chuliaposi APMC,Tomato,Odisha,Mayurbhanja,Chuliaposi APMC,20.5431241,84.6897321,0.3481610998019639,0.18678364925375926,3284.921873796624,4,16,32,sparse,low
tomato,Tomato||Odisha||Mayurbhanja||Saraskana APMC,Tomato,Odisha,Mayurbhanja,Saraskana APMC,20.5431241,84.6897321,1.1878568885723872,1.5995447505243587,3595.747268182016,4,16,32,sparse,low
tomato,Tomato||Odisha||Mayurbhanja||Udala APMC,Tomato,Odisha,Mayurbhanja,Udala APMC,20.5431241,84.6897321,0.8438737890680035,0.7064890723529831,3283.677613122647,4,16,32,sparse,low
tomato,Tomato||Odisha||Nuapada||Khariar APMC,Tomato,Odisha,Nuapada,Khariar APMC,20.5412657,82.5292352,1.0677933860568491,1.4729347865194196,3530.3653770089277,1,7,21,sparse,low
tomato,Tomato||Odisha||Nuapada||Khariar Road APMC,Tomato,Odisha,Nuapada,Khariar Road APMC,20.5412657,82.5292352,1.0028358173410425,0.643747128886519,3564.050880728563,1,7,21,sparse,low
tomato,Tomato||Odisha||Rayagada||Rayagada APMC,Tomato,Odisha,Rayagada,Rayagada APMC,19.4426698,83.5873053,5.275200630592736,2.64886039198315,3616.120554535703,1,4,18,sparse,medium
tomato,Tomato||Odisha||Sambalpur||Kuchinda APMC,Tomato,Odisha,Sambalpur,Kuchinda APMC,21.5570606,84.1528515,0.23952927642673177,0.10670996906398232,3464.0465481017604,6,16,34,sparse,low
tomato,Tomato||Odisha||Sundergarh||Panposh APMC,Tomato,Odisha,Sundergarh,Panposh APMC,22.1226562,84.0368319,75.04457515873429,21.326711084652576,3130.852237877599,3,7,28,sparse,high
tomato,Tomato||Odisha||Sundergarh||Sargipali APMC,Tomato,Odisha,Sundergarh,Sargipali APMC,22.1226562,84.0368319,0.6675373745331628,0.45440411033925754,2875.8392491527043,3,7,28,sparse,low
tomato,Tomato||Punjab||Amritsar||Amritsar(Amritsar Mewa Mandi) APMC,Tomato,Punjab,Amritsar,Amritsar(Amritsar Mewa Mandi) APMC,31.6356659,74.8787496,56.95454973449335,34.543556203473464,1759.0242876279128,8,35,110,dense,high
tomato,Tomato||Punjab||Amritsar||Rayya APMC,Tomato,Punjab,Amritsar,Rayya APMC,31.6356659,74.8787496,0.14849436915970415,0.86435522277842,1988.4032247710898,8,35,110,dense,low
tomato,Tomato||Punjab||Barnala||Barnala APMC,Tomato,Punjab,Barnala,Barnala APMC,30.3716802,75.5039887,4.578002941649661,2.1384606815985925,2269.8745933816094,17,69,160,dense,medium
tomato,Tomato||Punjab||Bhatinda||Bathinda APMC,Tomato,Punjab,Bhatinda,Bathinda APMC,30.206791000000003,74.9463699,10.119918418886174,4.698127329748359,1995.9743313294155,12,51,150,dense,high
tomato,Tomato||Punjab||Bhatinda||Bhagta Bhai Ka APMC,Tomato,Punjab,Bhatinda,Bhagta Bhai Ka APMC,30.206791,74.94636989999998,0.28277573633779535,0.14077005774528728,2547.065492318039,12,51,150,dense,low
tomato,Tomato||Punjab||Bhatinda||Maur APMC,Tomato,Punjab,Bhatinda,Maur APMC,30.206790999999996,74.9463699,0.5272602430415088,0.1445817356532159,2165.4298896444116,12,51,150,dense,low
tomato,Tomato||Punjab||Bhatinda||Raman APMC,Tomato,Punjab,Bhatinda,Raman APMC,30.206791000000003,74.9463699,1.2374004742284885,0.8454956808661238,2238.698660227225,12,51,150,dense,low
tomato,Tomato||Punjab||Bhatinda||Rampuraphul(Nabha Mandi) APMC,Tomato,Punjab,Bhatinda,Rampuraphul(Nabha Mandi) APMC,30.206791,74.9463699,0.47788582442990163,0.4954036129491871,1745.536105920094,12,51,150,dense,low
tomato,Tomato||Punjab||Bhatinda||Talwandi Sabo APMC,Tomato,Punjab,Bhatinda,Talwandi Sabo APMC,30.206791,74.9463699,0.47555228770568003,0.31122871190581636,2432.0612824614977,12,51,150,dense,low
tomato,Tomato||Punjab||Fatehgarh||Bassi Pathana APMC,Tomato,Punjab,Fatehgarh,Bassi Pathana APMC,31.6610527,74.9764967,0.9455394933768573,0.338643980426492,2645.079651533549,12,37,110,dense,low
tomato,Tomato||Punjab||Fatehgarh||Khamano APMC,Tomato,Punjab,Fatehgarh,Khamano APMC,31.6610527,74.9764967,0.16520206170837795,0.048595512961006816,3287.208912310161,12,37,110,dense,low
tomato,Tomato||Punjab||Fatehgarh||Sirhind APMC,Tomato,Punjab,Fatehgarh,Sirhind APMC,31.6610527,74.9764967,3.307038911874031,1.322612425170034,2319.30756663183,12,37,110,dense,medium
tomato,Tomato||Punjab||Fazilka||Fazilka APMC,Tomato,Punjab,Fazilka,Fazilka APMC,30.319840600000003,74.1217943,3.266613645364926,1.3759141912115078,2035.243170020496,5,24,110,sparse,medium
tomato,Tomato||Punjab||Fazilka||Jalalabad APMC,Tomato,Punjab,Fazilka,Jalalabad APMC,30.3198406,74.1217943,1.0865311618833955,0.21186392823446773,2241.6790554982335,5,24,110,sparse,low
tomato,Tomato||Punjab||Ferozpur||Firozepur City APMC,Tomato,Punjab,Ferozpur,Firozepur City APMC,30.400257900000003,74.0327747,1.7529132683350281,0.7373729658298128,2538.8462431921143,5,21,107,sparse,medium
tomato,Tomato||Punjab||Ferozpur||Zira APMC,Tomato,Punjab,Ferozpur,Zira APMC,30.4002579,74.0327747,0.3287263346594066,0.5141185681452923,2717.9683323921217,5,21,107,sparse,low
tomato,Tomato||Punjab||Gurdaspur||Dinanagar APMC,Tomato,Punjab,Gurdaspur,Dinanagar APMC,31.903726399999996,75.2275587,0.5391750960900913,0.3025890452786112,2643.9888792913116,16,37,108,dense,low
tomato,Tomato||Punjab||Gurdaspur||F.G.Churian APMC,Tomato,Punjab,Gurdaspur,F.G.Churian APMC,31.903726399999996,75.2275587,0.24277918115065952,0.33691984895357785,2787.4542365872485,16,37,108,dense,low
tomato,Tomato||Punjab||Gurdaspur||Gurdaspur APMC,Tomato,Punjab,Gurdaspur,Gurdaspur APMC,31.9037264,75.2275587,2.0954563055853948,2.4144987430171034,2451.559364901734,16,37,108,dense,medium
tomato,Tomato||Punjab||Hoshiarpur||Dasuya APMC,Tomato,Punjab,Hoshiarpur,Dasuya APMC,31.609294199999997,75.8459754,1.5828916465863545,4.341934969954804,3215.760529512155,22,51,126,dense,medium
tomato,Tomato||Punjab||Hoshiarpur||Garh Shankar APMC,Tomato,Punjab,Hoshiarpur,Garh Shankar APMC,31.6092942,75.8459754,1.768459470052647,0.7672049460327415,2478.9802383286265,22,51,126,dense,medium
tomato,Tomato||Punjab||Hoshiarpur||Garh Shankar(Mahalpur) APMC,Tomato,Punjab,Hoshiarpur,Garh Shankar(Mahalpur) APMC,31.609294200000004,75.8459754,1.4742206048574027,0.450236847100249,2726.901008908066,22,51,126,dense,medium
tomato,Tomato||Punjab||Hoshiarpur||GarhShankar (Kotfatuhi) APMC,Tomato,Punjab,Hoshiarpur,GarhShankar (Kotfatuhi) APMC,31.609294199999997,75.8459754,0.20036549949554114,0.10879623031968842,2522.2576719271715,22,51,126,dense,low
tomato,Tomato||Punjab||Hoshiarpur||Mukerian APMC,Tomato,Punjab,Hoshiarpur,Mukerian APMC,31.609294199999997,75.8459754,2.8729079481340505,0.1834162941864702,2451.317781048123,22,51,126,dense,medium
tomato,Tomato||Punjab||Hoshiarpur||Mukerian(Talwara) APMC,Tomato,Punjab,Hoshiarpur,Mukerian(Talwara) APMC,31.609294200000004,75.8459754,0.4705926187187501,0.12264510807578559,3017.194028889211,22,51,126,dense,low
tomato,Tomato||Punjab||Hoshiarpur||Tanda Urmur APMC,Tomato,Punjab,Hoshiarpur,Tanda Urmur APMC,31.6092942,75.8459754,1.8836730020421109,0.32251801441364913,3299.102480708086,22,51,126,dense,medium
tomato,Tomato||Punjab||Jalandhar||Bilga APMC,Tomato,Punjab,Jalandhar,Bilga APMC,31.2922312,75.5678878,0.3137475340980911,0.8803576013007899,2158.825228587175,21,62,134,dense,low
tomato,Tomato||Punjab||Jalandhar||Jalandhar City(Jalandhar) APMC,Tomato,Punjab,Jalandhar,Jalandhar City(Jalandhar) APMC,31.2922312,75.5678878,41.95051375170999,31.924443180929316,1327.1910162763177,21,62,134,dense,high
tomato,Tomato||Punjab||Jalandhar||Lohian Khas APMC,Tomato,Punjab,Jalandhar,Lohian Khas APMC,31.292231200000003,75.5678878,0.36480899711897613,0.23089775436146925,1290.0788017266923,21,62,134,dense,low
tomato,Tomato||Punjab||Jalandhar||Phillaur(Apra Mandi) APMC,Tomato,Punjab,Jalandhar,Phillaur(Apra Mandi) APMC,31.2922312,75.5678878,0.13351641258429928,0.05724537595820391,2765.0985143877588,21,62,134,dense,low
tomato,Tomato||Punjab||Kapurthala||Phagwara APMC,Tomato,Punjab,Kapurthala,Phagwara APMC,31.3856476,75.3053304,12.068849911712304,3.685348057658386,2375.424428998407,25,48,124,dense,high
tomato,Tomato||Punjab||Ludhiana||Doraha APMC,Tomato,Punjab,Ludhiana,Doraha APMC,30.909015699999998,75.851601,1.4251340438500797,3.2955291064545773,2782.1872794200326,11,80,145,dense,medium
tomato,Tomato||Punjab||Ludhiana||Khanna APMC,Tomato,Punjab,Ludhiana,Khanna APMC,30.9090157,75.851601,8.657076130239458,5.229869358051647,1994.6488194992335,11,80,145,dense,high
tomato,Tomato||Punjab||Ludhiana||Ludhiana APMC,Tomato,Punjab,Ludhiana,Ludhiana APMC,30.9090157,75.851601,57.50081088768453,25.75158225512983,2046.9027585781994,11,80,145,dense,high
tomato,Tomato||Punjab||Mansa||Mansa APMC,Tomato,Punjab,Mansa,Mansa APMC,29.8764133,75.4889564,1.4450878854689042,1.228641592933593,2262.159467212527,16,62,169,dense,medium
tomato,Tomato||Punjab||Moga||Kot ise Khan APMC,Tomato,Punjab,Moga,Kot ise Khan APMC,30.7877554,75.159359,1.0,0.0,835.1855868420254,19,57,137,dense,low
tomato,Tomato||Punjab||Mohali||Dera Bassi APMC,Tomato,Punjab,Mohali,Dera Bassi APMC,30.704116799999998,76.7176885,0.2450949191354541,0.0515243045277317,2242.885413941484,19,78,172,dense,low
tomato,Tomato||Punjab||Mohali||Kharar APMC,Tomato,Punjab,Mohali,Kharar APMC,30.7041168,76.7176885,2.961752516329268,0.6492287888250551,3168.06617855081,19,78,172,dense,medium
tomato,Tomato||Punjab||Mohali||Lalru APMC,Tomato,Punjab,Mohali,Lalru APMC,30.7041168,76.7176885,1.3192110956643501,0.7710195153044617,2396.718898545855,19,78,172,dense,medium
tomato,Tomato||Punjab||Muktsar||Giddarbaha APMC,Tomato,Punjab,Muktsar,Giddarbaha APMC,30.4692,74.5182,0.42372179661886616,0.13927068570653114,3322.426284944469,12,44,133,dense,low
tomato,Tomato||Punjab||Muktsar||Malout APMC,Tomato,Punjab,Muktsar,Malout APMC,30.4692,74.5182,2.2958806118522985,1.4021526635515997,2142.515689619126,12,44,133,dense,medium
tomato,Tomato||Punjab||Patiala||Dudhansadhan APMC,Tomato,Punjab,Patiala,Dudhansadhan APMC,30.2092778,76.3397231,0.15488853323262505,0.07684355574384288,2660.0524622719363,30,79,183,dense,low
tomato,Tomato||Punjab||Patiala||Ghanaur APMC,Tomato,Punjab,Patiala,Ghanaur APMC,30.2092778,76.3397231,0.18547322489165324,0.03112014267179555,2196.7978040260423,30,79,183,dense,low
tomato,Tomato||Punjab||Patiala||Nabha APMC,Tomato,Punjab,Patiala,Nabha APMC,30.2092778,76.3397231,61.782830194994574,35.77336146848485,2499.2786274881537,30,79,183,dense,high
tomato,Tomato||Punjab||Patiala||Patran APMC,Tomato,Punjab,Patiala,Patran APMC,30.2092778,76.3397231,1.4486200248698802,0.8017666481003745,1812.41616382721,30,79,183,dense,medium
tomato,Tomato||Punjab||Patiala||Rajpura APMC,Tomato,Punjab,Patiala,Rajpura APMC,30.2092778,76.3397231,3.92061788191255,1.547343036630908,1801.9533008680457,30,79,183,dense,medium
tomato,Tomato||Punjab||Sangrur||Bhawanigarh APMC,Tomato,Punjab,Sangrur,Bhawanigarh APMC,30.135717,75.85333259999999,0.881387568448842,0.3734542860976072,2143.413855340478,20,72,172,dense,low
tomato,Tomato||Punjab||Sangrur||Dhuri APMC,Tomato,Punjab,Sangrur,Dhuri APMC,30.135717,75.8533326,0.28552529380496566,0.09248142147331688,2657.8953949421552,20,72,172,dense,low
tomato,Tomato||Punjab||Sangrur||Lehra Gaga APMC,Tomato,Punjab,Sangrur,Lehra Gaga APMC,30.135717,75.8533326,0.24955839096011512,0.10135194351968217,2561.6906426488686,20,72,172,dense,low
tomato,Tomato||Punjab||Sangrur||Malerkotla APMC,Tomato,Punjab,Sangrur,Malerkotla APMC,30.135717,75.8533326,4.117645878719335,2.6437138380091603,2113.848366480914,20,72,172,dense,medium
tomato,Tomato||Punjab||Tarntaran||Patti APMC,Tomato,Punjab,Tarntaran,Patti APMC,30.9293211,75.50048409999998,0.13190722961544435,0.07978295445708587,2360.9856407720686,11,66,135,dense,low
tomato,Tomato||Punjab||Tarntaran||Tarantaran APMC,Tomato,Punjab,Tarntaran,Tarantaran APMC,30.9293211,75.5004841,0.6803894280765908,0.6856822307225229,2814.3110670398846,11,66,135,dense,low
tomato,Tomato||Rajasthan||Ajmer||Ajmer(F&V) APMC,Tomato,Rajasthan,Ajmer,Ajmer(F&V) APMC,26.4691,74.639,142.2447872790848,187.42968954189152,1773.4106271971589,2,6,31,sparse,high
tomato,Tomato||Rajasthan||Ajmer||Madanganj Kishangarh APMC,Tomato,Rajasthan,Ajmer,Madanganj Kishangarh APMC,26.4691,74.639,1.9720985716385553,0.489685768495222,2010.6260224717705,2,6,31,sparse,medium
tomato,Tomato||Rajasthan||Alwar||Alwar FV,Tomato,Rajasthan,Alwar,Alwar FV,27.4140049,76.6170387,22.99046508609433,12.702297257291928,2545.9114604657843,0,26,131,sparse,high
tomato,Tomato||Rajasthan||Baran||Baran APMC,Tomato,Rajasthan,Baran,Baran APMC,24.9208165,76.6821985,1.4396888341245664,0.4139258100335477,1144.1606468507032,0,5,40,sparse,medium
tomato,Tomato||Rajasthan||Beawar||Bijaynagar APMC,Tomato,Rajasthan,Beawar,Bijaynagar APMC,26.1070559,74.3128424,1.8765225374124022,0.26138637387439156,1369.9544426891744,2,5,24,sparse,medium
tomato,Tomato||Rajasthan||Bharatpur||Bayana APMC,Tomato,Rajasthan,Bharatpur,Bayana APMC,27.0246959,77.2920116,1.520186332319634,0.42673417731415336,1678.8520430207668,5,25,119,sparse,medium
tomato,Tomato||Rajasthan||Bhilwara||Bhilwara APMC,Tomato,Rajasthan,Bhilwara,Bhilwara APMC,25.470994,74.6961316,16.41749468562669,10.788972119744892,1942.1352963658417,0,6,23,sparse,high
tomato,Tomato||Rajasthan||Bikaner||Bikaner (F&V) APMC,Tomato,Rajasthan,Bikaner,Bikaner (F&V) APMC,28.0159286,73.3171367,56.090092444622975,26.114240939704533,2200.96880061201,0,2,39,sparse,high
tomato,Tomato||Rajasthan||Churu||Churu APMC,Tomato,Rajasthan,Churu,Churu APMC,28.2047781,74.6912996,2.1759351156601747,0.5197977687445009,2148.0069324086408,2,12,105,sparse,medium
tomato,Tomato||Rajasthan||Churu||Sujangarh APMC,Tomato,Rajasthan,Churu,Sujangarh APMC,28.204778100000002,74.6912996,0.8255732938811349,0.4810085224353447,2023.5445435408242,2,12,105,sparse,low
tomato,Tomato||Rajasthan||Ganganagar||Sriganganagar (F&V) APMC,Tomato,Rajasthan,Ganganagar,Sriganganagar (F&V) APMC,25.9061389,76.4815499,14.65312779253955,2.205314989782294,2687.782521113586,1,6,58,sparse,high
tomato,Tomato||Rajasthan||Ganganagar||Suratgarh APMC,Tomato,Rajasthan,Ganganagar,Suratgarh APMC,25.9061389,76.4815499,0.9350309492484725,0.46360498347310125,2261.175180159615,1,6,58,sparse,low
tomato,Tomato||Rajasthan||Hanumangarh||Bhadara APMC,Tomato,Rajasthan,Hanumangarh,Bhadara APMC,29.3659533,74.298429,1.0601402140534568,0.4189426995704074,2448.546869383517,7,25,115,sparse,low
tomato,Tomato||Rajasthan||Hanumangarh||Goluwala APMC,Tomato,Rajasthan,Hanumangarh,Goluwala APMC,29.3659533,74.298429,0.17731308981279406,0.06357728602724244,2549.1001956841237,7,25,115,sparse,low
tomato,Tomato||Rajasthan||Hanumangarh||Hanumangarh APMC,Tomato,Rajasthan,Hanumangarh,Hanumangarh APMC,29.365953300000005,74.298429,4.9978566269552385,0.7924349817067605,2426.1691357773548,7,25,115,sparse,medium
tomato,Tomato||Rajasthan||Hanumangarh||Hanumangarh Town APMC,Tomato,Rajasthan,Hanumangarh,Hanumangarh Town APMC,29.3659533,74.298429,0.6264198282935918,0.26695282883168375,2134.9347360557204,7,25,115,sparse,low
tomato,Tomato||Rajasthan||Hanumangarh||HanumangarhTown APMC,Tomato,Rajasthan,Hanumangarh,HanumangarhTown APMC,29.3659533,74.298429,0.12439182407149865,0.46061447586618653,2414.032405889009,7,25,115,sparse,low
tomato,Tomato||Rajasthan||Hanumangarh||Rawatsar APMC,Tomato,Rajasthan,Hanumangarh,Rawatsar APMC,29.3659533,74.298429,0.4465001213852469,0.1586780291259856,1907.621813195484,7,25,115,sparse,low
tomato,Tomato||Rajasthan||Jaipur Rural||Bassi APMC,Tomato,Rajasthan,Jaipur Rural,Bassi APMC,26.920663600000005,75.9740914,1.3861447976382724,0.7127583368860316,2337.40285058363,1,11,78,sparse,medium
tomato,Tomato||Rajasthan||Jaipur Rural||Chomu (F&V) APMC,Tomato,Rajasthan,Jaipur Rural,Chomu (F&V) APMC,26.9206636,75.9740914,27.234131718908326,21.136064315551792,2021.6463464287567,1,11,78,sparse,high
tomato,Tomato||Rajasthan||Jalore||Bhinmal APMC,Tomato,Rajasthan,Jalore,Bhinmal APMC,25.2093483,72.3178889,1.6805497384971932,1.0748046352101657,1300.8489307534321,2,3,17,sparse,medium
tomato,Tomato||Rajasthan||Jalore||Jalore APMC,Tomato,Rajasthan,Jalore,Jalore APMC,25.2093483,72.3178889,3.381025471838489,2.7348149262298516,1864.5725230816495,2,3,17,sparse,medium
tomato,Tomato||Rajasthan||Jhunjhunu||Jhunjhunu APMC,Tomato,Rajasthan,Jhunjhunu,Jhunjhunu APMC,28.0798944,75.5424211,2.5040082195606215,8.241107915937027,1848.674430211954,3,18,136,sparse,medium
tomato,Tomato||Rajasthan||Jodhpur||Paota - Jodhpur FV APMC,Tomato,Rajasthan,Jodhpur,Paota - Jodhpur FV APMC,26.296771899999996,73.0351433,82.73935179464605,25.624624941017863,1954.5021286804022,0,4,13,sparse,high
tomato,Tomato||Rajasthan||Kota||Kota (F&V) APMC,Tomato,Rajasthan,Kota,Kota (F&V) APMC,25.173701899999998,75.8574194,45.985130734081565,18.190745538297932,2098.6035608787515,0,5,38,sparse,high
tomato,Tomato||Rajasthan||Rajsamand||Rajsamand APMC,Tomato,Rajasthan,Rajsamand,Rajsamand APMC,25.2892459,73.8241077,1.4564441123261405,0.37329367275397546,1903.5054352288385,0,5,27,sparse,medium
tomato,Tomato||Rajasthan||Sikar||Sikar APMC,Tomato,Rajasthan,Sikar,Sikar APMC,27.662415600000003,75.0279971,32.15628548097844,17.536157178338538,1727.7266934692648,3,9,98,sparse,high
tomato,Tomato||Rajasthan||Sirohi||Abu Road APMC,Tomato,Rajasthan,Sirohi,Abu Road APMC,24.8114047,72.8300257,2.875675904219181,2.1335684980991774,1397.4169710631552,2,5,27,sparse,medium
tomato,Tomato||Rajasthan||Udaipur||Udaipur (F&V) APMC,Tomato,Rajasthan,Udaipur,Udaipur (F&V) APMC,24.578721,73.6862571,39.53400818571656,12.592173909311592,1906.081564718325,0,3,31,sparse,high
tomato,Tomato||Tamil Nadu||Ariyalur||Ariyalur(Uzhavar Sandhai) APMC,Tomato,Tamil Nadu,Ariyalur,Ariyalur(Uzhavar Sandhai) APMC,11.1530559,79.2585797,0.3828625591505392,0.654133122620917,3419.9441803872546,22,35,109,dense,low
tomato,Tomato||Tamil Nadu||Ariyalur||Jeyankondam (Uzhavar Sandhai ) APMC,Tomato,Tamil Nadu,Ariyalur,Jeyankondam (Uzhavar Sandhai ) APMC,11.1530559,79.2585797,0.045729015967740407,0.022629853033409166,3325.4902577024804,22,35,109,dense,low
tomato,Tomato||Tamil Nadu||Chengalpattu||Chengalpet(Uzhavar Sandhai ) APMC,Tomato,Tamil Nadu,Chengalpattu,Chengalpet(Uzhavar Sandhai ) APMC,12.6840886,79.9836371,0.5681301258010952,0.18884305852949687,3082.343969570072,6,19,66,sparse,low
tomato,Tomato||Tamil Nadu||Chengalpattu||Guduvancheri(Uzhavar Sandhai ) APMC,Tomato,Tamil Nadu,Chengalpattu,Guduvancheri(Uzhavar Sandhai ) APMC,12.6840886,79.9836371,0.49932262418144757,0.2043042201901876,3033.1990455565156,6,19,66,sparse,low
tomato,Tomato||Tamil Nadu||Chengalpattu||Medavakkam(Uzhavar Sandhai ) APMC,Tomato,Tamil Nadu,Chengalpattu,Medavakkam(Uzhavar Sandhai ) APMC,12.6840886,79.9836371,0.229890838962735,0.04614286442482587,3111.9518264824424,6,19,66,sparse,low
tomato,Tomato||Tamil Nadu||Chengalpattu||Thirukalukundram(Uzhavar Sandhai ) APMC,Tomato,Tamil Nadu,Chengalpattu,Thirukalukundram(Uzhavar Sandhai ) APMC,12.6840886,79.9836371,0.19988536684858751,0.056804334929650084,3187.9279988512,6,19,66,sparse,low
tomato,Tomato||Tamil Nadu||Coimbatore||Mettupalayam(Uzhavar Sandhai ) APMC,Tomato,Tamil Nadu,Coimbatore,Mettupalayam(Uzhavar Sandhai ) APMC,11.0018115,76.9628425,2.7981546474001697,0.15668405896818305,2940.072668651235,13,49,142,dense,medium
tomato,Tomato||Tamil Nadu||Coimbatore||Pollachi(Uzhavar Sandhai ) APMC,Tomato,Tamil Nadu,Coimbatore,Pollachi(Uzhavar Sandhai ) APMC,11.0018115,76.9628425,1.3866684838132695,0.13096381701184606,2496.2378727894206,13,49,142,dense,medium
tomato,Tomato||Tamil Nadu||Coimbatore||Singanallur(Uzhavar Sandhai ) APMC,Tomato,Tamil Nadu,Coimbatore,Singanallur(Uzhavar Sandhai ) APMC,11.001811499999999,76.9628425,7.746686182377279,1.279494159486153,2793.0597976169443,13,49,142,dense,high
tomato,Tomato||Tamil Nadu||Coimbatore||Sulur(Uzhavar Sandhai ) APMC,Tomato,Tamil Nadu,Coimbatore,Sulur(Uzhavar Sandhai ) APMC,11.0018115,76.9628425,0.7799161240603318,0.18276350099797814,2783.3436746011666,13,49,142,dense,low
tomato,Tomato||Tamil Nadu||Cuddalore||Cuddalore(Uzhavar Sandhai ) APMC,Tomato,Tamil Nadu,Cuddalore,Cuddalore(Uzhavar Sandhai ) APMC,11.5202071,79.3396356,0.28424497143377564,0.04993228688611886,2720.23152137612,6,39,99,dense,low
tomato,Tomato||Tamil Nadu||Cuddalore||Viruthachalam(Uzhavar Sandhai ) APMC,Tomato,Tamil Nadu,Cuddalore,Viruthachalam(Uzhavar Sandhai ) APMC,11.5202071,79.3396356,0.13826305159089708,0.017910650149139007,3021.731607499269,6,39,99,dense,low
tomato,Tomato||Tamil Nadu||Dharmapuri||Pennagaram(Uzhavar Sandhai ) APMC,Tomato,Tamil Nadu,Dharmapuri,Pennagaram(Uzhavar Sandhai ) APMC,12.1456131,78.1132217,2.043805324075829,0.4075975585026827,2517.4940240636765,6,33,139,sparse,medium
tomato,Tomato||Tamil Nadu||Dindigul||Dindigul(Uzhavar Sandhai ) APMC,Tomato,Tamil Nadu,Dindigul,Dindigul(Uzhavar Sandhai ) APMC,10.4256897,77.815664,1.8193351403919398,0.4095562703671586,3130.2432259459647,5,64,131,dense,medium
tomato,Tomato||Tamil Nadu||Erode||Gobichettipalayam(Uzhavar Sandhai ) APMC,Tomato,Tamil Nadu,Erode,Gobichettipalayam(Uzhavar Sandhai ) APMC,11.4905282,77.3505274,0.7377508616595428,0.04022210704604133,3007.470097676721,9,41,145,dense,low
tomato,Tomato||Tamil Nadu||Erode||Perundurai(Uzhavar Sandhai ) APMC,Tomato,Tamil Nadu,Erode,Perundurai(Uzhavar Sandhai ) APMC,11.4905282,77.3505274,0.22677306266092637,0.08299320436137961,2921.4760217683806,9,41,145,dense,low
tomato,Tomato||Tamil Nadu||Kallakuruchi||Sankarapuram(Uzhavar Sandhai ) APMC,Tomato,Tamil Nadu,Kallakuruchi,Sankarapuram(Uzhavar Sandhai ) APMC,11.7406259,78.9637131,0.20027349054577268,0.04636118765962407,2965.9018639404057,12,39,107,dense,low
tomato,Tomato||Tamil Nadu||Kancheepuram||Kancheepuram(Uzhavar Sandhai ) APMC,Tomato,Tamil Nadu,Kancheepuram,Kancheepuram(Uzhavar Sandhai ) APMC,12.8796052,79.7042762,0.745084217335715,0.14538351682020792,2836.2336106376747,15,17,67,sparse,low
tomato,Tomato||Tamil Nadu||Kancheepuram||Sunguvarchatram(Uzhavar Sandhai ) APMC,Tomato,Tamil Nadu,Kancheepuram,Sunguvarchatram(Uzhavar Sandhai ) APMC,12.8796052,79.7042762,0.7072590290897102,0.790626546326055,3131.655511148151,15,17,67,sparse,low
tomato,Tomato||Tamil Nadu||Karur||Karur(Uzhavar Sandhai ) APMC,Tomato,Tamil Nadu,Karur,Karur(Uzhavar Sandhai ) APMC,10.8217671,78.3828654,1.8571561906020089,0.4329845782872914,3065.604743526147,10,43,146,dense,medium
tomato,Tomato||Tamil Nadu||Karur||Kulithalai(Uzhavar Sandhai ) APMC,Tomato,Tamil Nadu,Karur,Kulithalai(Uzhavar Sandhai ) APMC,10.8217671,78.3828654,1.8160290470703595,0.1762961074038767,2976.2899590206925,10,43,146,dense,medium
tomato,Tomato||Tamil Nadu||Krishnagiri||Avallapalli(Uzhavar Sandhai ) APMC,Tomato,Tamil Nadu,Krishnagiri,Avallapalli(Uzhavar Sandhai ) APMC,12.5152075,78.0093769,1.3118990798237802,0.2072232936240522,2432.761582846928,8,41,109,dense,low
tomato,Tomato||Tamil Nadu||Krishnagiri||Denkanikottai(Uzhavar Sandhai ) APMC,Tomato,Tamil Nadu,Krishnagiri,Denkanikottai(Uzhavar Sandhai ) APMC,12.5152075,78.0093769,2.115763981335943,0.18158203224752573,2386.3675901630713,8,41,109,dense,medium
tomato,Tomato||Tamil Nadu||Krishnagiri||Hosur(Uzhavar Sandhai ) APMC,Tomato,Tamil Nadu,Krishnagiri,Hosur(Uzhavar Sandhai ) APMC,12.5152075,78.0093769,8.216958054419695,1.163585959630498,2382.393937726362,8,41,109,dense,high
tomato,Tomato||Tamil Nadu||Krishnagiri||Krishnagiri(Uzhavar Sandhai ) APMC,Tomato,Tamil Nadu,Krishnagiri,Krishnagiri(Uzhavar Sandhai ) APMC,12.5152075,78.0093769,4.035825254474649,0.4223752875044023,2266.549770022454,8,41,109,dense,medium
tomato,Tomato||Tamil Nadu||Madurai||Anaiyur(Uzhavar Sandhai ) APMC,Tomato,Tamil Nadu,Madurai,Anaiyur(Uzhavar Sandhai ) APMC,9.9261153,78.1140983,0.8427018485475084,0.05451817275561815,3140.1980931430653,19,33,125,sparse,low
tomato,Tomato||Tamil Nadu||Madurai||Anna nagar(Uzhavar Sandhai ) APMC,Tomato,Tamil Nadu,Madurai,Anna nagar(Uzhavar Sandhai ) APMC,9.9261153,78.1140983,1.8898531220329369,0.18797684988509183,3157.53208713333,19,33,125,sparse,medium
tomato,Tomato||Tamil Nadu||Madurai||Chokkikulam(Uzhavar Sandhai ) APMC,Tomato,Tamil Nadu,Madurai,Chokkikulam(Uzhavar Sandhai ) APMC,9.9261153,78.1140983,1.9072522474713482,0.30556976110733336,3249.704075909096,19,33,125,sparse,medium
tomato,Tomato||Tamil Nadu||Madurai||Melur(Uzhavar Sandhai ) APMC,Tomato,Tamil Nadu,Madurai,Melur(Uzhavar Sandhai ) APMC,9.9261153,78.1140983,0.7598894716104101,0.06987301759229864,3155.443162989422,19,33,125,sparse,low
tomato,Tomato||Tamil Nadu||Madurai||Thirumangalam(Uzhavar Sandhai ) APMC,Tomato,Tamil Nadu,Madurai,Thirumangalam(Uzhavar Sandhai ) APMC,9.9261153,78.1140983,1.1404021845158,0.10779792093167993,3185.570942454262,19,33,125,sparse,low
tomato,Tomato||Tamil Nadu||Nagapattinam||Mayiladuthurai(Uzhavar Sandhai ) APMC,Tomato,Tamil Nadu,Nagapattinam,Mayiladuthurai(Uzhavar Sandhai ) APMC,10.6026203,79.7619348,0.19194494607780035,0.02405470466904941,3218.617933205341,14,25,81,sparse,low
tomato,Tomato||Tamil Nadu||Nagapattinam||Nagapattinam(Uzhavar Sandhai ) APMC,Tomato,Tamil Nadu,Nagapattinam,Nagapattinam(Uzhavar Sandhai ) APMC,10.6026203,79.7619348,0.2956467357930908,0.058510956866480654,3009.182290721039,14,25,81,sparse,low
tomato,Tomato||Tamil Nadu||Nagapattinam||Sirkali(Uzhavar Sandhai ) APMC,Tomato,Tamil Nadu,Nagapattinam,Sirkali(Uzhavar Sandhai ) APMC,10.6026203,79.7619348,0.2708190929840174,0.046320312240357445,3036.2749936767136,14,25,81,sparse,low
tomato,Tomato||Tamil Nadu||Nagercoil (Kannyiakumari)||Myladi(Uzhavar Sandhai ) APMC,Tomato,Tamil Nadu,Nagercoil (Kannyiakumari),Myladi(Uzhavar Sandhai ) APMC,11.3323723,78.6098639,0.07854559357902693,0.046337973454352865,3623.353145968824,15,43,134,dense,low
tomato,Tomato||Tamil Nadu||Nagercoil (Kannyiakumari)||Vadaseri APMC,Tomato,Tamil Nadu,Nagercoil (Kannyiakumari),Vadaseri APMC,11.3323723,78.6098639,1.1146926841467826,0.12485703328121385,3628.8608138119976,15,43,134,dense,low
tomato,Tomato||Tamil Nadu||Namakkal||Kumarapalayam(Uzhavar Sandhai ) APMC,Tomato,Tamil Nadu,Namakkal,Kumarapalayam(Uzhavar Sandhai ) APMC,11.3033889,78.118604,0.40425315472564016,0.031930548437008176,2809.4627361259777,12,36,142,dense,low
tomato,Tomato||Tamil Nadu||Namakkal||Mohanur(Uzhavar Sandhai ) APMC,Tomato,Tamil Nadu,Namakkal,Mohanur(Uzhavar Sandhai ) APMC,11.3033889,78.118604,0.5032215815810119,0.0432607297428679,3284.6689382780824,12,36,142,dense,low
tomato,Tomato||Tamil Nadu||Namakkal||Tiruchengode APMC,Tomato,Tamil Nadu,Namakkal,Tiruchengode APMC,11.3033889,78.118604,0.38207308421170444,0.25777236512457574,3002.73905090047,12,36,142,dense,low
tomato,Tomato||Tamil Nadu||Pudukkottai||Viralimalai(Uzhavar Sandhai ) APMC,Tomato,Tamil Nadu,Pudukkottai,Viralimalai(Uzhavar Sandhai ) APMC,10.2903072,78.8173617,0.3680147540859247,0.05577267527730285,3016.214069344273,5,46,122,dense,low
tomato,Tomato||Tamil Nadu||Ramanathapuram||Ramanathapuram(Uzhavar Sandhai ) APMC,Tomato,Tamil Nadu,Ramanathapuram,Ramanathapuram(Uzhavar Sandhai ) APMC,9.5205576,78.5184635,0.20939837411331655,0.025698975768842343,3750.025802841176,14,29,109,sparse,low
tomato,Tomato||Tamil Nadu||Salem||Attayampatti(Uzhavar Sandhai ) APMC,Tomato,Tamil Nadu,Salem,Attayampatti(Uzhavar Sandhai ) APMC,11.6469616,78.2106958,0.6731509860948609,0.16034350919043025,2733.822991638394,11,29,139,sparse,low
tomato,Tomato||Tamil Nadu||Salem||Hasthampatti(Uzhavar Sandhai ) APMC,Tomato,Tamil Nadu,Salem,Hasthampatti(Uzhavar Sandhai ) APMC,11.6469616,78.2106958,2.0894423345325444,0.2753158473651151,2834.8487218392165,11,29,139,sparse,medium
tomato,Tomato||Tamil Nadu||Sivaganga||Devakottai (Uzhavar Sandhai ) APMC,Tomato,Tamil Nadu,Sivaganga,Devakottai (Uzhavar Sandhai ) APMC,9.8486881,78.4870461,0.2638395265067359,0.0316548956902508,3371.4445693284133,7,37,116,dense,low
tomato,Tomato||Tamil Nadu||Thanjavur||Kumbakonam (Uzhavar Sandhai ) APMC,Tomato,Tamil Nadu,Thanjavur,Kumbakonam (Uzhavar Sandhai ) APMC,10.659037,79.2014278,1.288078680741279,0.1570026652893167,3273.8805728788557,17,40,108,dense,low
tomato,Tomato||Tamil Nadu||Thanjavur||Papanasam(Uzhavar Sandhai ) APMC,Tomato,Tamil Nadu,Thanjavur,Papanasam(Uzhavar Sandhai ) APMC,10.659037,79.2014278,0.15304084104505417,0.07106651048823168,3283.4333766685936,17,40,108,dense,low
tomato,Tomato||Tamil Nadu||Thanjavur||Pattukottai(Uzhavar Sandhai ) APMC,Tomato,Tamil Nadu,Thanjavur,Pattukottai(Uzhavar Sandhai ) APMC,10.659037,79.2014278,0.7425893211421499,0.07127427637063471,3309.044646668197,17,40,108,dense,low
tomato,Tomato||Tamil Nadu||Thanjavur||Thanjavur(Uzhavar Sandhai ) APMC,Tomato,Tamil Nadu,Thanjavur,Thanjavur(Uzhavar Sandhai ) APMC,10.659037,79.2014278,1.2324674653182803,0.09194929726509664,3117.337775484536,17,40,108,dense,low
tomato,Tomato||Tamil Nadu||The Nilgiris||Gudalur(Uzhavar Sandhai ) APMC,Tomato,Tamil Nadu,The Nilgiris,Gudalur(Uzhavar Sandhai ) APMC,11.4,76.7,0.1600824745271351,0.06467509564533282,2933.8157971879764,20,30,126,sparse,low
tomato,Tomato||Tamil Nadu||The Nilgiris||Udhagamandalam(Uzhavar Sandhai ) APMC,Tomato,Tamil Nadu,The Nilgiris,Udhagamandalam(Uzhavar Sandhai ) APMC,11.4,76.7,2.587230897395223,0.30437922322305433,3051.301785310407,20,30,126,sparse,medium
tomato,Tomato||Tamil Nadu||Theni||Andipatti(Uzhavar Sandhai ) APMC,Tomato,Tamil Nadu,Theni,Andipatti(Uzhavar Sandhai ) APMC,9.8692558,77.4222974,0.8466546919616087,0.11636758134316147,2745.932805851258,18,64,120,dense,low
tomato,Tomato||Tamil Nadu||Theni||Bodinayakanur(Uzhavar Sandhai ) APMC,Tomato,Tamil Nadu,Theni,Bodinayakanur(Uzhavar Sandhai ) APMC,9.8692558,77.4222974,0.24475440770009105,0.04500280736726779,2848.4438875629166,18,64,120,dense,low
tomato,Tomato||Tamil Nadu||Theni||Devaram(Uzhavar Sandhai ) APMC,Tomato,Tamil Nadu,Theni,Devaram(Uzhavar Sandhai ) APMC,9.8692558,77.4222974,0.45162541235028114,0.10769347169779803,2640.6838291184786,18,64,120,dense,low
tomato,Tomato||Tamil Nadu||Thiruchirappalli||Musiri(Uzhavar Sandhai ) APMC,Tomato,Tamil Nadu,Thiruchirappalli,Musiri(Uzhavar Sandhai ) APMC,11.3323723,78.6098639,1.8702160569393933,0.09280921626796668,2836.9281163198466,15,43,134,dense,medium
tomato,Tomato||Tamil Nadu||Thirupathur||Natrampalli(Uzhavar Sandhai ) APMC,Tomato,Tamil Nadu,Thirupathur,Natrampalli(Uzhavar Sandhai ) APMC,10.59635,79.56857,6.080037574199307,0.4885200247803077,2731.8730101157503,16,31,89,sparse,high
tomato,Tomato||Tamil Nadu||Thirupathur||Vaniyampadi(Uzhavar Sandhai ) APMC,Tomato,Tamil Nadu,Thirupathur,Vaniyampadi(Uzhavar Sandhai ) APMC,10.59635,79.56857,8.833406561430905,1.2721059380337214,2852.656363883988,16,31,89,sparse,high
tomato,Tomato||Tamil Nadu||Thirupur||Kangayam(Uzhavar Sandhai ) APMC,Tomato,Tamil Nadu,Thirupur,Kangayam(Uzhavar Sandhai ) APMC,12.921745,80.1375926,1.2637457008727568,0.2726831150506518,2785.4359969340853,6,17,63,sparse,low
tomato,Tomato||Tamil Nadu||Thiruvannamalai||Chengam(Uzhavar Sandhai ) APMC,Tomato,Tamil Nadu,Thiruvannamalai,Chengam(Uzhavar Sandhai ) APMC,9.539867,77.6197904,0.5147873446090724,0.039486176103939896,2622.4734822124374,23,55,119,dense,low
tomato,Tomato||Tamil Nadu||Thiruvannamalai||Polur(Uzhavar Sandhai ) APMC,Tomato,Tamil Nadu,Thiruvannamalai,Polur(Uzhavar Sandhai ) APMC,9.539867,77.6197904,0.39820271579105027,0.0685368614100025,2754.9351157319425,23,55,119,dense,low
tomato,Tomato||Tamil Nadu||Thiruvannamalai||Tamarainagar(Uzhavar Sandhai ) APMC,Tomato,Tamil Nadu,Thiruvannamalai,Tamarainagar(Uzhavar Sandhai ) APMC,9.539867,77.6197904,0.5237928985576604,0.09215618302748385,2711.4665825603242,23,55,119,dense,low
tomato,Tomato||Tamil Nadu||Thiruvannamalai||Tiruvannamalai(Uzhavar Sandhai ) APMC,Tomato,Tamil Nadu,Thiruvannamalai,Tiruvannamalai(Uzhavar Sandhai ) APMC,9.539867,77.6197904,2.078705946481335,0.39267997203133986,2697.465237829535,23,55,119,dense,medium
tomato,Tomato||Tamil Nadu||Thiruvarur||Mannargudi I(Uzhavar Sandhai ) APMC,Tomato,Tamil Nadu,Thiruvarur,Mannargudi I(Uzhavar Sandhai ) APMC,10.6878621,79.4979437,1.1681702165200707,0.09876771251621834,3028.648086320507,16,31,89,sparse,low
tomato,Tomato||Tamil Nadu||Thiruvarur||Mannargudi II(Uzhavar Sandhai ) APMC,Tomato,Tamil Nadu,Thiruvarur,Mannargudi II(Uzhavar Sandhai ) APMC,10.6878621,79.4979437,0.5315241412298289,0.05570849490592021,3015.150276006582,16,31,89,sparse,low
tomato,Tomato||Tamil Nadu||Thiruvarur||Muthupettai(Uzhavar Sandhai ) APMC,Tomato,Tamil Nadu,Thiruvarur,Muthupettai(Uzhavar Sandhai ) APMC,10.6878621,79.4979437,0.038125368254608064,0.005146230187244056,2966.382130311642,16,31,89,sparse,low
tomato,Tomato||Tamil Nadu||Thiruvarur||Needamangalam(Uzhavar Sandhai ) APMC,Tomato,Tamil Nadu,Thiruvarur,Needamangalam(Uzhavar Sandhai ) APMC,10.6878621,79.4979437,0.0752405361540652,0.008505566611772118,2837.1710312075193,16,31,89,sparse,low
tomato,Tomato||Tamil Nadu||Thiruvarur||Tiruvarur(Uzhavar Sandhai ) APMC,Tomato,Tamil Nadu,Thiruvarur,Tiruvarur(Uzhavar Sandhai ) APMC,10.6878621,79.4979437,0.21405317151641928,0.06777145983171284,2952.1734041100835,16,31,89,sparse,low
tomato,Tomato||Tamil Nadu||Thiruvarur||Valangaiman APMC,Tomato,Tamil Nadu,Thiruvarur,Valangaiman APMC,10.6878621,79.4979437,0.07538512672168315,0.01597330367535646,2810.4913174705957,16,31,89,sparse,low
tomato,Tomato||Tamil Nadu||Thiruvellore||Paruthipattu(Uzhavar Sandhai ) APMC,Tomato,Tamil Nadu,Thiruvellore,Paruthipattu(Uzhavar Sandhai ) APMC,11.3323723,78.6098639,0.3605577708696917,0.0925608744560787,3251.4121875159135,15,43,134,dense,low
tomato,Tomato||Tamil Nadu||Thiruvellore||Perambakkam(Uzhavar Sandhai ) APMC,Tomato,Tamil Nadu,Thiruvellore,Perambakkam(Uzhavar Sandhai ) APMC,11.3323723,78.6098639,0.0987140742540005,0.008115697797631402,2977.137337469634,15,43,134,dense,low
tomato,Tomato||Tamil Nadu||Thiruvellore||Tiruvallur(Uzhavar Sandhai ) APMC,Tomato,Tamil Nadu,Thiruvellore,Tiruvallur(Uzhavar Sandhai ) APMC,11.3323723,78.6098639,0.2059044238060796,0.033821063031799714,3117.1699566013654,15,43,134,dense,low
tomato,Tomato||Tamil Nadu||Vellore||Gudiyatham(Uzhavar Sandhai ) APMC,Tomato,Tamil Nadu,Vellore,Gudiyatham(Uzhavar Sandhai ) APMC,12.9021849,79.061104,1.2207422725249224,0.13381647340656677,2301.701720709507,10,29,72,sparse,low
tomato,Tomato||Tamil Nadu||Vellore||Thirupathur APMC,Tomato,Tamil Nadu,Vellore,Thirupathur APMC,12.9021849,79.061104,5.940296123633716,0.5360199369534001,2661.7999296139014,10,29,72,sparse,high
tomato,Tomato||Tamil Nadu||Vellore||Vellore APMC,Tomato,Tamil Nadu,Vellore,Vellore APMC,12.9021849,79.061104,4.11580533503554,0.6330477716006798,2543.0218187069254,10,29,72,sparse,medium
tomato,Tomato||Tamil Nadu||Villupuram||Tindivanam APMC,Tomato,Tamil Nadu,Villupuram,Tindivanam APMC,11.9398285,79.4945645,0.8079027486155708,0.1308848173296246,2500.933309732005,4,42,82,dense,low
tomato,Tomato||Tamil Nadu||Villupuram||Ulundurpettai APMC,Tomato,Tamil Nadu,Villupuram,Ulundurpettai APMC,11.9398285,79.4945645,0.44648001482442423,0.19194458873384015,3004.4949945102126,4,42,82,dense,low
tomato,Tomato||Tamil Nadu||Virudhunagar||Aruppukottai(Uzhavar Sandhai ) APMC,Tomato,Tamil Nadu,Virudhunagar,Aruppukottai(Uzhavar Sandhai ) APMC,9.4926289,77.8631831,0.6457115093191542,0.049482883193627335,3091.7049265771366,20,33,114,sparse,low
tomato,Tomato||Tamil Nadu||Virudhunagar||Kariyapatti(Uzhavar Sandhai ) APMC,Tomato,Tamil Nadu,Virudhunagar,Kariyapatti(Uzhavar Sandhai ) APMC,9.4926289,77.8631831,0.22444474014008095,0.14489695136857822,3104.7747379423176,20,33,114,sparse,low
tomato,Tomato||Tamil Nadu||Virudhunagar||Rajapalayam(Uzhavar Sandhai ) APMC,Tomato,Tamil Nadu,Virudhunagar,Rajapalayam(Uzhavar Sandhai ) APMC,9.4926289,77.8631831,0.732663465562626,0.040346412407914894,2994.3665123765472,20,33,114,sparse,low
tomato,Tomato||Tamil Nadu||Virudhunagar||Sathur(Uzhavar Sandhai ) APMC,Tomato,Tamil Nadu,Virudhunagar,Sathur(Uzhavar Sandhai ) APMC,9.4926289,77.8631831,0.08903887574531696,0.04404113676407619,2983.0702543694215,20,33,114,sparse,low
tomato,Tomato||Tamil Nadu||Virudhunagar||Sivakasi(Uzhavar Sandhai ) APMC,Tomato,Tamil Nadu,Virudhunagar,Sivakasi(Uzhavar Sandhai ) APMC,9.4926289,77.8631831,0.07385245356405808,0.02770155888332735,2892.7123482211327,20,33,114,sparse,low
tomato,Tomato||Tamil Nadu||Virudhunagar||Srivilliputhur(Uzhavar Sandhai ) APMC,Tomato,Tamil Nadu,Virudhunagar,Srivilliputhur(Uzhavar Sandhai ) APMC,9.4926289,77.8631831,0.26811374800416277,0.08312721146308737,3000.916770654236,20,33,114,sparse,low
tomato,Tomato||Tamil Nadu||Virudhunagar||Thalavaipuram(Uzhavar Sandhai ) APMC,Tomato,Tamil Nadu,Virudhunagar,Thalavaipuram(Uzhavar Sandhai ) APMC,9.4926289,77.8631831,0.08815742690126001,0.03804231601369149,2983.4297417379307,20,33,114,sparse,low
tomato,Tomato||Tamil Nadu||Virudhunagar||Virudhunagar(Uzhavar Sandhai ) APMC,Tomato,Tamil Nadu,Virudhunagar,Virudhunagar(Uzhavar Sandhai ) APMC,9.4926289,77.8631831,0.10960594961497198,0.029050458937074645,2930.3548829175056,20,33,114,sparse,low
tomato,Tomato||Telangana||Hyderabad||Bowenpally APMC,Tomato,Telangana,Hyderabad,Bowenpally APMC,17.360589,78.4740613,255.02755202684213,110.65018516949748,1667.3187026251674,8,15,19,sparse,high
tomato,Tomato||Telangana||Hyderabad||Gudimalkapur APMC,Tomato,Telangana,Hyderabad,Gudimalkapur APMC,17.360589,78.4740613,212.91973258384402,49.89445926174969,1333.504329543351,8,15,19,sparse,high
tomato,Tomato||Telangana||Hyderabad||L B Nagar APMC,Tomato,Telangana,Hyderabad,L B Nagar APMC,17.360589,78.4740613,47.59151608036865,12.593481878603608,1619.7233647122355,8,15,19,sparse,high
tomato,Tomato||Telangana||Hyderabad||Mahboob Manison APMC,Tomato,Telangana,Hyderabad,Mahboob Manison APMC,17.360589,78.4740613,101.62355301547943,102.68212092478696,2058.8828270756303,8,15,19,sparse,high
tomato,Tomato||Telangana||Karimnagar||Karimnagar APMC,Tomato,Telangana,Karimnagar,Karimnagar APMC,18.4348122,79.1328042,1.96098610985392,1.6040741935945657,1906.0006602570213,2,7,16,sparse,medium
tomato,Tomato||Telangana||Mahbubnagar||Kalwakurthy APMC,Tomato,Telangana,Mahbubnagar,Kalwakurthy APMC,16.7434538,77.9923191,3.2655153602094487,1.1646616733034092,1406.6104321892883,5,14,19,sparse,medium
tomato,Tomato||Telangana||Mahbubnagar||Shadnagar APMC,Tomato,Telangana,Mahbubnagar,Shadnagar APMC,16.7434538,77.99231910000002,3.1450640929696894,13.318903323864438,1445.8887975117084,5,14,19,sparse,medium
tomato,Tomato||Telangana||Medak||Sangareddy APMC,Tomato,Telangana,Medak,Sangareddy APMC,17.9375095,78.211745,2.219932619841815,1.9296072542724874,1534.4617073601783,4,15,21,sparse,medium
tomato,Tomato||Telangana||Nalgonda||Miryalguda(Rythu Bazar) APMC,Tomato,Telangana,Nalgonda,Miryalguda(Rythu Bazar) APMC,17.0504406,79.2669235,1.9425934485471998,0.3498781029989368,2198.172626184697,1,14,17,sparse,medium
tomato,Tomato||Telangana||Nalgonda||Venkateswarnagar APMC,Tomato,Telangana,Nalgonda,Venkateswarnagar APMC,17.0504406,79.2669235,2.1945376138439023,1.0007847376235879,1613.9235006707358,1,14,17,sparse,medium
tomato,Tomato||Telangana||Ranga Reddy||Chevella APMC,Tomato,Telangana,Ranga Reddy,Chevella APMC,17.1333954,78.3970979,10.194367604213928,8.75717490416987,1397.7964876815813,9,13,19,sparse,high
tomato,Tomato||Telangana||Ranga Reddy||Kukatpally(Rythu Bazar) APMC,Tomato,Telangana,Ranga Reddy,Kukatpally(Rythu Bazar) APMC,17.1333954,78.3970979,12.675468628263298,4.034251364336777,2324.8154563579665,9,13,19,sparse,high
tomato,Tomato||Telangana||Ranga Reddy||Mehndipatnam(Rythu Bazar) APMC,Tomato,Telangana,Ranga Reddy,Mehndipatnam(Rythu Bazar) APMC,17.1333954,78.3970979,9.650587729679783,4.102524408863872,2432.922406006693,9,13,19,sparse,high
tomato,"Tomato||Telangana||Ranga Reddy||Ramakrisnapuram,RBZ APMC",Tomato,Telangana,Ranga Reddy,"Ramakrisnapuram,RBZ APMC",17.1333954,78.3970979,5.994588446625227,3.279099452518419,2591.2489995524315,9,13,19,sparse,high
tomato,Tomato||Telangana||Warangal||Hanmarkonda(Rythu Bazar) APMC,Tomato,Telangana,Warangal,Hanmarkonda(Rythu Bazar) APMC,17.9820644,79.5970954,1.3474218302249936,0.14832929465187183,3238.741776523895,2,9,16,sparse,medium
tomato,Tomato||Telangana||Warangal||Warangal APMC,Tomato,Telangana,Warangal,Warangal APMC,17.9820644,79.5970954,19.919900645835742,10.238904422933812,1941.568693323048,2,9,16,sparse,high
tomato,Tomato||Tripura||Dhalai||Gandacharra APMC,Tomato,Tripura,Dhalai,Gandacharra APMC,23.8253158,91.9732227,0.5893263650801653,0.9607755205823902,5449.71820828291,7,8,8,sparse,low
tomato,Tomato||Tripura||Gomati||Nutanbazar APMC,Tomato,Tripura,Gomati,Nutanbazar APMC,23.4987407,91.2999111,0.3016098311418848,0.12195658397183468,5540.470370932352,5,8,12,sparse,low
tomato,Tomato||Tripura||Khowai||Kalyanpur APMC,Tomato,Tripura,Khowai,Kalyanpur APMC,23.9563913,91.642107,0.7017727985647662,0.9436003036332843,3769.8828680190773,7,8,8,sparse,low
tomato,Tomato||Tripura||North Tripura||Kadamtala,Tomato,Tripura,North Tripura,Kadamtala,24.443968,92.2072581,0.5161542451515786,0.3880320263097131,3584.137845420166,2,8,8,sparse,low
tomato,Tomato||Tripura||North Tripura||Panisagar APMC,Tomato,Tripura,North Tripura,Panisagar APMC,24.0921476,92.2451214,0.7506370776024057,0.5392637800710891,3566.1910249288917,4,8,8,sparse,low
tomato,Tomato||Tripura||Sepahijala||Bishalgarh APMC,Tomato,Tripura,Sepahijala,Bishalgarh APMC,23.6658005,91.3200275,0.21239522840199945,0.056368427922150056,5246.5109152946025,6,8,12,sparse,low
tomato,Tomato||Tripura||Sepahijala||Boxonagar,Tomato,Tripura,Sepahijala,Boxonagar,23.6658005,91.3200275,0.30982495701789475,0.34904174598207904,4432.188616627291,6,8,12,sparse,low
tomato,Tomato||Tripura||Sepahijala||Sonamura APMC,Tomato,Tripura,Sepahijala,Sonamura APMC,23.6658005,91.3200275,0.7784676780180996,0.7243942351949672,4129.322740743598,6,8,12,sparse,low
tomato,Tomato||Tripura||Unokoti||Pabiacherra APMC,Tomato,Tripura,Unokoti,Pabiacherra APMC,23.7750823,91.7025091,0.6935706096226101,0.5120136307397142,3848.337986522277,7,8,8,sparse,low
tomato,Tomato||Uttar Pradesh||Agra||Achnera APMC,Tomato,Uttar Pradesh,Agra,Achnera APMC,27.1752554,78.0098161,1.0302311563801831,0.5996068220498926,2109.1028431886875,11,35,148,dense,low
tomato,Tomato||Uttar Pradesh||Agra||Agra APMC,Tomato,Uttar Pradesh,Agra,Agra APMC,27.175255399999998,78.0098161,128.06851166083237,80.85344313298192,2026.6136947745283,11,35,148,dense,high
tomato,Tomato||Uttar Pradesh||Agra||Samsabad APMC,Tomato,Uttar Pradesh,Agra,Samsabad APMC,27.1752554,78.0098161,1.0614057663826795,1.8889128800208175,1565.7753086822254,11,35,148,dense,low
tomato,Tomato||Uttar Pradesh||Aligarh||Aligarh APMC,Tomato,Uttar Pradesh,Aligarh,Aligarh APMC,27.8761073,78.1358153,49.21731683732459,20.901775915094998,2081.00931995673,11,55,171,dense,high
tomato,Tomato||Uttar Pradesh||Aligarh||Charra APMC,Tomato,Uttar Pradesh,Aligarh,Charra APMC,27.8761073,78.1358153,3.626188614727418,12.39091922717675,2281.894583451397,11,55,171,dense,medium
tomato,Tomato||Uttar Pradesh||Aligarh||Khair APMC,Tomato,Uttar Pradesh,Aligarh,Khair APMC,27.8761073,78.1358153,4.84900807423147,2.4674125616270097,2049.8747995192143,11,55,171,dense,medium
tomato,Tomato||Uttar Pradesh||Ambedkarnagar||Akbarpur APMC,Tomato,Uttar Pradesh,Ambedkarnagar,Akbarpur APMC,27.1303344,80.859666,14.549487733542454,8.584162960180542,2270.640883080986,25,56,122,dense,high
tomato,Tomato||Uttar Pradesh||Amethi||Jafarganj APMC,Tomato,Uttar Pradesh,Amethi,Jafarganj APMC,26.346274100000002,81.6252039,1.1126433500912352,0.4327262034505034,2291.2294202126313,8,55,101,dense,low
tomato,Tomato||Uttar Pradesh||Amethi||Sultanpur APMC,Tomato,Uttar Pradesh,Amethi,Sultanpur APMC,26.3462741,81.6252039,51.517107375318375,77.66436293749668,2277.860101726103,8,55,101,dense,high
tomato,Tomato||Uttar Pradesh||Amroha||Amroha APMC,Tomato,Uttar Pradesh,Amroha,Amroha APMC,28.7952632,78.3436244,67.94849153332339,97.17011059653122,2155.6150124754126,10,60,165,dense,high
tomato,Tomato||Uttar Pradesh||Amroha||Dhanaura APMC,Tomato,Uttar Pradesh,Amroha,Dhanaura APMC,28.7952632,78.3436244,0.10708691091203887,0.01848696469253453,999.326671499526,10,60,165,dense,low
tomato,Tomato||Uttar Pradesh||Amroha||Hasanpur APMC,Tomato,Uttar Pradesh,Amroha,Hasanpur APMC,28.795263200000004,78.3436244,1.48452657599729,2.226415859344208,2006.5431984137933,10,60,165,dense,medium
tomato,Tomato||Uttar Pradesh||Auraiya||Achalda APMC,Tomato,Uttar Pradesh,Auraiya,Achalda APMC,26.6558215,79.51607569999999,4.658407810059184,6.3131025851637315,1942.5583058040918,9,53,134,dense,medium
tomato,Tomato||Uttar Pradesh||Auraiya||Auraiya APMC,Tomato,Uttar Pradesh,Auraiya,Auraiya APMC,26.6558215,79.51607569999999,9.407637952053616,4.902147482707097,2117.467603476847,9,53,134,dense,high
tomato,Tomato||Uttar Pradesh||Ayodhya||Faizabad APMC,Tomato,Uttar Pradesh,Ayodhya,Faizabad APMC,26.7990707,82.2052321,27.682148794128796,19.939625625096077,2356.8628661439493,7,44,96,dense,high
tomato,Tomato||Uttar Pradesh||Ayodhya||Rudauli APMC,Tomato,Uttar Pradesh,Ayodhya,Rudauli APMC,26.799070699999998,82.2052321,4.078765924508007,4.138951174444176,2169.602676024765,7,44,96,dense,medium
tomato,Tomato||Uttar Pradesh||Azamgarh||Azamgarh APMC,Tomato,Uttar Pradesh,Azamgarh,Azamgarh APMC,26.023639,83.0293105,30.011270571909247,18.36299580233938,2158.226891260535,4,25,75,sparse,high
tomato,Tomato||Uttar Pradesh||Badaun||Badayoun APMC,Tomato,Uttar Pradesh,Badaun,Badayoun APMC,28.0649367,79.043832,6.466103779543552,4.985184283553795,2154.5013404768592,13,37,167,dense,high
tomato,Tomato||Uttar Pradesh||Badaun||Bilsi APMC,Tomato,Uttar Pradesh,Badaun,Bilsi APMC,28.064936700000004,79.043832,1.431525976474296,2.885448786721621,2135.3727029724723,13,37,167,dense,medium
tomato,Tomato||Uttar Pradesh||Badaun||Ujhani APMC,Tomato,Uttar Pradesh,Badaun,Ujhani APMC,28.0649367,79.04383199999998,2.151034996056699,5.21951331136275,2141.753843775907,13,37,167,dense,medium
tomato,Tomato||Uttar Pradesh||Badaun||Wazirganj APMC,Tomato,Uttar Pradesh,Badaun,Wazirganj APMC,28.0649367,79.043832,1.7010169063339786,4.554703617012077,2043.640429391016,13,37,167,dense,medium
tomato,Tomato||Uttar Pradesh||Baghpat||Baraut APMC,Tomato,Uttar Pradesh,Baghpat,Baraut APMC,29.0374779,77.3062737,2.5255193823159754,1.5184029776919132,1758.5819682777692,34,79,178,dense,medium
tomato,Tomato||Uttar Pradesh||Bahraich||Bahraich APMC,Tomato,Uttar Pradesh,Bahraich,Bahraich APMC,27.734382300000004,81.47654,14.864924734941393,10.097325054849563,2284.1187274587005,4,42,103,dense,high
tomato,Tomato||Uttar Pradesh||Bahraich||Naanpara APMC,Tomato,Uttar Pradesh,Bahraich,Naanpara APMC,27.734382299999996,81.47654,2.8020951512522565,2.258148672998539,2212.8293896434725,4,42,103,dense,medium
tomato,Tomato||Uttar Pradesh||Ballia||Ballia APMC,Tomato,Uttar Pradesh,Ballia,Ballia APMC,25.8749595,84.1210329,17.07627942143402,13.86397376654094,2223.761949724239,4,10,36,sparse,high
tomato,Tomato||Uttar Pradesh||Ballia||Chitwadagaon APMC,Tomato,Uttar Pradesh,Ballia,Chitwadagaon APMC,25.8749595,84.1210329,0.7871286612721485,0.5946454040606786,2073.5062258524267,4,10,36,sparse,low
tomato,Tomato||Uttar Pradesh||Ballia||Rasda APMC,Tomato,Uttar Pradesh,Ballia,Rasda APMC,25.8749595,84.1210329,5.342745078244246,1.9890976384934984,2109.773859927995,4,10,36,sparse,medium
tomato,Tomato||Uttar Pradesh||Balrampur||Balrampur APMC,Tomato,Uttar Pradesh,Balrampur,Balrampur APMC,27.4476988,82.3956245,5.592893031622201,4.9319133602677425,2148.9180204525887,8,17,86,sparse,medium
tomato,Tomato||Uttar Pradesh||Balrampur||Panchpedwa APMC,Tomato,Uttar Pradesh,Balrampur,Panchpedwa APMC,27.4476988,82.3956245,3.7974953066645383,2.376219490349951,2545.311362676725,8,17,86,sparse,medium
tomato,Tomato||Uttar Pradesh||Balrampur||Tulsipur APMC,Tomato,Uttar Pradesh,Balrampur,Tulsipur APMC,27.4476988,82.3956245,1.7847993262843618,1.9236524595583468,2265.2763509664296,8,17,86,sparse,medium
tomato,Tomato||Uttar Pradesh||Banda||Atarra APMC,Tomato,Uttar Pradesh,Banda,Atarra APMC,25.443853699999995,80.5595237,2.4156721176846774,1.4586048631988733,2142.851988426782,9,33,105,sparse,medium
tomato,Tomato||Uttar Pradesh||Banda||Banda APMC,Tomato,Uttar Pradesh,Banda,Banda APMC,25.4438537,80.5595237,6.25622959415757,4.448076952238496,2079.2196288594896,9,33,105,sparse,high
tomato,Tomato||Uttar Pradesh||Barabanki||Barabanki APMC,Tomato,Uttar Pradesh,Barabanki,Barabanki APMC,26.9421406,81.3856087,14.340124198363588,17.133742037587634,2253.3308715543726,27,54,112,dense,high
tomato,Tomato||Uttar Pradesh||Barabanki||Safdarganj APMC,Tomato,Uttar Pradesh,Barabanki,Safdarganj APMC,26.942140600000002,81.3856087,16.93588894504381,39.70861779258242,2276.344159691921,27,54,112,dense,high
tomato,Tomato||Uttar Pradesh||Bareilly||Anwala APMC,Tomato,Uttar Pradesh,Bareilly,Anwala APMC,28.4582345,79.4047452,1.9440115245347196,10.332628334954192,2078.0360890469638,10,33,161,sparse,medium
tomato,Tomato||Uttar Pradesh||Bareilly||Bareilly APMC,Tomato,Uttar Pradesh,Bareilly,Bareilly APMC,28.4582345,79.4047452,19.15902382334302,23.072729091597303,2161.495411354936,10,33,161,sparse,high
tomato,Tomato||Uttar Pradesh||Basti||Basti APMC,Tomato,Uttar Pradesh,Basti,Basti APMC,26.8387084,82.5350919,4.881337081374767,3.6226254899659818,2129.381406332117,8,27,87,sparse,medium
tomato,Tomato||Uttar Pradesh||Bhadohi(Sant Ravi Nagar)||Gopiganj APMC,Tomato,Uttar Pradesh,Bhadohi(Sant Ravi Nagar),Gopiganj APMC,27.1303344,80.859666,3.7539927165068745,3.00341262820109,1832.2370897799412,25,56,122,dense,medium
tomato,Tomato||Uttar Pradesh||Bijnor||Bijnaur APMC,Tomato,Uttar Pradesh,Bijnor,Bijnaur APMC,29.4074203,78.4821406,8.15234692018936,5.481477123070694,2177.7694992738852,10,64,157,dense,high
tomato,Tomato||Uttar Pradesh||Bijnor||Chaandpur APMC,Tomato,Uttar Pradesh,Bijnor,Chaandpur APMC,29.407420299999995,78.4821406,0.020195108252820546,0.008611370156403427,1841.7597150594502,10,64,157,dense,low
tomato,Tomato||Uttar Pradesh||Bijnor||Kiratpur APMC,Tomato,Uttar Pradesh,Bijnor,Kiratpur APMC,29.407420300000002,78.4821406,0.9005255696692053,0.3570205603541312,1992.9099297293144,10,64,157,dense,low
tomato,Tomato||Uttar Pradesh||Bijnor||Nagina APMC,Tomato,Uttar Pradesh,Bijnor,Nagina APMC,29.4074203,78.4821406,0.7353795446212957,0.12921140471506565,2059.7687291537068,10,64,157,dense,low
tomato,Tomato||Uttar Pradesh||Bulandshahar||Anoop Shahar APMC,Tomato,Uttar Pradesh,Bulandshahar,Anoop Shahar APMC,28.524254099999997,77.5995188,0.9427444201122672,1.3815862865382411,2087.5395863117856,20,61,167,dense,low
tomato,Tomato||Uttar Pradesh||Bulandshahar||Buland Shahr APMC,Tomato,Uttar Pradesh,Bulandshahar,Buland Shahr APMC,28.5242541,77.5995188,13.6334466485468,13.061380497473678,2066.974490946976,20,61,167,dense,high
tomato,Tomato||Uttar Pradesh||Bulandshahar||Divai APMC,Tomato,Uttar Pradesh,Bulandshahar,Divai APMC,28.5242541,77.5995188,0.62467215581592,0.26599009270016594,1372.3760946157997,20,61,167,dense,low
tomato,Tomato||Uttar Pradesh||Bulandshahar||Jahangirabad APMC,Tomato,Uttar Pradesh,Bulandshahar,Jahangirabad APMC,28.5242541,77.5995188,2.3561986804360235,2.491236916509643,2125.6310162222203,20,61,167,dense,medium
tomato,Tomato||Uttar Pradesh||Bulandshahar||Khurja APMC,Tomato,Uttar Pradesh,Bulandshahar,Khurja APMC,28.5242541,77.5995188,15.262457396872648,14.017445350379418,2067.680934006368,20,61,167,dense,high
tomato,Tomato||Uttar Pradesh||Bulandshahar||Sikanderabad APMC,Tomato,Uttar Pradesh,Bulandshahar,Sikanderabad APMC,28.524254100000004,77.5995188,9.645487409685947,5.072615329045702,1658.1760115567067,20,61,167,dense,high
tomato,Tomato||Uttar Pradesh||Bulandshahar||Sikarpur APMC,Tomato,Uttar Pradesh,Bulandshahar,Sikarpur APMC,28.5242541,77.5995188,1.0827098124371295,0.5310629621531213,1806.4725814731798,20,61,167,dense,low
tomato,Tomato||Uttar Pradesh||Bulandshahar||Siyana APMC,Tomato,Uttar Pradesh,Bulandshahar,Siyana APMC,28.5242541,77.5995188,1.5464117218371665,1.1955569132985318,1648.49568969049,20,61,167,dense,medium
tomato,Tomato||Uttar Pradesh||Chandauli||Chandoli APMC,Tomato,Uttar Pradesh,Chandauli,Chandoli APMC,25.125695,83.2494601,16.19737233259084,24.466690349994224,2076.47398173157,4,16,51,sparse,high
tomato,Tomato||Uttar Pradesh||Chitrakut||Karvi APMC,Tomato,Uttar Pradesh,Chitrakut,Karvi APMC,25.2173874,80.9236326,1.5967955670145737,2.806772324073358,2086.437299779518,7,22,100,sparse,medium
tomato,Tomato||Uttar Pradesh||Deoria||Devariya APMC,Tomato,Uttar Pradesh,Deoria,Devariya APMC,26.4239911,83.7638578,5.7575114400010134,3.8971585142407488,2051.3739214100488,6,14,63,sparse,high
tomato,Tomato||Uttar Pradesh||Etah||Etah APMC,Tomato,Uttar Pradesh,Etah,Etah APMC,27.5550357,78.5992221,25.059782742663774,16.237134014633074,1888.7041615087226,18,49,172,dense,high
tomato,Tomato||Uttar Pradesh||Etawah||Bharthna APMC,Tomato,Uttar Pradesh,Etawah,Bharthna APMC,26.7155629,79.0917098,3.4731477354490767,2.826203672567688,2107.6677340798,6,41,138,dense,medium
tomato,Tomato||Uttar Pradesh||Etawah||Etawah APMC,Tomato,Uttar Pradesh,Etawah,Etawah APMC,26.7155629,79.0917098,26.50955811284361,19.126439024388386,2087.4878148338234,6,41,138,dense,high
tomato,Tomato||Uttar Pradesh||Etawah||Jasvantnagar APMC,Tomato,Uttar Pradesh,Etawah,Jasvantnagar APMC,26.7155629,79.0917098,2.812720208370689,0.7803387351977953,1995.9798772161782,6,41,138,dense,medium
tomato,Tomato||Uttar Pradesh||Farukhabad||Farukhabad APMC,Tomato,Uttar Pradesh,Farukhabad,Farukhabad APMC,27.1303344,80.859666,8.244376215982532,3.3304298071493483,2123.578833296889,25,56,122,dense,high
tomato,Tomato||Uttar Pradesh||Farukhabad||Kayamganj APMC,Tomato,Uttar Pradesh,Farukhabad,Kayamganj APMC,27.130334400000002,80.859666,4.951769773547381,4.90726684603039,2160.970480329678,25,56,122,dense,medium
tomato,Tomato||Uttar Pradesh||Farukhabad||Mohamadabad APMC,Tomato,Uttar Pradesh,Farukhabad,Mohamadabad APMC,27.1303344,80.859666,3.5038402781870026,2.3350021690736735,2196.3904946980006,25,56,122,dense,medium
tomato,Tomato||Uttar Pradesh||Fatehpur||Bindki APMC,Tomato,Uttar Pradesh,Fatehpur,Bindki APMC,25.834802300000003,80.9154547,5.219473998844549,7.376419386299624,2165.983035904638,7,53,109,dense,medium
tomato,Tomato||Uttar Pradesh||Fatehpur||Fatehpur APMC,Tomato,Uttar Pradesh,Fatehpur,Fatehpur APMC,25.834802300000003,80.9154547,5.503365770781858,5.709689816651092,2087.261183200871,7,53,109,dense,medium
tomato,Tomato||Uttar Pradesh||Fatehpur||Khaga APMC,Tomato,Uttar Pradesh,Fatehpur,Khaga APMC,25.8348023,80.9154547,4.899283237537438,4.100331877241399,2091.0559827456414,7,53,109,dense,medium
tomato,Tomato||Uttar Pradesh||Firozabad||Firozabad APMC,Tomato,Uttar Pradesh,Firozabad,Firozabad APMC,27.1941954,78.4604956,24.783503957770012,15.026046182524345,2007.3923326551444,10,33,152,sparse,high
tomato,Tomato||Uttar Pradesh||Firozabad||Sirsaganj APMC,Tomato,Uttar Pradesh,Firozabad,Sirsaganj APMC,27.1941954,78.4604956,5.94018803714206,21.367780637135812,1469.448515513775,10,33,152,sparse,high
tomato,Tomato||Uttar Pradesh||Firozabad||Tundla APMC,Tomato,Uttar Pradesh,Firozabad,Tundla APMC,27.1941954,78.4604956,5.168783616804531,6.482747847258881,2099.529275816812,10,33,152,sparse,medium
tomato,Tomato||Uttar Pradesh||Gautam Budh Nagar||Dadri APMC,Tomato,Uttar Pradesh,Gautam Budh Nagar,Dadri APMC,28.4492122,77.5281018,9.150217377564081,3.0564263168326717,2118.5599542892114,24,65,167,dense,high
tomato,Tomato||Uttar Pradesh||Gautam Budh Nagar||Dankaur APMC,Tomato,Uttar Pradesh,Gautam Budh Nagar,Dankaur APMC,28.4492122,77.5281018,1.5141204329008722,0.25469302566573837,2021.170005224573,24,65,167,dense,medium
tomato,Tomato||Uttar Pradesh||Ghaziabad||Ghaziabad APMC,Tomato,Uttar Pradesh,Ghaziabad,Ghaziabad APMC,28.7749966,77.4586967,94.12154902431274,42.274812218795155,2224.0073885253983,24,77,171,dense,high
tomato,Tomato||Uttar Pradesh||Ghaziabad||Hapur APMC,Tomato,Uttar Pradesh,Ghaziabad,Hapur APMC,28.7749966,77.4586967,27.143323254670065,112.50070310687958,2055.7174918262162,24,77,171,dense,high
tomato,Tomato||Uttar Pradesh||Ghaziabad||Noida APMC,Tomato,Uttar Pradesh,Ghaziabad,Noida APMC,28.774996599999998,77.4586967,29.275145486952244,31.837003777147004,2160.619471135708,24,77,171,dense,high
tomato,Tomato||Uttar Pradesh||Ghazipur||Gazipur APMC,Tomato,Uttar Pradesh,Ghazipur,Gazipur APMC,25.6034863,83.5075888,23.089072933099434,19.761372497165496,2268.111734770019,6,17,51,sparse,high
tomato,Tomato||Uttar Pradesh||Gonda||Gonda APMC,Tomato,Uttar Pradesh,Gonda,Gonda APMC,27.1103723,81.9238906,27.44906042760167,34.7211713329169,2325.348329669254,9,42,101,dense,high
tomato,Tomato||Uttar Pradesh||Gonda||Nawabganj APMC,Tomato,Uttar Pradesh,Gonda,Nawabganj APMC,27.1103723,81.9238906,5.576506253296324,5.411726962540651,2148.3185359186145,9,42,101,dense,medium
tomato,Tomato||Uttar Pradesh||Gorakhpur||Chorichora APMC,Tomato,Uttar Pradesh,Gorakhpur,Chorichora APMC,26.6677977,83.3642334,4.775156127021105,5.515438911947149,2091.379050091293,4,18,72,sparse,medium
tomato,Tomato||Uttar Pradesh||Gorakhpur||Gorakhpur APMC,Tomato,Uttar Pradesh,Gorakhpur,Gorakhpur APMC,26.6677977,83.36423339999999,97.75550075137585,41.50871428424279,2100.8212049910053,4,18,72,sparse,high
tomato,Tomato||Uttar Pradesh||Gorakhpur||Sehjanwa APMC,Tomato,Uttar Pradesh,Gorakhpur,Sehjanwa APMC,26.6677977,83.3642334,1.620563621294505,2.017133996215187,2246.9722014229137,4,18,72,sparse,medium
tomato,Tomato||Uttar Pradesh||Hamirpur||Bharuasumerpur APMC,Tomato,Uttar Pradesh,Hamirpur,Bharuasumerpur APMC,25.75,80.0,1.7896570638490568,0.967260469183629,2121.91016842881,9,41,107,dense,medium
tomato,Tomato||Uttar Pradesh||Hamirpur||Maudaha APMC,Tomato,Uttar Pradesh,Hamirpur,Maudaha APMC,25.75,80.0,1.594848127552984,0.7608367836646297,2210.8689861826865,9,41,107,dense,medium
tomato,Tomato||Uttar Pradesh||Hamirpur||Muskara APMC,Tomato,Uttar Pradesh,Hamirpur,Muskara APMC,25.75,80.0,0.9556692413541207,0.5016621656261773,2210.550685296038,9,41,107,dense,low
tomato,Tomato||Uttar Pradesh||Hamirpur||Raath APMC,Tomato,Uttar Pradesh,Hamirpur,Raath APMC,25.75,80.0,1.5592185354967563,0.5999963305661822,2077.6889074752257,9,41,107,dense,medium
tomato,Tomato||Uttar Pradesh||Hardoi||Hardoi APMC,Tomato,Uttar Pradesh,Hardoi,Hardoi APMC,27.3369978,80.0998232,23.529192564979255,19.492040489582386,2199.7819482089885,9,59,138,dense,high
tomato,Tomato||Uttar Pradesh||Hardoi||Madhoganj APMC,Tomato,Uttar Pradesh,Hardoi,Madhoganj APMC,27.3369978,80.0998232,1.7920511183215901,0.8503350402502695,2193.0768192322125,9,59,138,dense,medium
tomato,Tomato||Uttar Pradesh||Hardoi||Sandi APMC,Tomato,Uttar Pradesh,Hardoi,Sandi APMC,27.336997799999995,80.0998232,1.1200008159749075,0.3829581109314741,2366.57322720742,9,59,138,dense,low
tomato,Tomato||Uttar Pradesh||Hardoi||Sandila APMC,Tomato,Uttar Pradesh,Hardoi,Sandila APMC,27.3369978,80.0998232,2.5430055259967626,1.4716116644102823,2199.008605159106,9,59,138,dense,medium
tomato,Tomato||Uttar Pradesh||Hathras||Haathras APMC,Tomato,Uttar Pradesh,Hathras,Haathras APMC,27.5724324,78.1116209,23.579251544814625,10.782717746428544,2082.9119936663988,14,54,179,dense,high
tomato,Tomato||Uttar Pradesh||Hathras||Shadabad APMC,Tomato,Uttar Pradesh,Hathras,Shadabad APMC,27.5724324,78.1116209,1.5107344632768362,2.235346456641664,1649.9937634253922,14,54,179,dense,medium
tomato,Tomato||Uttar Pradesh||Jalaun (Orai)||Jalaun APMC,Tomato,Uttar Pradesh,Jalaun (Orai),Jalaun APMC,25.9895758,79.4538041,3.406775111120144,7.582163292854586,2094.303967611066,11,33,113,sparse,medium
tomato,Tomato||Uttar Pradesh||Jalaun (Orai)||Konch APMC,Tomato,Uttar Pradesh,Jalaun (Orai),Konch APMC,25.989575799999997,79.4538041,2.111163650820968,1.7061853062234735,1920.7200861491804,11,33,113,sparse,medium
tomato,Tomato||Uttar Pradesh||Jalaun (Orai)||Orai APMC,Tomato,Uttar Pradesh,Jalaun (Orai),Orai APMC,25.989575800000004,79.4538041,5.243916513750619,3.8207215212458085,2187.6620695719835,11,33,113,sparse,medium
tomato,Tomato||Uttar Pradesh||Jaunpur||Jaunpur APMC,Tomato,Uttar Pradesh,Jaunpur,Jaunpur APMC,25.7967065,82.4888992,38.81284307556754,17.400147637154525,2020.474395124715,5,23,88,sparse,high
tomato,Tomato||Uttar Pradesh||Jaunpur||Mugrabaadshahpur APMC,Tomato,Uttar Pradesh,Jaunpur,Mugrabaadshahpur APMC,25.7967065,82.4888992,1.8248880509279615,0.39445203802866424,2127.328022069387,5,23,88,sparse,medium
tomato,Tomato||Uttar Pradesh||Jaunpur||Shahganj APMC,Tomato,Uttar Pradesh,Jaunpur,Shahganj APMC,25.7967065,82.4888992,1.586100097588768,0.7030570002192496,2116.639994109622,5,23,88,sparse,medium
tomato,Tomato||Uttar Pradesh||Jhansi||Chirgaon APMC,Tomato,Uttar Pradesh,Jhansi,Chirgaon APMC,25.529855,78.6527802,3.815338103717854,2.5589888018451714,2122.365542085765,4,17,97,sparse,medium
tomato,Tomato||Uttar Pradesh||Jhansi||Gurusarai APMC,Tomato,Uttar Pradesh,Jhansi,Gurusarai APMC,25.529855,78.6527802,5.532068900805479,5.4771527064484005,2376.5033236265294,4,17,97,sparse,medium
tomato,Tomato||Uttar Pradesh||Jhansi||Jhansi APMC,Tomato,Uttar Pradesh,Jhansi,Jhansi APMC,25.529855,78.6527802,26.926016376055177,17.32754841168165,1992.7912449163816,4,17,97,sparse,high
tomato,Tomato||Uttar Pradesh||Jhansi||Mauranipur APMC,Tomato,Uttar Pradesh,Jhansi,Mauranipur APMC,25.529855,78.6527802,4.030249619699249,0.8810218597785355,2158.3091252408612,4,17,97,sparse,medium
tomato,Tomato||Uttar Pradesh||Jhansi||Moth APMC,Tomato,Uttar Pradesh,Jhansi,Moth APMC,25.529855,78.6527802,4.425517378346218,27.817902379268364,2192.2421871975866,4,17,97,sparse,medium
tomato,Tomato||Uttar Pradesh||Kannuj||Chhibramau APMC,Tomato,Uttar Pradesh,Kannuj,Chhibramau APMC,27.1303344,80.859666,9.068255680741407,5.821440437299038,1962.2538270962173,25,56,122,dense,high
tomato,Tomato||Uttar Pradesh||Kannuj||Kannauj APMC,Tomato,Uttar Pradesh,Kannuj,Kannauj APMC,27.1303344,80.859666,7.264151178234591,6.0023085993246195,2057.0603579040426,25,56,122,dense,high
tomato,Tomato||Uttar Pradesh||Kanpur Dehat||Jhijhank APMC,Tomato,Uttar Pradesh,Kanpur Dehat,Jhijhank APMC,26.458564,79.8548052,1.6449452981943165,0.6191729332193302,1930.2588132322167,9,53,122,dense,medium
tomato,Tomato||Uttar Pradesh||Kanpur Dehat||Pukharayan APMC,Tomato,Uttar Pradesh,Kanpur Dehat,Pukharayan APMC,26.458564,79.8548052,2.1872163783582907,0.6646758873586743,2016.7471485716358,9,53,122,dense,medium
tomato,Tomato||Uttar Pradesh||Kanpur||Choubepur APMC,Tomato,Uttar Pradesh,Kanpur,Choubepur APMC,26.460913500000004,80.3217588,1.7047966865609552,0.5819610872798145,1987.0495590822102,12,58,123,dense,medium
tomato,Tomato||Uttar Pradesh||Kanpur||Kanpur(Grain) APMC,Tomato,Uttar Pradesh,Kanpur,Kanpur(Grain) APMC,26.4609135,80.3217588,139.12267587538818,60.03452704922348,2077.3961857995155,12,58,123,dense,high
tomato,Tomato||Uttar Pradesh||Kanpur||Uttaripura APMC,Tomato,Uttar Pradesh,Kanpur,Uttaripura APMC,26.4609135,80.3217588,8.877812816801908,13.020122168004452,2321.7970448361775,12,58,123,dense,high
tomato,Tomato||Uttar Pradesh||Kasganj||Kasganj APMC,Tomato,Uttar Pradesh,Kasganj,Kasganj APMC,27.7888528,78.8229701,14.635802376525296,10.189761271632456,1707.0728909159257,12,52,167,dense,high
tomato,Tomato||Uttar Pradesh||Kaushambi||Bharwari APMC,Tomato,Uttar Pradesh,Kaushambi,Bharwari APMC,25.534245599999995,81.4493567,2.451445631171795,1.150467528645237,2312.434085196927,9,33,101,sparse,medium
tomato,Tomato||Uttar Pradesh||Kaushambi||Manjhanpur APMC,Tomato,Uttar Pradesh,Kaushambi,Manjhanpur APMC,25.5342456,81.4493567,4.466835139752702,1.8605247965023737,2096.8140693715923,9,33,101,sparse,medium
tomato,Tomato||Uttar Pradesh||Khiri (Lakhimpur)||Mohammdi APMC,Tomato,Uttar Pradesh,Khiri (Lakhimpur),Mohammdi APMC,27.130334400000002,80.859666,3.3007275085875256,3.7506509938725237,2089.639796506148,25,56,122,dense,medium
tomato,Tomato||Uttar Pradesh||Lakhimpur||Golagokarnath APMC,Tomato,Uttar Pradesh,Lakhimpur,Golagokarnath APMC,27.9850602,80.7538454,7.108455026421537,4.4304190833976556,2101.156883298052,4,35,124,dense,high
tomato,Tomato||Uttar Pradesh||Lakhimpur||Lakhimpur APMC,Tomato,Uttar Pradesh,Lakhimpur,Lakhimpur APMC,27.9850602,80.7538454,63.80616512075822,119.94226955299602,2151.61304874264,4,35,124,dense,high
tomato,Tomato||Uttar Pradesh||Lalitpur||Lalitpur APMC,Tomato,Uttar Pradesh,Lalitpur,Lalitpur APMC,24.6999688,78.51862000000001,8.125777064118095,5.749013518638211,2060.554139745432,0,8,55,sparse,high
tomato,Tomato||Uttar Pradesh||Lucknow||Lucknow APMC,Tomato,Uttar Pradesh,Lucknow,Lucknow APMC,26.838100000000004,80.9346001,74.16260481965205,58.523378318142164,2229.3317147868543,32,54,126,dense,high
tomato,Tomato||Uttar Pradesh||Maharajganj||Anandnagar APMC,Tomato,Uttar Pradesh,Maharajganj,Anandnagar APMC,26.4710847,81.1807046,0.9269064211875907,0.2791321852148124,1976.985573016844,15,63,114,dense,low
tomato,Tomato||Uttar Pradesh||Maharajganj||Gadaura APMC,Tomato,Uttar Pradesh,Maharajganj,Gadaura APMC,26.4710847,81.1807046,0.4443554345185656,2.513881037282605,1838.2500470301122,15,63,114,dense,low
tomato,Tomato||Uttar Pradesh||Maharajganj||Nautnava APMC,Tomato,Uttar Pradesh,Maharajganj,Nautnava APMC,26.4710847,81.1807046,0.13727394738189624,0.16038207182709827,1648.8658035544563,15,63,114,dense,low
tomato,Tomato||Uttar Pradesh||Maharajganj||Partaval APMC,Tomato,Uttar Pradesh,Maharajganj,Partaval APMC,26.471084700000002,81.1807046,1.9249732123308045,1.487590074354837,2059.9423417955,15,63,114,dense,medium
tomato,Tomato||Uttar Pradesh||Mahoba||Mahoba APMC,Tomato,Uttar Pradesh,Mahoba,Mahoba APMC,25.3615939,79.706011,3.8154303946270978,3.6823545785083955,2127.2233593827386,7,26,99,sparse,medium
tomato,Tomato||Uttar Pradesh||Mainpuri||Ghiraur APMC,Tomato,Uttar Pradesh,Mainpuri,Ghiraur APMC,27.2093072,79.0625369,4.035056331524524,32.576573852080664,1993.2283457294375,9,43,145,dense,medium
tomato,Tomato||Uttar Pradesh||Mainpuri||Mainpuri APMC,Tomato,Uttar Pradesh,Mainpuri,Mainpuri APMC,27.2093072,79.0625369,8.65009606085811,3.9086452221107564,2024.770268739394,9,43,145,dense,high
tomato,Tomato||Uttar Pradesh||Mathura||Kosikalan APMC,Tomato,Uttar Pradesh,Mathura,Kosikalan APMC,27.4955539,77.6855554,5.841070321327113,6.5651185773431155,2202.584078845809,10,49,140,dense,high
tomato,Tomato||Uttar Pradesh||Mathura||Mathura APMC,Tomato,Uttar Pradesh,Mathura,Mathura APMC,27.4955539,77.6855554,37.47438481817423,69.20465185832971,2114.325657934956,10,49,140,dense,high
tomato,Tomato||Uttar Pradesh||Mau(Maunathbhanjan)||Doharighat APMC,Tomato,Uttar Pradesh,Mau(Maunathbhanjan),Doharighat APMC,27.1303344,80.859666,5.969133987501443,8.997667397899013,2499.459105331868,25,56,122,dense,high
tomato,Tomato||Uttar Pradesh||Mau(Maunathbhanjan)||Kopaganj APMC,Tomato,Uttar Pradesh,Mau(Maunathbhanjan),Kopaganj APMC,27.1303344,80.859666,14.352878255554266,9.037767006892308,1853.136002927022,25,56,122,dense,high
tomato,Tomato||Uttar Pradesh||Meerut||Meerut APMC,Tomato,Uttar Pradesh,Meerut,Meerut APMC,29.001855700000004,77.7679671,46.75801831359708,16.227096816795708,2039.6003734435599,28,74,165,dense,high
tomato,Tomato||Uttar Pradesh||Mirzapur||Ahirora APMC,Tomato,Uttar Pradesh,Mirzapur,Ahirora APMC,24.9316896,82.6280163,21.430435888626565,22.62175834534961,1904.8358836715986,5,16,62,sparse,high
tomato,Tomato||Uttar Pradesh||Mirzapur||Mirzapur APMC,Tomato,Uttar Pradesh,Mirzapur,Mirzapur APMC,24.9316896,82.6280163,21.708030788062114,18.302418793010403,2024.7600543711553,5,16,62,sparse,high
tomato,Tomato||Uttar Pradesh||Muzaffarnagar||Muzzafarnagar APMC,Tomato,Uttar Pradesh,Muzaffarnagar,Muzzafarnagar APMC,29.4496979,77.7429333,15.281548158023558,7.430665103027762,2205.0540808931933,20,85,176,dense,high
tomato,Tomato||Uttar Pradesh||Pillibhit||Bishalpur APMC,Tomato,Uttar Pradesh,Pillibhit,Bishalpur APMC,27.1303344,80.85966600000002,3.460610978777298,3.486775108426716,2180.0328277205745,25,56,122,dense,medium
tomato,Tomato||Uttar Pradesh||Pillibhit||Pilibhit APMC,Tomato,Uttar Pradesh,Pillibhit,Pilibhit APMC,27.1303344,80.859666,11.858653617559316,20.4225967146743,2189.3993241620005,25,56,122,dense,high
tomato,Tomato||Uttar Pradesh||Pillibhit||Puranpur APMC,Tomato,Uttar Pradesh,Pillibhit,Puranpur APMC,27.1303344,80.859666,7.185384802015702,14.63855259919412,2193.883261507004,25,56,122,dense,high
tomato,Tomato||Uttar Pradesh||Pratapgarh||Pratapgarh APMC,Tomato,Uttar Pradesh,Pratapgarh,Pratapgarh APMC,25.75,81.75,10.50135840135901,8.043124314053701,2281.71705450574,10,37,96,dense,high
tomato,Tomato||Uttar Pradesh||Prayagraj||Ajuha APMC,Tomato,Uttar Pradesh,Prayagraj,Ajuha APMC,25.4381302,81.8338005,2.844386992551158,1.0365614933638303,2083.897129717044,5,25,91,sparse,medium
tomato,Tomato||Uttar Pradesh||Prayagraj||Jasra APMC,Tomato,Uttar Pradesh,Prayagraj,Jasra APMC,25.4381302,81.8338005,5.986451777081229,3.0307243618680766,1883.9187270183504,5,25,91,sparse,high
tomato,Tomato||Uttar Pradesh||Prayagraj||Sirsa APMC,Tomato,Uttar Pradesh,Prayagraj,Sirsa APMC,25.4381302,81.8338005,7.532744014442266,6.437004917630752,1829.9885914049987,5,25,91,sparse,high
tomato,Tomato||Uttar Pradesh||Raebarelli||Bachranwa APMC,Tomato,Uttar Pradesh,Raebarelli,Bachranwa APMC,26.7724397,80.9443515,0.8512263591491165,0.24002084364044365,2000.0976123660225,29,60,123,dense,low
tomato,Tomato||Uttar Pradesh||Raebarelli||Jayas APMC,Tomato,Uttar Pradesh,Raebarelli,Jayas APMC,26.772397,80.9443626,4.927638331934934,6.928170763578529,2282.30566430899,29,60,123,dense,medium
tomato,Tomato||Uttar Pradesh||Raebarelli||Lalganj APMC,Tomato,Uttar Pradesh,Raebarelli,Lalganj APMC,26.7724397,80.9443515,3.5504853298450088,2.1936495727451613,1967.3765900090043,29,60,123,dense,medium
tomato,Tomato||Uttar Pradesh||Raebarelli||Raibareilly APMC,Tomato,Uttar Pradesh,Raebarelli,Raibareilly APMC,26.772397,80.9443626,11.180335177678435,4.805730166635965,2095.025515595156,29,60,123,dense,high
tomato,Tomato||Uttar Pradesh||Rampur||Milak APMC,Tomato,Uttar Pradesh,Rampur,Milak APMC,28.7934728,79.1845806,2.6163706287708908,0.7123889355852349,2146.966077408362,6,35,165,dense,medium
tomato,Tomato||Uttar Pradesh||Rampur||Rampur APMC,Tomato,Uttar Pradesh,Rampur,Rampur APMC,28.7934728,79.1845806,5.217613715384648,3.018074286968434,2125.2227929043725,6,35,165,dense,medium
tomato,Tomato||Uttar Pradesh||Saharanpur||Chutmalpur APMC,Tomato,Uttar Pradesh,Saharanpur,Chutmalpur APMC,29.9856799,77.5040646,2.166752207822017,2.063059658730791,1568.812723722486,22,67,179,dense,medium
tomato,Tomato||Uttar Pradesh||Saharanpur||Gangoh APMC,Tomato,Uttar Pradesh,Saharanpur,Gangoh APMC,29.9856799,77.5040646,0.4907893893654779,0.17854218855337595,2272.6279754004695,22,67,179,dense,low
tomato,Tomato||Uttar Pradesh||Saharanpur||Rampurmaniharan APMC,Tomato,Uttar Pradesh,Saharanpur,Rampurmaniharan APMC,29.985679899999997,77.5040646,0.9109752369509005,0.555535591356781,2508.371631338412,22,67,179,dense,low
tomato,Tomato||Uttar Pradesh||Saharanpur||Saharanpur APMC,Tomato,Uttar Pradesh,Saharanpur,Saharanpur APMC,29.985679899999997,77.5040646,49.0894864252847,24.381445279663,2210.4366272262682,22,67,179,dense,high
tomato,Tomato||Uttar Pradesh||Sambhal||Chandausi APMC,Tomato,Uttar Pradesh,Sambhal,Chandausi APMC,28.4271928,78.5564546,11.02282448850908,10.986291137042066,2076.09742801651,14,59,177,dense,high
tomato,Tomato||Uttar Pradesh||Sambhal||Muradabad APMC,Tomato,Uttar Pradesh,Sambhal,Muradabad APMC,28.4271928,78.5564546,30.047467664347977,30.17202629476008,2161.0928215133204,14,59,177,dense,high
tomato,Tomato||Uttar Pradesh||Sambhal||Sambhal APMC,Tomato,Uttar Pradesh,Sambhal,Sambhal APMC,28.4271928,78.5564546,2.2440368904108547,1.8769480359654405,1549.4135594200495,14,59,177,dense,medium
tomato,Tomato||Uttar Pradesh||Shahjahanpur||Puwaha APMC,Tomato,Uttar Pradesh,Shahjahanpur,Puwaha APMC,27.9128583,79.74762539999999,2.2686166705204878,1.5776805030453058,2144.5836446502076,12,47,161,dense,medium
tomato,Tomato||Uttar Pradesh||Shahjahanpur||Shahjahanpur APMC,Tomato,Uttar Pradesh,Shahjahanpur,Shahjahanpur APMC,27.9128583,79.7476254,23.530276893938417,54.70806972793674,2231.9390302044008,12,47,161,dense,high
tomato,Tomato||Uttar Pradesh||Shahjahanpur||Tilhar APMC,Tomato,Uttar Pradesh,Shahjahanpur,Tilhar APMC,27.912858300000003,79.7476254,1.667682043171103,1.4406235438482728,1592.8010406330807,12,47,161,dense,medium
tomato,Tomato||Uttar Pradesh||Shamli||Kairana APMC,Tomato,Uttar Pradesh,Shamli,Kairana APMC,29.481150799999998,77.2901344,0.7045313656977507,0.22458158761888253,1656.269742094125,28,87,193,dense,low
tomato,Tomato||Uttar Pradesh||Shamli||Khandhla APMC,Tomato,Uttar Pradesh,Shamli,Khandhla APMC,29.4811508,77.2901344,1.4793947139177233,0.26738942976115365,1561.7372620756705,28,87,193,dense,medium
tomato,Tomato||Uttar Pradesh||Shamli||Shamli APMC,Tomato,Uttar Pradesh,Shamli,Shamli APMC,29.4811508,77.2901344,16.92739163722003,6.032907026674455,2182.149777642553,28,87,193,dense,high
tomato,Tomato||Uttar Pradesh||Shamli||Thanabhavan APMC,Tomato,Uttar Pradesh,Shamli,Thanabhavan APMC,29.4811508,77.2901344,0.9196934674944889,0.43941691532135896,2095.5004679168155,28,87,193,dense,low
tomato,Tomato||Uttar Pradesh||Siddharth Nagar||Sahiyapur APMC,Tomato,Uttar Pradesh,Siddharth Nagar,Sahiyapur APMC,27.27547,83.0880597,2.9478697744569757,3.0875458617815044,2038.3470915794774,7,13,76,sparse,medium
tomato,Tomato||Uttar Pradesh||Sitapur||Mehmoodabad APMC,Tomato,Uttar Pradesh,Sitapur,Mehmoodabad APMC,27.502674799999998,80.8335139,6.938352826092938,6.015133316430413,2381.6361968902656,24,45,117,dense,high
tomato,Tomato||Uttar Pradesh||Sitapur||Sitapur APMC,Tomato,Uttar Pradesh,Sitapur,Sitapur APMC,27.5026748,80.8335139,34.707855980625816,32.73672680576957,2159.4092561876296,24,45,117,dense,high
tomato,Tomato||Uttar Pradesh||Sitapur||Viswan APMC,Tomato,Uttar Pradesh,Sitapur,Viswan APMC,27.5026748,80.8335139,6.920833797040324,4.356111117274866,2262.7031873218248,24,45,117,dense,high
tomato,Tomato||Uttar Pradesh||Sonbhadra||Dudhi APMC,Tomato,Uttar Pradesh,Sonbhadra,Dudhi APMC,24.4148159,83.0637517,2.4844863450401578,8.10636233342926,1915.5130093826085,3,6,42,sparse,medium
tomato,Tomato||Uttar Pradesh||Sonbhadra||Robertsganj APMC,Tomato,Uttar Pradesh,Sonbhadra,Robertsganj APMC,24.4148159,83.0637517,30.585199435335735,51.56696379634875,2072.4537617872274,3,6,42,sparse,high
tomato,Tomato||Uttar Pradesh||Unnao||Bangarmau APMC,Tomato,Uttar Pradesh,Unnao,Bangarmau APMC,26.5673264,80.6198193,4.441477635630406,3.6191278100268307,2176.438824802466,27,59,124,dense,medium
tomato,Tomato||Uttar Pradesh||Unnao||Purwa APMC,Tomato,Uttar Pradesh,Unnao,Purwa APMC,26.5673264,80.6198193,1.8700544987077987,1.2173367049576194,2236.1284201134067,27,59,124,dense,medium
tomato,Tomato||Uttar Pradesh||Unnao||Unnao APMC,Tomato,Uttar Pradesh,Unnao,Unnao APMC,26.5673264,80.6198193,5.653108003766075,2.6396536879008106,2193.393892278539,27,59,124,dense,medium
tomato,Tomato||Uttar Pradesh||Varanasi||Varanasi(F&V) APMC,Tomato,Uttar Pradesh,Varanasi,Varanasi(F&V) APMC,25.3356491,83.0076292,97.86113285387862,42.014543193667514,1843.1380126219397,7,18,70,sparse,high
tomato,Tomato||Uttarakhand||Dehradoon||Dehradoon APMC,Tomato,Uttarakhand,Dehradoon,Dehradoon APMC,30.041737599999998,79.089691,60.52559711318877,38.25271610712569,1176.5525075021487,9,19,125,sparse,high
tomato,Tomato||Uttarakhand||Dehradoon||Rishikesh APMC,Tomato,Uttarakhand,Dehradoon,Rishikesh APMC,30.0417376,79.089691,4.582723324735953,3.599288542760548,2130.1931102074527,9,19,125,sparse,medium
tomato,Tomato||Uttarakhand||Dehradoon||Vikasnagar APMC,Tomato,Uttarakhand,Dehradoon,Vikasnagar APMC,30.0417376,79.089691,17.12585316600461,24.85551062386732,1556.1134795078628,9,19,125,sparse,high
tomato,Tomato||Uttarakhand||Garhwal (Pauri)||Kotadwara APMC,Tomato,Uttarakhand,Garhwal (Pauri),Kotadwara APMC,30.2221746,78.7707901,1.4235130472026332,0.9832256510238345,1949.0574170489824,9,26,135,sparse,medium
tomato,Tomato||Uttarakhand||Haridwar||Haridwar Union APMC,Tomato,Uttarakhand,Haridwar,Haridwar Union APMC,29.9123514,78.0087178,7.357479755833808,3.4003011977165087,1731.1186656296002,16,61,175,dense,high
tomato,Tomato||Uttarakhand||Haridwar||Manglaur APMC,Tomato,Uttarakhand,Haridwar,Manglaur APMC,29.9123514,78.0087178,1.3870226254057838,2.0902855693335822,1841.9171821265645,16,61,175,dense,medium
tomato,Tomato||Uttarakhand||Haridwar||Roorkee APMC,Tomato,Uttarakhand,Haridwar,Roorkee APMC,29.9123514,78.0087178,5.953982210831656,4.567148223390149,1444.5856518882597,16,61,175,dense,high
tomato,Tomato||Uttarakhand||Nanital||Haldwani APMC,Tomato,Uttarakhand,Nanital,Haldwani APMC,30.0417376,79.089691,30.403435419855256,24.502498214947057,1605.033245953787,9,19,125,sparse,high
tomato,Tomato||Uttarakhand||Nanital||Ramnagar APMC,Tomato,Uttarakhand,Nanital,Ramnagar APMC,30.041737600000005,79.089691,4.217807756542703,5.950499202341166,1411.8445195856823,9,19,125,sparse,medium
tomato,Tomato||Uttarakhand||Udhamsinghnagar||Jaspur(UC) APMC,Tomato,Uttarakhand,Udhamsinghnagar,Jaspur(UC) APMC,30.0417376,79.089691,0.5830417550995665,0.4349653107899542,2078.9855624448332,9,19,125,sparse,low
tomato,Tomato||Uttarakhand||Udhamsinghnagar||Kashipur APMC,Tomato,Uttarakhand,Udhamsinghnagar,Kashipur APMC,30.041737600000005,79.089691,1.6002881823223671,0.8631816182671939,1735.405326743709,9,19,125,sparse,medium
tomato,Tomato||Uttarakhand||Udhamsinghnagar||Rudrapur APMC,Tomato,Uttarakhand,Udhamsinghnagar,Rudrapur APMC,30.041737599999998,79.089691,6.046324733397558,2.918887718309117,2066.3051296631656,9,19,125,sparse,high
tomato,Tomato||Uttarakhand||Udhamsinghnagar||Sitarganj APMC,Tomato,Uttarakhand,Udhamsinghnagar,Sitarganj APMC,30.0417376,79.089691,1.320239606076667,5.230411670541583,1829.4751897797576,9,19,125,sparse,medium
tomato,Tomato||West Bengal||Alipurduar||Alipurduar APMC,Tomato,West Bengal,Alipurduar,Alipurduar APMC,26.4851573,89.5246926,4.217753868835297,3.2534056288494844,3329.0064139895903,4,11,13,sparse,medium
tomato,Tomato||West Bengal||Alipurduar||Falakata APMC,Tomato,West Bengal,Alipurduar,Falakata APMC,26.4851573,89.5246926,7.550657819773287,3.185996921485964,3036.198757659869,4,11,13,sparse,high
tomato,Tomato||West Bengal||Bankura||Khatra APMC,Tomato,West Bengal,Bankura,Khatra APMC,23.132377,87.2081925,0.25176021013430977,0.11993633035506969,3545.491415384492,3,22,37,sparse,low
tomato,Tomato||West Bengal||Birbhum||Birbhum APMC,Tomato,West Bengal,Birbhum,Birbhum APMC,24.0621532,87.6982823,31.012819212506436,13.307971741485922,3644.0810260504395,4,14,28,sparse,high
tomato,Tomato||West Bengal||Birbhum||Bolpur APMC,Tomato,West Bengal,Birbhum,Bolpur APMC,24.0621532,87.6982823,23.139674663302724,6.963123485500901,3469.808265507641,4,14,28,sparse,high
tomato,Tomato||West Bengal||Birbhum||Sainthia APMC,Tomato,West Bengal,Birbhum,Sainthia APMC,24.062153199999997,87.6982823,19.44842230468541,7.367596690958804,3435.5727285353328,4,14,28,sparse,high
tomato,Tomato||West Bengal||Coochbehar||Baxirhat APMC,Tomato,West Bengal,Coochbehar,Baxirhat APMC,26.340623,89.4812163,1.1746270816113797,0.24199906827333845,1532.7536182648385,4,13,13,sparse,low
tomato,Tomato||West Bengal||Coochbehar||Coochbehar APMC,Tomato,West Bengal,Coochbehar,Coochbehar APMC,26.340623,89.4812163,0.6380560432033723,0.34841459697796523,3200.5351225914706,4,13,13,sparse,low
tomato,Tomato||West Bengal||Coochbehar||Pundibari APMC,Tomato,West Bengal,Coochbehar,Pundibari APMC,26.340623,89.4812163,0.561252221363738,0.3715608742864312,3115.892239948241,4,13,13,sparse,low
tomato,Tomato||West Bengal||Dakshin Dinajpur||Balurghat APMC,Tomato,West Bengal,Dakshin Dinajpur,Balurghat APMC,25.385807,88.5063362,1.154326209958396,0.42746330887132405,3986.457702084988,1,8,30,sparse,low
tomato,Tomato||West Bengal||Dakshin Dinajpur||Gangarampur(Dakshin Dinajpur) APMC,Tomato,West Bengal,Dakshin Dinajpur,Gangarampur(Dakshin Dinajpur) APMC,25.385807,88.5063362,0.6546371389235804,0.45224164248875487,3409.5659545778194,1,8,30,sparse,low
tomato,Tomato||West Bengal||Darjeeling||Darjeeling APMC,Tomato,West Bengal,Darjeeling,Darjeeling APMC,27.0377554,88.263176,1.3226435486405284,1.9087222816520044,3972.8661566734772,6,11,13,sparse,medium
tomato,Tomato||West Bengal||Darjeeling||Karsiyang(Matigara) APMC,Tomato,West Bengal,Darjeeling,Karsiyang(Matigara) APMC,27.0377554,88.263176,1.7995733498657607,2.233654882365355,4037.3215843121857,6,11,13,sparse,medium
tomato,Tomato||West Bengal||Darjeeling||Siliguri APMC,Tomato,West Bengal,Darjeeling,Siliguri APMC,27.0377554,88.263176,25.113899089854506,8.56498697644259,3027.5102967007174,6,11,13,sparse,high
tomato,Tomato||West Bengal||Hooghly||Champadanga APMC,Tomato,West Bengal,Hooghly,Champadanga APMC,22.909940299999995,88.0120825,2.17807153283056,2.192620694094862,3243.787329100756,11,23,29,sparse,medium
tomato,Tomato||West Bengal||Hooghly||Kalipur APMC,Tomato,West Bengal,Hooghly,Kalipur APMC,22.909940299999995,88.0120825,2.093788142937712,1.835350437532245,3193.513436510708,11,23,29,sparse,medium
tomato,Tomato||West Bengal||Hooghly||Pandua APMC,Tomato,West Bengal,Hooghly,Pandua APMC,22.909940299999995,88.0120825,2.3866387977603147,1.2415416557753292,3111.04298158852,11,23,29,sparse,medium
tomato,Tomato||West Bengal||Hooghly||Sheoraphuly APMC,Tomato,West Bengal,Hooghly,Sheoraphuly APMC,22.909940299999995,88.0120825,28.539572340034233,23.192351236553367,3251.7692888445067,11,23,29,sparse,high
tomato,Tomato||West Bengal||Howrah||Ramkrishanpur(Howrah) APMC,Tomato,West Bengal,Howrah,Ramkrishanpur(Howrah) APMC,22.5736296,88.3251045,1.318830286560317,0.6827192966737384,3231.58053024257,8,18,32,sparse,medium
tomato,Tomato||West Bengal||Howrah||Uluberia APMC,Tomato,West Bengal,Howrah,Uluberia APMC,22.5736296,88.3251045,0.33241595837909144,0.14093873263823117,3348.32501106894,8,18,32,sparse,low
tomato,Tomato||West Bengal||Jalpaiguri||Belacoba APMC,Tomato,West Bengal,Jalpaiguri,Belacoba APMC,26.626280500000004,88.7334485,2.0957673650574,1.3044455054288429,2731.1318735012824,6,13,13,sparse,medium
tomato,Tomato||West Bengal||Jalpaiguri||Dhupguri APMC,Tomato,West Bengal,Jalpaiguri,Dhupguri APMC,26.6262805,88.7334485,3.545742849765251,2.8653630651058926,2815.8190410372126,6,13,13,sparse,medium
tomato,Tomato||West Bengal||Jalpaiguri||Jalpaiguri Sadar APMC,Tomato,West Bengal,Jalpaiguri,Jalpaiguri Sadar APMC,26.626280500000004,88.7334485,3.1465245233682166,2.800194660144016,2843.9435974576118,6,13,13,sparse,medium
tomato,Tomato||West Bengal||Jalpaiguri||Moynaguri APMC,Tomato,West Bengal,Jalpaiguri,Moynaguri APMC,26.6262805,88.7334485,2.305635618432907,1.268246918292186,2810.7960353979784,6,13,13,sparse,medium
tomato,Tomato||West Bengal||Kolkata||Sealdah Koley Market APMC,Tomato,West Bengal,Kolkata,Sealdah Koley Market APMC,22.572645900000005,88.3638953,15.592607389123325,13.262784124762273,3547.9525204080387,8,18,32,sparse,high
tomato,Tomato||West Bengal||Medinipur(E)||Egra/contai APMC,Tomato,West Bengal,Medinipur(E),Egra/contai APMC,22.4207025,87.3269963,2.7163806993248794,1.2814053670015295,3260.9779978094625,4,21,37,sparse,medium
tomato,Tomato||West Bengal||Medinipur(W)||Garbeta(Medinipur) APMC,Tomato,West Bengal,Medinipur(W),Garbeta(Medinipur) APMC,22.425840599999997,87.3192605,1.8670427600626969,1.2747759892124126,3375.5328424547747,4,21,37,sparse,medium
tomato,Tomato||West Bengal||Medinipur(W)||Ghatal APMC,Tomato,West Bengal,Medinipur(W),Ghatal APMC,22.4188527,87.307174,1.8523263423396743,0.7375221447621914,3387.448427311344,3,21,37,sparse,medium
tomato,Tomato||West Bengal||Medinipur(W)||Medinipur(West) APMC,Tomato,West Bengal,Medinipur(W),Medinipur(West) APMC,22.4258406,87.3192605,2.4786854793021647,1.743686608319494,3414.454569089218,4,21,37,sparse,medium
tomato,Tomato||West Bengal||Nadia||Chakdah APMC,Tomato,West Bengal,Nadia,Chakdah APMC,23.4847374,88.5567067,8.064219954855105,5.023209060096837,3803.8349751053747,3,19,32,sparse,high
tomato,Tomato||West Bengal||Nadia||Ranaghat APMC,Tomato,West Bengal,Nadia,Ranaghat APMC,23.4847374,88.5567067,5.918392733195131,3.655345763693907,3796.8585441218765,3,19,32,sparse,high
tomato,Tomato||West Bengal||North 24 Parganas||Barasat APMC,Tomato,West Bengal,North 24 Parganas,Barasat APMC,22.6926815,88.6625795,5.682644868010519,1.6056350879792154,3245.466717868144,8,17,33,sparse,high
tomato,Tomato||West Bengal||North 24 Parganas||Habra APMC,Tomato,West Bengal,North 24 Parganas,Habra APMC,22.6926815,88.6625795,23.16266246651968,14.266602536991398,2742.3405713187917,8,17,33,sparse,high
tomato,Tomato||West Bengal||Paschim Bardhaman||Asansol APMC,Tomato,West Bengal,Paschim Bardhaman,Asansol APMC,23.6002978,87.3041301,5.879312880537218,1.4010709996823643,3006.846982958945,7,19,32,sparse,high
tomato,Tomato||West Bengal||Paschim Bardhaman||Durgapur APMC,Tomato,West Bengal,Paschim Bardhaman,Durgapur APMC,23.6002978,87.3041301,6.013237377992035,1.4654829549150443,3015.9683900256136,7,19,32,sparse,high
tomato,Tomato||West Bengal||Purba Bardhaman||Burdwan APMC,Tomato,West Bengal,Purba Bardhaman,Burdwan APMC,23.3884089,87.9606763,4.340435891394494,1.5412425726454158,3093.463163905414,10,23,28,sparse,medium
tomato,Tomato||West Bengal||Purba Bardhaman||Kalna APMC,Tomato,West Bengal,Purba Bardhaman,Kalna APMC,23.3884089,87.9606763,1.0462263614210403,0.49998377079083767,2960.000582577416,10,23,28,sparse,low
tomato,Tomato||West Bengal||Puruliya||Balarampur APMC,Tomato,West Bengal,Puruliya,Balarampur APMC,23.333333,86.416667,7.706895263501199,3.055562758840055,2583.1166007934394,0,8,34,sparse,high
tomato,Tomato||West Bengal||Sounth 24 Parganas||Diamond Harbour(South 24-pgs) APMC,Tomato,West Bengal,Sounth 24 Parganas,Diamond Harbour(South 24-pgs) APMC,22.9964948,87.6855882,0.8797175923044019,0.5002969433750509,3720.285239428405,10,24,37,sparse,low
wheat,Wheat||Bihar||Sheikhpura||Barbigha APMC,Wheat,Bihar,Sheikhpura,Barbigha APMC,25.1250741,85.8160771,17.84388840207216,4.677331637283669,2502.511213862267,1,1,22,sparse,low
wheat,Wheat||Bihar||Sheikhpura||Shekhpura APMC,Wheat,Bihar,Sheikhpura,Shekhpura APMC,25.1250741,85.8160771,17.589473631342674,4.836811529679315,2503.705201615662,1,1,22,sparse,low
wheat,Wheat||Chattisgarh||Balodabazar||Bhatapara APMC,Wheat,Chattisgarh,Balodabazar,Bhatapara APMC,21.6564735,82.1605962,17.299077241897844,19.396379691799353,2356.994524353752,1,1,13,sparse,low
wheat,Wheat||Chattisgarh||Mungeli||Munguli APMC,Wheat,Chattisgarh,Mungeli,Munguli APMC,22.0661098,81.6874282,5.9334346463488465,6.38100300711238,2384.290549285138,1,5,27,sparse,low
wheat,Wheat||Chattisgarh||Rajnandgaon||Rajnandgaon APMC,Wheat,Chattisgarh,Rajnandgaon,Rajnandgaon APMC,21.0684425,80.7970779,24.688866611123323,96.91955521075205,2367.288629123454,0,1,22,sparse,low
wheat,Wheat||Gujarat||Amreli||Amreli APMC,Wheat,Gujarat,Amreli,Amreli APMC,21.4176122,71.249609,93.80954238729264,116.73405838086403,2654.7058034089064,5,21,43,sparse,medium
wheat,Wheat||Gujarat||Amreli||Bagasara APMC,Wheat,Gujarat,Amreli,Bagasara APMC,21.4176122,71.249609,4.37653768351061,4.044546059519016,2431.9336797266287,5,21,43,sparse,low
wheat,Wheat||Gujarat||Amreli||Dhari APMC,Wheat,Gujarat,Amreli,Dhari APMC,21.4176122,71.249609,1.5615498070990146,1.4902860223907084,2460.68205463895,5,21,43,sparse,low
wheat,Wheat||Gujarat||Amreli||Rajula APMC,Wheat,Gujarat,Amreli,Rajula APMC,21.4176122,71.249609,3.6560876575069554,5.045622731295168,2603.9308598170587,5,21,43,sparse,low
wheat,Wheat||Gujarat||Amreli||Savarkundla APMC,Wheat,Gujarat,Amreli,Savarkundla APMC,21.4176122,71.249609,19.86951313781921,30.284505372971026,2654.630537632169,5,21,43,sparse,low
wheat,Wheat||Gujarat||Anand||Borsad APMC,Wheat,Gujarat,Anand,Borsad APMC,22.5586555,72.9627227,1.4358856101305548,0.8364798648501071,2310.9832166765646,2,26,88,sparse,low
wheat,Wheat||Gujarat||Anand||Khambhat(Grain Market) APMC,Wheat,Gujarat,Anand,Khambhat(Grain Market) APMC,22.5586555,72.9627227,25.74983002386004,39.14552510745098,2472.1439477028493,2,26,88,sparse,low
wheat,Wheat||Gujarat||Banaskanth||Deesa APMC,Wheat,Gujarat,Banaskanth,Deesa APMC,22.3850051,71.745261,74.2251781420344,127.4778221723324,2559.593498994678,4,33,49,sparse,medium
wheat,Wheat||Gujarat||Banaskanth||Palanpur APMC,Wheat,Gujarat,Banaskanth,Palanpur APMC,22.3850051,71.745261,26.09637702066009,28.945244150120566,2620.637537652273,4,33,49,sparse,low
wheat,Wheat||Gujarat||Banaskanth||Thara APMC,Wheat,Gujarat,Banaskanth,Thara APMC,22.3850051,71.745261,35.89145057322217,109.48286725785212,2592.3412255088383,4,33,49,sparse,low
wheat,Wheat||Gujarat||Banaskanth||Thara(Shihori) APMC,Wheat,Gujarat,Banaskanth,Thara(Shihori) APMC,22.3850051,71.745261,4.4073247095434525,13.503907752981736,2486.6594090702697,4,33,49,sparse,low
wheat,Wheat||Gujarat||Bharuch||Jambusar APMC,Wheat,Gujarat,Bharuch,Jambusar APMC,21.7080427,72.9956936,0.1025919008636001,0.03778249999117119,2782.7543888081836,0,11,76,sparse,low
wheat,Wheat||Gujarat||Bhavnagar||Bhavnagar APMC,Wheat,Gujarat,Bhavnagar,Bhavnagar APMC,21.7718836,72.1416449,6.273885761479185,8.778977361627545,2568.423405447059,3,17,60,sparse,low
wheat,Wheat||Gujarat||Bhavnagar||Mahuva(Station Road) APMC,Wheat,Gujarat,Bhavnagar,Mahuva(Station Road) APMC,21.7718836,72.1416449,25.11082402671637,27.82814002402333,2748.7585918309846,3,17,60,sparse,low
wheat,Wheat||Gujarat||Bhavnagar||Palitana APMC,Wheat,Gujarat,Bhavnagar,Palitana APMC,21.7718836,72.1416449,2.235074958645167,1.4422134636351644,2550.1150254550175,3,17,60,sparse,low
wheat,Wheat||Gujarat||Bhavnagar||Taleja APMC,Wheat,Gujarat,Bhavnagar,Taleja APMC,21.7718836,72.1416449,16.089567218992602,15.8924428379928,2548.8498475698543,3,17,60,sparse,low
wheat,Wheat||Gujarat||Dahod||Dahod APMC,Wheat,Gujarat,Dahod,Dahod APMC,22.9194099,74.1342725,170.21434677447633,119.3668491838026,2759.3498409385566,5,20,106,sparse,high
wheat,Wheat||Gujarat||Gandhinagar||Dehgam APMC,Wheat,Gujarat,Gandhinagar,Dehgam APMC,23.2232877,72.6492267,23.10023209308836,39.941722215917146,2521.1304006868263,8,21,65,sparse,low
wheat,Wheat||Gujarat||Gandhinagar||Dehgam(Rekhiyal) APMC,Wheat,Gujarat,Gandhinagar,Dehgam(Rekhiyal) APMC,23.2232877,72.6492267,2.348124082892001,3.127800865933217,2390.000242662731,8,21,65,sparse,low
wheat,Wheat||Gujarat||Gandhinagar||Kalol APMC,Wheat,Gujarat,Gandhinagar,Kalol APMC,23.2232877,72.6492267,10.221462195085987,7.778975841999135,2559.2333408938744,8,21,65,sparse,low
wheat,Wheat||Gujarat||Gandhinagar||Mansa APMC,Wheat,Gujarat,Gandhinagar,Mansa APMC,23.2232877,72.6492267,6.350922327416003,28.82148903159652,2445.034507113595,8,21,65,sparse,low
wheat,Wheat||Gujarat||Gir Somnath||Veraval APMC,Wheat,Gujarat,Gir Somnath,Veraval APMC,20.9298181,70.7627578,24.837062480748298,46.66528901998657,2616.9538633575185,7,8,31,sparse,low
wheat,Wheat||Gujarat||Jamnagar||Dhrol APMC,Wheat,Gujarat,Jamnagar,Dhrol APMC,22.4732415,70.0552102,9.437279664153046,10.267061959028837,2481.5594116480925,2,13,41,sparse,low
wheat,Wheat||Gujarat||Jamnagar||Jamnagar APMC,Wheat,Gujarat,Jamnagar,Jamnagar APMC,22.4732415,70.0552102,49.50135965499864,66.30048405656976,2647.3924660575285,2,13,41,sparse,medium
wheat,Wheat||Gujarat||Jamnagar||Kalawad APMC,Wheat,Gujarat,Jamnagar,Kalawad APMC,22.4732415,70.0552102,44.730291937896986,42.87502411217004,2615.895378695261,2,13,41,sparse,medium
wheat,Wheat||Gujarat||Junagarh||Junagadh APMC,Wheat,Gujarat,Junagarh,Junagadh APMC,21.25,70.333333,126.14331496160246,197.22360592604812,2509.3960886940677,3,16,29,sparse,high
wheat,Wheat||Gujarat||Junagarh||Visavadar APMC,Wheat,Gujarat,Junagarh,Visavadar APMC,21.25,70.333333,98.86869577581004,145.25183109273422,2508.038172020833,3,16,29,sparse,medium
wheat,Wheat||Gujarat||Kheda||Kapadvanj APMC,Wheat,Gujarat,Kheda,Kapadvanj APMC,22.8532503,72.9953586,10.083538715745592,1.3690805966012172,2382.787309763946,6,24,83,sparse,low
wheat,Wheat||Gujarat||Mehsana||Kadi APMC,Wheat,Gujarat,Mehsana,Kadi APMC,23.6012628,72.3741516,70.78574783532802,68.8494581659348,2655.995769824914,13,21,57,sparse,medium
wheat,Wheat||Gujarat||Mehsana||Mehsana APMC,Wheat,Gujarat,Mehsana,Mehsana APMC,23.5962889,72.3899844,7.552774241531935,5.766353221027971,2589.030095304967,13,21,57,sparse,low
wheat,Wheat||Gujarat||Mehsana||Mehsana(Jornang) APMC,Wheat,Gujarat,Mehsana,Mehsana(Jornang) APMC,23.6012628,72.3741516,2.2667686613111027,2.8298754134510102,2579.2386580072216,13,21,57,sparse,low
wheat,Wheat||Gujarat||Mehsana||Vijapur APMC,Wheat,Gujarat,Mehsana,Vijapur APMC,23.6012628,72.3741516,17.737407643065936,12.645599117443375,2455.276394831852,13,21,57,sparse,low
wheat,Wheat||Gujarat||Morbi||APMC HALVAD,Wheat,Gujarat,Morbi,APMC HALVAD,22.8003959,70.886232,8.328091436953644,6.919497145194596,2600.2966500393645,7,18,46,sparse,low
wheat,Wheat||Gujarat||Morbi||Morbi APMC,Wheat,Gujarat,Morbi,Morbi APMC,22.8003959,70.886232,41.17398763583011,53.04992467745552,2638.4404763058387,7,18,46,sparse,medium
wheat,Wheat||Gujarat||Morbi||Vankaner APMC,Wheat,Gujarat,Morbi,Vankaner APMC,22.8003959,70.886232,36.79937528648252,29.525697484045075,2585.194142476105,7,18,46,sparse,medium
wheat,Wheat||Gujarat||Patan||Patan APMC,Wheat,Gujarat,Patan,Patan APMC,23.773753,71.6798581,41.86074711145858,34.07257239460875,2689.0814124955605,6,17,45,sparse,medium
wheat,Wheat||Gujarat||Patan||Radhanpur APMC,Wheat,Gujarat,Patan,Radhanpur APMC,23.773753,71.6798581,9.618584473109038,5.522500043718961,2759.169541026559,6,17,45,sparse,low
wheat,Wheat||Gujarat||Patan||Siddhpur APMC,Wheat,Gujarat,Patan,Siddhpur APMC,23.773753000000003,71.6798581,23.66369684232203,16.771645710624313,2652.8194496039127,6,17,45,sparse,low
wheat,Wheat||Gujarat||Porbandar||Porbandar APMC,Wheat,Gujarat,Porbandar,Porbandar APMC,21.6029751,69.8538067,2.6147478535682347,3.0035950073903055,2401.274289476596,2,16,28,sparse,low
wheat,Wheat||Gujarat||Rajkot||Dhoraji APMC,Wheat,Gujarat,Rajkot,Dhoraji APMC,22.3053263,70.8028377,33.92534206355231,79.71571208192347,2531.531938216924,7,23,46,sparse,low
wheat,Wheat||Gujarat||Rajkot||Gondal APMC,Wheat,Gujarat,Rajkot,Gondal APMC,22.3053263,70.8028377,351.3621595073501,338.38521213092355,2807.420467153996,7,23,46,sparse,high
wheat,Wheat||Gujarat||Rajkot||Jasdan APMC,Wheat,Gujarat,Rajkot,Jasdan APMC,22.3053263,70.8028377,31.47908353082555,29.128459334164187,2431.5391517987664,7,23,46,sparse,low
wheat,Wheat||Gujarat||Rajkot||Jetpur(Dist.Rajkot) APMC,Wheat,Gujarat,Rajkot,Jetpur(Dist.Rajkot) APMC,22.3053263,70.8028377,91.4160007204157,148.5570467666011,2750.3107032048556,7,23,46,sparse,medium
wheat,Wheat||Gujarat||Rajkot||Rajkot APMC,Wheat,Gujarat,Rajkot,Rajkot APMC,22.3053263,70.8028377,275.68324992935976,239.3643433124635,2628.909822998582,7,23,46,sparse,high
wheat,Wheat||Gujarat||Sabarkantha||APMCKHEDBRAHMA,Wheat,Gujarat,Sabarkantha,APMCKHEDBRAHMA,23.8688506,73.013784,1.7891034086485278,2.537774780370353,2628.719884794067,6,18,72,sparse,low
wheat,Wheat||Gujarat||Sabarkantha||Himatnagar APMC,Wheat,Gujarat,Sabarkantha,Himatnagar APMC,23.8688506,73.013784,168.50247702876658,270.39300701397303,2662.41645267944,6,18,72,sparse,high
wheat,Wheat||Gujarat||Sabarkantha||Talod APMC,Wheat,Gujarat,Sabarkantha,Talod APMC,23.8688506,73.013784,90.95936480309189,137.19544900256383,2617.22071115081,6,18,72,sparse,medium
wheat,Wheat||Gujarat||Surendranagar||Chotila APMC,Wheat,Gujarat,Surendranagar,Chotila APMC,22.8251395,71.6209736,20.308961821409586,16.682711858669336,2407.4538983833563,4,30,51,sparse,low
wheat,Wheat||Karnataka||Bangalore||Bangalore APMC,Wheat,Karnataka,Bangalore,Bangalore APMC,12.9767936,77.590082,101.28169842722066,62.25666957018003,3730.1606108097703,0,0,1,sparse,medium
wheat,Wheat||Karnataka||Bidar||Basava Kalayana APMC,Wheat,Karnataka,Bidar,Basava Kalayana APMC,18.0207297,77.2487204,4.491294249573609,4.783565966290435,2542.5719048156025,1,2,26,sparse,low
wheat,Wheat||Karnataka||Bidar||Bidar APMC,Wheat,Karnataka,Bidar,Bidar APMC,18.0207297,77.2487204,3.251755805868739,10.614485562818546,3072.958048837423,1,2,26,sparse,low
wheat,Wheat||Karnataka||Gadag||Gadag APMC,Wheat,Karnataka,Gadag,Gadag APMC,15.416692000000001,75.6815801,3.066390293968341,2.5962183242827157,3047.363887561902,0,0,3,sparse,low
wheat,Wheat||Karnataka||Shimoga||Shimoga APMC,Wheat,Karnataka,Shimoga,Shimoga APMC,14.0556503,75.2380553,1.3402988207464415,0.549027341425275,3861.6512171203303,0,0,2,sparse,low
wheat,Wheat||Madhya Pradesh||Alirajpur||Alirajpur APMC,Wheat,Madhya Pradesh,Alirajpur,Alirajpur APMC,22.2859525,74.3545628,33.79462374391806,23.356114076987772,2297.400451101068,2,28,108,sparse,low
wheat,Wheat||Madhya Pradesh||Alirajpur||Jobat APMC,Wheat,Madhya Pradesh,Alirajpur,Jobat APMC,22.2859525,74.3545628,38.21330704098335,32.26114317321765,2338.217423201844,2,28,108,sparse,medium
wheat,Wheat||Madhya Pradesh||Ashoknagar||Ashoknagar APMC,Wheat,Madhya Pradesh,Ashoknagar,Ashoknagar APMC,24.618609500000005,77.8786983,457.87789920343727,469.91461845532297,2727.1200348121783,5,50,187,dense,high
wheat,Wheat||Madhya Pradesh||Badwani||Sendhwa APMC,Wheat,Madhya Pradesh,Badwani,Sendhwa APMC,23.8143419,77.5340719,30.47381534960213,38.66592978026071,2528.4038559694136,8,56,168,dense,low
wheat,Wheat||Madhya Pradesh||Betul||Betul APMC,Wheat,Madhya Pradesh,Betul,Betul APMC,21.8797472,77.8753651,359.6552908798628,249.40640331492537,2456.8731060438404,0,17,127,sparse,high
wheat,Wheat||Madhya Pradesh||Bhind||Alampur APMC,Wheat,Madhya Pradesh,Bhind,Alampur APMC,26.3518828,78.6863189,98.55526500418894,123.51995888764468,2276.640628363647,10,44,192,dense,medium
wheat,Wheat||Madhya Pradesh||Bhind||Bhind APMC,Wheat,Madhya Pradesh,Bhind,Bhind APMC,26.3518828,78.6863189,65.08287181825327,90.92387118787593,2510.6633577645202,10,44,192,dense,medium
wheat,Wheat||Madhya Pradesh||Bhind||Gohad APMC,Wheat,Madhya Pradesh,Bhind,Gohad APMC,26.3518828,78.6863189,98.51721339327047,203.26140193922748,2503.5730064507447,10,44,192,dense,medium
wheat,Wheat||Madhya Pradesh||Bhopal||Berasia APMC,Wheat,Madhya Pradesh,Bhopal,Berasia APMC,23.2584857,77.401989,270.24675602422144,266.6301019967753,2516.8651129682835,13,55,159,dense,high
wheat,Wheat||Madhya Pradesh||Bhopal||Bhopal APMC,Wheat,Madhya Pradesh,Bhopal,Bhopal APMC,23.2584857,77.401989,279.69290325006364,651.8999424729507,2536.1479893309233,13,55,159,dense,high
wheat,Wheat||Madhya Pradesh||Burhanpur||Burhanpur APMC,Wheat,Madhya Pradesh,Burhanpur,Burhanpur APMC,21.334867,76.3708803,9.929229784671822,11.935451742236818,2331.829744891892,3,22,112,sparse,low
wheat,Wheat||Madhya Pradesh||Chhatarpur||Badamalhera APMC,Wheat,Madhya Pradesh,Chhatarpur,Badamalhera APMC,24.760609,79.6781776,276.17234821346284,317.5512557782056,2361.987305195786,16,53,173,dense,high
wheat,Wheat||Madhya Pradesh||Chhatarpur||Bijawar APMC,Wheat,Madhya Pradesh,Chhatarpur,Bijawar APMC,24.760609,79.6781776,138.1415326692773,160.1988218935605,2302.7905743602405,16,53,173,dense,high
wheat,Wheat||Madhya Pradesh||Chhatarpur||Chhatarpur APMC,Wheat,Madhya Pradesh,Chhatarpur,Chhatarpur APMC,24.760609,79.6781776,186.91521268420033,205.48672454751198,2374.72699984034,16,53,173,dense,high
wheat,Wheat||Madhya Pradesh||Chhatarpur||Naugaon APMC,Wheat,Madhya Pradesh,Chhatarpur,Naugaon APMC,24.760609,79.6781776,227.27649500618043,210.7358363576457,2369.981497490267,16,53,173,dense,high
wheat,Wheat||Madhya Pradesh||Chhatarpur||Rajnagar APMC,Wheat,Madhya Pradesh,Chhatarpur,Rajnagar APMC,24.760609,79.6781776,202.8803254373265,173.52596237500705,2199.0252121476997,16,53,173,dense,high
wheat,Wheat||Madhya Pradesh||Chhindwara||Chaurai APMC,Wheat,Madhya Pradesh,Chhindwara,Chaurai APMC,22.2071897,78.798833,52.77773484762631,92.5888169892023,2488.1572548426134,1,21,108,sparse,medium
wheat,Wheat||Madhya Pradesh||Chhindwara||Chhindwara APMC,Wheat,Madhya Pradesh,Chhindwara,Chhindwara APMC,22.2071897,78.798833,675.5811519114633,931.5741608348198,2489.9637353373864,1,21,108,sparse,high
wheat,Wheat||Madhya Pradesh||Damoh||Damoh APMC,Wheat,Madhya Pradesh,Damoh,Damoh APMC,23.7981005,79.5419356,92.90778242469794,92.42835640797135,2387.5039793985884,4,38,133,dense,medium
wheat,Wheat||Madhya Pradesh||Damoh||Javera APMC,Wheat,Madhya Pradesh,Damoh,Javera APMC,23.7981005,79.5419356,93.60915738062509,136.99544262015812,2190.702090860108,4,38,133,dense,medium
wheat,Wheat||Madhya Pradesh||Damoh||Patharia APMC,Wheat,Madhya Pradesh,Damoh,Patharia APMC,23.7981005,79.5419356,82.16191191931692,110.71313216735051,2281.9551735354385,4,38,133,dense,medium
wheat,Wheat||Madhya Pradesh||Datia||Bhander APMC,Wheat,Madhya Pradesh,Datia,Bhander APMC,25.9182947,78.6644962,232.42110999628696,298.5074326747646,2495.7508720045917,11,47,200,dense,high
wheat,Wheat||Madhya Pradesh||Datia||Datia APMC,Wheat,Madhya Pradesh,Datia,Datia APMC,25.9182947,78.6644962,278.3798560620509,460.69307655927594,2436.3538144079444,11,47,200,dense,high
wheat,Wheat||Madhya Pradesh||Datia||Sevda APMC,Wheat,Madhya Pradesh,Datia,Sevda APMC,25.9182947,78.6644962,211.52620644578604,343.34103012326415,2414.431646252591,11,47,200,dense,high
wheat,Wheat||Madhya Pradesh||Dewas||Dewas APMC,Wheat,Madhya Pradesh,Dewas,Dewas APMC,22.8057498,76.2940408,753.1081084937656,908.3915483080988,2460.6173845302374,15,59,141,dense,high
wheat,Wheat||Madhya Pradesh||Dewas||Haatpipliya APMC,Wheat,Madhya Pradesh,Dewas,Haatpipliya APMC,22.8057498,76.2940408,88.74130983351036,119.66995742042778,2421.077935670513,15,59,141,dense,medium
wheat,Wheat||Madhya Pradesh||Dewas||Kannod APMC,Wheat,Madhya Pradesh,Dewas,Kannod APMC,22.8057498,76.2940408,52.44143804731997,111.02127075856792,2380.461892354312,15,59,141,dense,medium
wheat,Wheat||Madhya Pradesh||Dewas||Khategaon APMC,Wheat,Madhya Pradesh,Dewas,Khategaon APMC,22.8057498,76.2940408,213.2679793402614,359.53381325829105,2436.119486405651,15,59,141,dense,high
wheat,Wheat||Madhya Pradesh||Dewas||Loharda APMC,Wheat,Madhya Pradesh,Dewas,Loharda APMC,22.8057498,76.2940408,111.25606843437158,223.08813274542277,2409.6098132369225,15,59,141,dense,medium
wheat,Wheat||Madhya Pradesh||Dewas||Sonkatch APMC,Wheat,Madhya Pradesh,Dewas,Sonkatch APMC,22.8057498,76.2940408,124.22768121477561,180.73731965449855,2392.7230389628994,15,59,141,dense,high
wheat,Wheat||Madhya Pradesh||Dhar||Badnawar APMC,Wheat,Madhya Pradesh,Dhar,Badnawar APMC,22.5786572,75.2258637,262.4739444192174,403.38337888112676,2530.185760952658,13,39,124,dense,high
wheat,Wheat||Madhya Pradesh||Dhar||Dhamnod APMC,Wheat,Madhya Pradesh,Dhar,Dhamnod APMC,22.5786572,75.2258637,42.63329560113849,67.6294596110177,2526.522515316501,13,39,124,dense,medium
wheat,Wheat||Madhya Pradesh||Dhar||Dhar APMC,Wheat,Madhya Pradesh,Dhar,Dhar APMC,22.5786572,75.2258637,565.2199753288204,937.2466621815032,2566.8405510951925,13,39,124,dense,high
wheat,Wheat||Madhya Pradesh||Dhar||Gandhwani APMC,Wheat,Madhya Pradesh,Dhar,Gandhwani APMC,22.5786572,75.2258637,53.42075818594014,55.69723769788125,2471.50981383605,13,39,124,dense,medium
wheat,Wheat||Madhya Pradesh||Dhar||Kukshi APMC,Wheat,Madhya Pradesh,Dhar,Kukshi APMC,22.578657199999995,75.2258637,80.12072433068731,125.6783762528203,2529.086128269027,13,39,124,dense,medium
wheat,Wheat||Madhya Pradesh||Dhar||Manawar APMC,Wheat,Madhya Pradesh,Dhar,Manawar APMC,22.5786572,75.2258637,100.8571114717136,83.73638992542486,2532.820320215803,13,39,124,dense,medium
wheat,Wheat||Madhya Pradesh||Dhar||Rajgarh APMC,Wheat,Madhya Pradesh,Dhar,Rajgarh APMC,22.5786572,75.2258637,191.98371433986773,286.1213736667918,2534.4526419122044,13,39,124,dense,high
wheat,Wheat||Madhya Pradesh||Dindori||Dindori APMC,Wheat,Madhya Pradesh,Dindori,Dindori APMC,22.9070871,80.8846924,17.555666366306212,14.960059827795778,2342.8822599231444,2,11,75,sparse,low
wheat,Wheat||Madhya Pradesh||Guna||Aron APMC,Wheat,Madhya Pradesh,Guna,Aron APMC,24.500177199999996,77.2600959,102.63885858309844,187.09910628948685,2392.043387775148,8,40,180,dense,medium
wheat,Wheat||Madhya Pradesh||Guna||Binaganj APMC,Wheat,Madhya Pradesh,Guna,Binaganj APMC,24.5001772,77.2600959,56.266997700108824,78.86600681410069,2282.532483915895,8,40,180,dense,medium
wheat,Wheat||Madhya Pradesh||Guna||Kumbhraj APMC,Wheat,Madhya Pradesh,Guna,Kumbhraj APMC,24.5001772,77.2600959,51.88803348121889,80.27061610462121,2435.1801428206586,8,40,180,dense,medium
wheat,Wheat||Madhya Pradesh||Guna||Maksudangarh APMC,Wheat,Madhya Pradesh,Guna,Maksudangarh APMC,24.5001772,77.2600959,127.74506395573658,208.10682087894415,2458.2646371951455,8,40,180,dense,high
wheat,Wheat||Madhya Pradesh||Gwalior||Dabra APMC,Wheat,Madhya Pradesh,Gwalior,Dabra APMC,26.2037247,78.1573628,700.5225680976472,1345.0239138772006,2464.9148901395693,9,38,193,dense,high
wheat,Wheat||Madhya Pradesh||Gwalior||Lashkar APMC,Wheat,Madhya Pradesh,Gwalior,Lashkar APMC,26.2037247,78.1573628,77.08386476701612,149.2596824931105,2445.843288704735,9,38,193,dense,medium
wheat,Wheat||Madhya Pradesh||Harda||Harda APMC,Wheat,Madhya Pradesh,Harda,Harda APMC,22.2427973,77.1179173,393.637032496956,450.33193290871156,2472.937406750994,6,41,132,dense,high
wheat,Wheat||Madhya Pradesh||Harda||Khirakiya APMC,Wheat,Madhya Pradesh,Harda,Khirakiya APMC,22.2427973,77.1179173,252.7691678833546,341.8926511612199,2437.910334235851,6,41,132,dense,high
wheat,Wheat||Madhya Pradesh||Harda||Sirali APMC,Wheat,Madhya Pradesh,Harda,Sirali APMC,22.2427973,77.1179173,109.32469669036264,173.2069446216998,2432.322800348845,6,41,132,dense,medium
wheat,Wheat||Madhya Pradesh||Harda||Timarni APMC,Wheat,Madhya Pradesh,Harda,Timarni APMC,22.2427973,77.1179173,226.64415925077842,364.9161940958117,2428.6526248453843,6,41,132,dense,high
wheat,Wheat||Madhya Pradesh||Hoshangabad||Banapura APMC,Wheat,Madhya Pradesh,Hoshangabad,Banapura APMC,22.7545538,77.7198249,290.2620600001382,420.64056909684456,2466.758616791395,12,49,152,dense,high
wheat,Wheat||Madhya Pradesh||Hoshangabad||Bankhedi APMC,Wheat,Madhya Pradesh,Hoshangabad,Bankhedi APMC,22.7545538,77.7198249,269.7253434259952,1334.356634634331,2326.5812961809156,12,49,152,dense,high
wheat,Wheat||Madhya Pradesh||Hoshangabad||Itarsi APMC,Wheat,Madhya Pradesh,Hoshangabad,Itarsi APMC,22.7545538,77.7198249,282.7846630834978,399.9821230519767,2455.990507007359,12,49,152,dense,high
wheat,Wheat||Madhya Pradesh||Hoshangabad||Pipariya APMC,Wheat,Madhya Pradesh,Hoshangabad,Pipariya APMC,22.7545538,77.7198249,588.22037941564,577.4459282766705,2437.167012352377,12,49,152,dense,high
wheat,Wheat||Madhya Pradesh||Hoshangabad||Semriharchand APMC,Wheat,Madhya Pradesh,Hoshangabad,Semriharchand APMC,22.7545538,77.7198249,77.01089519621192,125.17716834231568,2376.437068079908,12,49,152,dense,medium
wheat,Wheat||Madhya Pradesh||Indore||Gautampura APMC,Wheat,Madhya Pradesh,Indore,Gautampura APMC,22.7203616,75.8681996,141.5821631492571,213.3654950336003,2401.6252925152876,22,52,126,dense,high
wheat,Wheat||Madhya Pradesh||Indore||Indore APMC,Wheat,Madhya Pradesh,Indore,Indore APMC,22.7203616,75.8681996,589.1504574612685,1052.4801589768556,2413.1003608702185,22,52,126,dense,high
wheat,Wheat||Madhya Pradesh||Indore||Mhow APMC,Wheat,Madhya Pradesh,Indore,Mhow APMC,22.7203616,75.8681996,139.9015507931063,192.23888439251863,2472.931167063109,22,52,126,dense,high
wheat,Wheat||Madhya Pradesh||Indore||Sanwer APMC,Wheat,Madhya Pradesh,Indore,Sanwer APMC,22.7203616,75.8681996,160.1421010786981,235.57000801271732,2409.0674876784146,22,52,126,dense,high
wheat,Wheat||Madhya Pradesh||Jabalpur||Jabalpur APMC,Wheat,Madhya Pradesh,Jabalpur,Jabalpur APMC,23.1701522,79.9324505,339.83395002558865,308.3827921012633,2420.1366881709578,5,31,101,sparse,high
wheat,Wheat||Madhya Pradesh||Jabalpur||Paatan APMC,Wheat,Madhya Pradesh,Jabalpur,Paatan APMC,23.1701522,79.9324505,136.50207689551874,277.6325205096207,2412.5533314582212,5,31,101,sparse,high
wheat,Wheat||Madhya Pradesh||Jabalpur||Sehora APMC,Wheat,Madhya Pradesh,Jabalpur,Sehora APMC,23.1701522,79.9324505,281.61751220358923,263.98265615346355,2516.895531696548,5,31,101,sparse,high
wheat,Wheat||Madhya Pradesh||Jabalpur||Shahpura(Jabalpur) APMC,Wheat,Madhya Pradesh,Jabalpur,Shahpura(Jabalpur) APMC,23.1701522,79.9324505,22.563547347738677,16.77064480045776,2305.6354468430613,5,31,101,sparse,low
wheat,Wheat||Madhya Pradesh||Jabalpur||Sihora APMC,Wheat,Madhya Pradesh,Jabalpur,Sihora APMC,23.1701522,79.9324505,184.16002799768032,244.78974612394433,2341.8910585306144,5,31,101,sparse,high
wheat,Wheat||Madhya Pradesh||Jhabua||Jhabua APMC,Wheat,Madhya Pradesh,Jhabua,Jhabua APMC,22.8869652,74.7243249,29.27631003296531,37.98105380526998,2406.3515964908916,14,33,110,sparse,low
wheat,Wheat||Madhya Pradesh||Jhabua||Petlawad APMC,Wheat,Madhya Pradesh,Jhabua,Petlawad APMC,22.8869652,74.7243249,170.38574855480852,272.42076035462895,2394.0134985837462,14,33,110,sparse,high
wheat,Wheat||Madhya Pradesh||Jhabua||Thandla APMC,Wheat,Madhya Pradesh,Jhabua,Thandla APMC,22.8869652,74.7243249,45.41657058027842,64.82513722374668,2291.7765021553623,14,33,110,sparse,medium
wheat,Wheat||Madhya Pradesh||Katni||Katni APMC,Wheat,Madhya Pradesh,Katni,Katni APMC,23.7176393,80.26101809999999,406.27173885235965,298.9413955974668,2450.172694338665,9,30,111,sparse,high
wheat,Wheat||Madhya Pradesh||Khandwa||Harsood APMC,Wheat,Madhya Pradesh,Khandwa,Harsood APMC,21.9769779,76.5675344,125.96146642358637,267.81561836305565,2411.871520026521,7,35,131,sparse,high
wheat,Wheat||Madhya Pradesh||Khandwa||Khandwa APMC,Wheat,Madhya Pradesh,Khandwa,Khandwa APMC,21.9769779,76.5675344,424.6841774047436,587.6217469487214,2489.573086527977,7,35,131,sparse,high
wheat,Wheat||Madhya Pradesh||Khandwa||Pandhana APMC,Wheat,Madhya Pradesh,Khandwa,Pandhana APMC,21.9769779,76.5675344,50.61504061797197,94.31287892430689,2416.2593874312684,7,35,131,sparse,medium
wheat,Wheat||Madhya Pradesh||Khargone||Badwaha APMC,Wheat,Madhya Pradesh,Khargone,Badwaha APMC,21.9544729,75.7521248,70.87694399257967,128.29646264605157,2517.1597893417024,5,44,125,dense,medium
wheat,Wheat||Madhya Pradesh||Khargone||Bhikangaon APMC,Wheat,Madhya Pradesh,Khargone,Bhikangaon APMC,21.9544729,75.7521248,110.88165785947275,192.66897783867302,2484.9956503721405,5,44,125,dense,medium
wheat,Wheat||Madhya Pradesh||Khargone||Karhi APMC,Wheat,Madhya Pradesh,Khargone,Karhi APMC,21.9544729,75.7521248,44.45528722838045,61.4185732884279,2491.78216056111,5,44,125,dense,medium
wheat,Wheat||Madhya Pradesh||Khargone||Kasrawad APMC,Wheat,Madhya Pradesh,Khargone,Kasrawad APMC,21.9544729,75.7521248,171.65370033277853,157.1323028087243,2537.0013681508262,5,44,125,dense,high
wheat,Wheat||Madhya Pradesh||Khargone||Khargone APMC,Wheat,Madhya Pradesh,Khargone,Khargone APMC,21.9544729,75.7521248,224.60420983268065,247.1905352384543,2649.331436615592,5,44,125,dense,high
wheat,Wheat||Madhya Pradesh||Khargone||Sanawad APMC,Wheat,Madhya Pradesh,Khargone,Sanawad APMC,21.9544729,75.7521248,70.57643289699361,59.63337888064828,2473.982645254187,5,44,125,dense,medium
wheat,Wheat||Madhya Pradesh||Mandla||Bichhiya APMC,Wheat,Madhya Pradesh,Mandla,Bichhiya APMC,22.6871074,80.5816341,10.755186055891013,12.487517572159133,2294.428285262299,2,11,73,sparse,low
wheat,Wheat||Madhya Pradesh||Mandla||Mandla APMC,Wheat,Madhya Pradesh,Mandla,Mandla APMC,22.6871074,80.5816341,44.17115079179387,39.573361896562574,2348.3899184992238,2,11,73,sparse,medium
wheat,Wheat||Madhya Pradesh||Mandsaur||Bhanpura APMC,Wheat,Madhya Pradesh,Mandsaur,Bhanpura APMC,24.2628148,75.385692,6.629462820757135,9.775372674509303,2258.5448227574398,7,36,129,sparse,low
wheat,Wheat||Madhya Pradesh||Mandsaur||Daloda APMC,Wheat,Madhya Pradesh,Mandsaur,Daloda APMC,24.2628148,75.385692,153.52453908960283,151.85131288900737,2491.3866510619882,7,36,129,sparse,high
wheat,Wheat||Madhya Pradesh||Mandsaur||Mandsaur APMC,Wheat,Madhya Pradesh,Mandsaur,Mandsaur APMC,24.262814799999997,75.385692,358.5451535931468,300.0217707229751,2580.431167402165,7,36,129,sparse,high
wheat,Wheat||Madhya Pradesh||Mandsaur||Piplya APMC,Wheat,Madhya Pradesh,Mandsaur,Piplya APMC,24.2628148,75.385692,34.401164439207385,42.735734430503655,2564.4301432757516,7,36,129,sparse,low
wheat,Wheat||Madhya Pradesh||Mandsaur||Shamgarh APMC,Wheat,Madhya Pradesh,Mandsaur,Shamgarh APMC,24.2628148,75.385692,23.817329191831043,34.98986655901582,2378.131998019431,7,36,129,sparse,low
wheat,Wheat||Madhya Pradesh||Mandsaur||Sitmau APMC,Wheat,Madhya Pradesh,Mandsaur,Sitmau APMC,24.2628148,75.385692,41.141622254450304,59.115669470860716,2495.2695338096614,7,36,129,sparse,medium
wheat,Wheat||Madhya Pradesh||Morena||Morena APMC,Wheat,Madhya Pradesh,Morena,Morena APMC,26.3849794,77.8612721,85.03498057044426,129.3460994846491,2514.0896740662592,3,41,151,dense,medium
wheat,Wheat||Madhya Pradesh||Morena||Sabalgarh APMC,Wheat,Madhya Pradesh,Morena,Sabalgarh APMC,26.3849794,77.8612721,7.775328544055407,12.639451718121672,2330.235887957915,3,41,151,dense,low
wheat,Wheat||Madhya Pradesh||Narsinghpur||Gadarwada APMC,Wheat,Madhya Pradesh,Narsinghpur,Gadarwada APMC,22.934556,79.0867849,120.54754340441015,166.25354536612068,2465.9684982116623,3,37,120,dense,high
wheat,Wheat||Madhya Pradesh||Narsinghpur||Gotegaon APMC,Wheat,Madhya Pradesh,Narsinghpur,Gotegaon APMC,22.934556,79.0867849,54.589697317403136,80.0378754032543,2363.8838960229423,3,37,120,dense,medium
wheat,Wheat||Madhya Pradesh||Narsinghpur||Kareli APMC,Wheat,Madhya Pradesh,Narsinghpur,Kareli APMC,22.934556,79.0867849,52.09459514416976,53.47327553400941,2285.38226405394,3,37,120,dense,medium
wheat,Wheat||Madhya Pradesh||Narsinghpur||Narsinghpur APMC,Wheat,Madhya Pradesh,Narsinghpur,Narsinghpur APMC,22.934556,79.0867849,83.73927936301742,96.36830840642061,2474.5138867858227,3,37,120,dense,medium
wheat,Wheat||Madhya Pradesh||Neemuch||Manasa APMC,Wheat,Madhya Pradesh,Neemuch,Manasa APMC,24.6305517,75.1829,69.71340861453785,63.62055182108343,2657.6467332144157,9,25,119,sparse,medium
wheat,Wheat||Madhya Pradesh||Neemuch||Neemuch APMC,Wheat,Madhya Pradesh,Neemuch,Neemuch APMC,24.6305517,75.1829,408.28965995140794,445.09083119189194,2481.66071220586,9,25,119,sparse,high
wheat,Wheat||Madhya Pradesh||Panna||Ajaygarh APMC,Wheat,Madhya Pradesh,Panna,Ajaygarh APMC,24.4498931,80.1462723,27.864605549928296,19.304668994027896,2360.7802587840647,13,43,143,dense,low
wheat,Wheat||Madhya Pradesh||Panna||Panna APMC,Wheat,Madhya Pradesh,Panna,Panna APMC,24.4498931,80.1462723,82.44454493616972,83.1847312815511,2307.925564791576,13,43,143,dense,medium
wheat,Wheat||Madhya Pradesh||Panna||Pawai APMC,Wheat,Madhya Pradesh,Panna,Pawai APMC,24.4498931,80.1462723,3.794732554671201,4.245561492949893,2210.1675833550357,13,43,143,dense,low
wheat,Wheat||Madhya Pradesh||Panna||Simariya APMC,Wheat,Madhya Pradesh,Panna,Simariya APMC,24.4498931,80.1462723,59.17997455012496,53.9124738618883,2146.5748960228793,13,43,143,dense,medium
wheat,Wheat||Madhya Pradesh||Raisen||Bareli APMC,Wheat,Madhya Pradesh,Raisen,Bareli APMC,23.2675909,78.1727134,46.70033252211528,56.16385726898419,2361.435262704028,15,39,142,dense,medium
wheat,Wheat||Madhya Pradesh||Raisen||Begamganj APMC,Wheat,Madhya Pradesh,Raisen,Begamganj APMC,23.2675909,78.1727134,283.35471620554915,669.4904166334239,2286.97765703213,15,39,142,dense,high
wheat,Wheat||Madhya Pradesh||Raisen||Gairatganj APMC,Wheat,Madhya Pradesh,Raisen,Gairatganj APMC,23.2675909,78.1727134,532.3097466351595,1097.2237909364264,2360.0441263181056,15,39,142,dense,high
wheat,Wheat||Madhya Pradesh||Raisen||Obedullaganj APMC,Wheat,Madhya Pradesh,Raisen,Obedullaganj APMC,23.2675909,78.1727134,61.72568554979417,80.56402476017159,2402.333262082188,15,39,142,dense,medium
wheat,Wheat||Madhya Pradesh||Raisen||Silvani APMC,Wheat,Madhya Pradesh,Raisen,Silvani APMC,23.2675909,78.1727134,45.023063634152344,48.969667273309334,2391.777100805942,15,39,142,dense,medium
wheat,Wheat||Madhya Pradesh||Raisen||Udaipura APMC,Wheat,Madhya Pradesh,Raisen,Udaipura APMC,23.2675909,78.1727134,54.18374513128828,74.28742490220401,2319.9399394192287,15,39,142,dense,medium
wheat,Wheat||Madhya Pradesh||Rajgarh||Biaora APMC,Wheat,Madhya Pradesh,Rajgarh,Biaora APMC,23.8716707,76.7744703,252.64552451787893,317.3287650529443,2547.460331151886,16,57,162,dense,high
wheat,Wheat||Madhya Pradesh||Rajgarh||Jeerapur APMC,Wheat,Madhya Pradesh,Rajgarh,Jeerapur APMC,23.8716707,76.7744703,147.23392230579998,167.57556589766267,2366.668493729771,16,57,162,dense,high
wheat,Wheat||Madhya Pradesh||Rajgarh||Khilchipur APMC,Wheat,Madhya Pradesh,Rajgarh,Khilchipur APMC,23.8716707,76.7744703,117.53395724583008,198.1597950706961,2268.22418242641,16,57,162,dense,medium
wheat,Wheat||Madhya Pradesh||Rajgarh||Kurawar APMC,Wheat,Madhya Pradesh,Rajgarh,Kurawar APMC,23.8716707,76.7744703,149.2563011503233,184.74144250047786,2439.6342153250307,16,57,162,dense,high
wheat,Wheat||Madhya Pradesh||Rajgarh||Narsinghgarh APMC,Wheat,Madhya Pradesh,Rajgarh,Narsinghgarh APMC,23.8716707,76.7744703,140.87552769578477,176.10631213736036,2544.070974932177,16,57,162,dense,high
wheat,Wheat||Madhya Pradesh||Rajgarh||Pachaur APMC,Wheat,Madhya Pradesh,Rajgarh,Pachaur APMC,23.8716707,76.7744703,289.48964577378604,328.02714681091146,2488.3307009575697,16,57,162,dense,high
wheat,Wheat||Madhya Pradesh||Rajgarh||Sarangpur APMC,Wheat,Madhya Pradesh,Rajgarh,Sarangpur APMC,23.871670700000003,76.7744703,100.84887891744883,161.42368870065167,2408.9974784612227,16,57,162,dense,medium
wheat,Wheat||Madhya Pradesh||Ratlam||A lot APMC,Wheat,Madhya Pradesh,Ratlam,A lot APMC,23.5022201,74.9551534,689.2341945281955,1553.7911139661771,2340.0005947280015,7,37,134,dense,high
wheat,Wheat||Madhya Pradesh||Ratlam||Jaora APMC,Wheat,Madhya Pradesh,Ratlam,Jaora APMC,23.5022201,74.9551534,645.6375504852713,558.7759783566792,2586.425467299887,7,37,134,dense,high
wheat,Wheat||Madhya Pradesh||Ratlam||Ratlam APMC,Wheat,Madhya Pradesh,Ratlam,Ratlam APMC,23.5022201,74.9551534,442.483835839684,525.6515321059418,2651.622673620831,7,37,134,dense,high
wheat,Wheat||Madhya Pradesh||Ratlam||Sailana APMC,Wheat,Madhya Pradesh,Ratlam,Sailana APMC,23.5022201,74.9551534,107.53072919934579,187.1894953396069,2596.8856683945733,7,37,134,dense,medium
wheat,Wheat||Madhya Pradesh||Rewa||Baikunthpur APMC,Wheat,Madhya Pradesh,Rewa,Baikunthpur APMC,24.7560846,81.3810574,97.11706871802964,76.06834232427482,2337.7145662115336,10,26,126,sparse,medium
wheat,Wheat||Madhya Pradesh||Rewa||Chaakghat APMC,Wheat,Madhya Pradesh,Rewa,Chaakghat APMC,24.756084600000005,81.3810574,39.28523949203234,46.713179577925565,2341.3026456836296,10,26,126,sparse,medium
wheat,Wheat||Madhya Pradesh||Rewa||Hanumana APMC,Wheat,Madhya Pradesh,Rewa,Hanumana APMC,24.756084600000005,81.3810574,43.55564253303841,26.720413277011666,2301.1010369705355,10,26,126,sparse,medium
wheat,Wheat||Madhya Pradesh||Rewa||Rewa APMC,Wheat,Madhya Pradesh,Rewa,Rewa APMC,24.7560846,81.3810574,120.27501930656832,91.54954975431878,2478.9820246197305,10,26,126,sparse,high
wheat,Wheat||Madhya Pradesh||Sagar||Banda APMC,Wheat,Madhya Pradesh,Sagar,Banda APMC,23.8083076,78.758254,29.515817637413708,38.63247569679537,2254.461483469336,8,47,150,dense,low
wheat,Wheat||Madhya Pradesh||Sagar||Bina APMC,Wheat,Madhya Pradesh,Sagar,Bina APMC,23.8083076,78.758254,111.64177901151197,118.65407066055313,2693.193020848674,8,47,150,dense,medium
wheat,Wheat||Madhya Pradesh||Sagar||Deori APMC,Wheat,Madhya Pradesh,Sagar,Deori APMC,23.8083076,78.758254,73.58418781166891,70.76165105029186,2464.0846461186816,8,47,150,dense,medium
wheat,Wheat||Madhya Pradesh||Sagar||Garhakota APMC,Wheat,Madhya Pradesh,Sagar,Garhakota APMC,23.808307599999996,78.758254,39.522746804429126,45.36473107179613,2283.080691828899,8,47,150,dense,medium
wheat,Wheat||Madhya Pradesh||Sagar||Kesli APMC,Wheat,Madhya Pradesh,Sagar,Kesli APMC,23.808307599999996,78.758254,42.49649177804317,32.78981599728958,2244.9622675624005,8,47,150,dense,medium
wheat,Wheat||Madhya Pradesh||Sagar||Khurai APMC,Wheat,Madhya Pradesh,Sagar,Khurai APMC,23.8083076,78.758254,80.50175379614394,108.81147274526741,2559.993466342194,8,47,150,dense,medium
wheat,Wheat||Madhya Pradesh||Sagar||Rahatgarh APMC,Wheat,Madhya Pradesh,Sagar,Rahatgarh APMC,23.8083076,78.758254,30.38882140260859,34.614571506853,2363.106916613367,8,47,150,dense,low
wheat,Wheat||Madhya Pradesh||Sagar||Sagar APMC,Wheat,Madhya Pradesh,Sagar,Sagar APMC,23.808307599999996,78.758254,243.99582346802583,334.06863056922816,2383.274753631937,8,47,150,dense,high
wheat,Wheat||Madhya Pradesh||Sagar||Shahagarh APMC,Wheat,Madhya Pradesh,Sagar,Shahagarh APMC,23.808307600000003,78.758254,89.45725653127151,104.6198024012628,2326.3018965152005,8,47,150,dense,medium
wheat,Wheat||Madhya Pradesh||Satna||Amarpatan APMC,Wheat,Madhya Pradesh,Satna,Amarpatan APMC,24.695444499999997,80.7770348,48.344498037153464,44.90231295031254,2340.195885265803,13,36,140,sparse,medium
wheat,Wheat||Madhya Pradesh||Satna||Mehar APMC,Wheat,Madhya Pradesh,Satna,Mehar APMC,24.6954445,80.7770348,91.51253379354515,64.53609943017435,2313.429037040583,13,36,140,sparse,medium
wheat,Wheat||Madhya Pradesh||Satna||Nagod APMC,Wheat,Madhya Pradesh,Satna,Nagod APMC,24.6954445,80.7770348,183.21242203580093,133.3058943614533,2365.519341781868,13,36,140,sparse,high
wheat,Wheat||Madhya Pradesh||Satna||Ramnagar APMC,Wheat,Madhya Pradesh,Satna,Ramnagar APMC,24.6954445,80.7770348,29.209021550625113,20.08042031107865,2287.7124021399823,13,36,140,sparse,low
wheat,Wheat||Madhya Pradesh||Satna||Satna APMC,Wheat,Madhya Pradesh,Satna,Satna APMC,24.6954445,80.7770348,1179.4623361006995,1990.814965757371,2423.9305302615767,13,36,140,sparse,high
wheat,Wheat||Madhya Pradesh||Sehore||Ashta APMC,Wheat,Madhya Pradesh,Sehore,Ashta APMC,23.1150041,77.0665356,668.9232758760195,647.8607263507542,2580.661215335682,11,64,157,dense,high
wheat,Wheat||Madhya Pradesh||Sehore||Ichhawar APMC,Wheat,Madhya Pradesh,Sehore,Ichhawar APMC,23.1150041,77.0665356,152.9442203774283,447.22296305455905,2482.850214149519,11,64,157,dense,high
wheat,Wheat||Madhya Pradesh||Sehore||Jawar APMC,Wheat,Madhya Pradesh,Sehore,Jawar APMC,23.1150041,77.0665356,102.35467244072564,135.81541872973418,2494.699099988802,11,64,157,dense,medium
wheat,Wheat||Madhya Pradesh||Sehore||Nasrullaganj APMC,Wheat,Madhya Pradesh,Sehore,Nasrullaganj APMC,23.1150041,77.0665356,286.3704296880672,520.5478427322706,2393.657958362541,11,64,157,dense,high
wheat,Wheat||Madhya Pradesh||Sehore||Sehore APMC,Wheat,Madhya Pradesh,Sehore,Sehore APMC,23.1150041,77.0665356,367.92637957264986,423.07093081988484,2812.2659231272937,11,64,157,dense,high
wheat,Wheat||Madhya Pradesh||Seoni||Chhpara APMC,Wheat,Madhya Pradesh,Seoni,Chhpara APMC,22.2748109,79.7202522,119.6791275940572,145.36395932919902,2206.661353719579,1,17,87,sparse,high
wheat,Wheat||Madhya Pradesh||Seoni||Seoni APMC,Wheat,Madhya Pradesh,Seoni,Seoni APMC,22.2748109,79.7202522,183.15557268324295,279.64796440526385,2430.448785434543,1,17,87,sparse,high
wheat,Wheat||Madhya Pradesh||Shajapur||Agar APMC,Wheat,Madhya Pradesh,Shajapur,Agar APMC,23.4171002,76.6074794,324.74527786548975,474.54295407075506,2403.6972914896937,16,59,145,dense,high
wheat,Wheat||Madhya Pradesh||Shajapur||Kalapipal APMC,Wheat,Madhya Pradesh,Shajapur,Kalapipal APMC,23.417100200000004,76.6074794,234.26327606919202,863.5067705917863,2333.5661077853356,16,59,145,dense,high
wheat,Wheat||Madhya Pradesh||Shajapur||Nalkehda APMC,Wheat,Madhya Pradesh,Shajapur,Nalkehda APMC,23.4171002,76.6074794,59.59763689807853,91.10998232831686,2364.197962539875,16,59,145,dense,medium
wheat,Wheat||Madhya Pradesh||Shajapur||Shajapur APMC,Wheat,Madhya Pradesh,Shajapur,Shajapur APMC,23.417100199999997,76.6074794,92.82294803012354,146.88548944921627,2380.7811710522265,16,59,145,dense,medium
wheat,Wheat||Madhya Pradesh||Shajapur||Susner APMC,Wheat,Madhya Pradesh,Shajapur,Susner APMC,23.4171002,76.6074794,63.803106542282706,121.47914269481747,2235.29651000594,16,59,145,dense,medium
wheat,Wheat||Madhya Pradesh||Shehdol||Beohari APMC,Wheat,Madhya Pradesh,Shehdol,Beohari APMC,23.8143419,77.5340719,41.608272426411496,33.37826870053799,2401.6840061155053,8,56,168,dense,medium
wheat,Wheat||Madhya Pradesh||Sheopur||Sheopurbadod APMC,Wheat,Madhya Pradesh,Sheopur,Sheopurbadod APMC,25.7499267,76.9212945,30.7978705897718,50.92462349884607,2305.2320691595332,4,35,148,sparse,low
wheat,Wheat||Madhya Pradesh||Sheopur||Sheopurkalan APMC,Wheat,Madhya Pradesh,Sheopur,Sheopurkalan APMC,25.7499267,76.9212945,233.0074206942273,461.8902340108585,2299.6570761990083,4,35,148,sparse,high
wheat,Wheat||Madhya Pradesh||Shivpuri||Karera APMC,Wheat,Madhya Pradesh,Shivpuri,Karera APMC,25.374121599999995,77.8278866,118.95107047173478,141.26206340035955,2417.2020357659167,2,37,179,dense,high
wheat,Wheat||Madhya Pradesh||Shivpuri||Khaniadhana APMC,Wheat,Madhya Pradesh,Shivpuri,Khaniadhana APMC,25.374121600000002,77.8278866,119.38590929790885,126.34392693713006,2239.3203842820812,2,37,179,dense,high
wheat,Wheat||Madhya Pradesh||Shivpuri||Kolaras APMC,Wheat,Madhya Pradesh,Shivpuri,Kolaras APMC,25.3741216,77.8278866,33.68599042270623,39.3524986821933,2280.04936918365,2,37,179,dense,low
wheat,Wheat||Madhya Pradesh||Sidhi||Sidhi APMC,Wheat,Madhya Pradesh,Sidhi,Sidhi APMC,24.211268700000005,81.7000415,70.58273195204394,61.543891938353276,2224.5832068012573,4,15,87,sparse,medium
wheat,Wheat||Madhya Pradesh||Tikamgarh||Jatara APMC,Wheat,Madhya Pradesh,Tikamgarh,Jatara APMC,24.855210499999995,79.0472546,116.30785281781681,93.2448051596352,2310.7809805229176,11,51,190,dense,medium
wheat,Wheat||Madhya Pradesh||Tikamgarh||Khargapur APMC,Wheat,Madhya Pradesh,Tikamgarh,Khargapur APMC,24.8552105,79.0472546,227.00970119351857,207.56155434376475,2357.6899704143025,11,51,190,dense,high
wheat,Wheat||Madhya Pradesh||Tikamgarh||Niwadi APMC,Wheat,Madhya Pradesh,Tikamgarh,Niwadi APMC,24.855210499999995,79.0472546,331.4175175679502,258.76624549570255,2392.6168854679418,11,51,190,dense,high
wheat,Wheat||Madhya Pradesh||Tikamgarh||Palera APMC,Wheat,Madhya Pradesh,Tikamgarh,Palera APMC,24.855210500000002,79.0472546,1.3882693240310442,4.512372925439258,2211.7763516530135,11,51,190,dense,low
wheat,Wheat||Madhya Pradesh||Tikamgarh||Prithvipur APMC,Wheat,Madhya Pradesh,Tikamgarh,Prithvipur APMC,24.8552105,79.0472546,122.0915538597863,158.27971054698503,2342.825297142588,11,51,190,dense,high
wheat,Wheat||Madhya Pradesh||Tikamgarh||Tikamgarh APMC,Wheat,Madhya Pradesh,Tikamgarh,Tikamgarh APMC,24.8552105,79.0472546,451.5427680765279,805.8688057520827,2412.286289456381,11,51,190,dense,high
wheat,Wheat||Madhya Pradesh||Ujjain||Badnagar APMC,Wheat,Madhya Pradesh,Ujjain,Badnagar APMC,23.1885131,75.7716562,275.7523184246756,539.3978360832817,2539.0527943992893,15,64,134,dense,high
wheat,Wheat||Madhya Pradesh||Ujjain||Khachrod APMC,Wheat,Madhya Pradesh,Ujjain,Khachrod APMC,23.1885131,75.7716562,304.12324882600217,792.140296378468,2359.2937520427968,15,64,134,dense,high
wheat,Wheat||Madhya Pradesh||Ujjain||Mahidpur APMC,Wheat,Madhya Pradesh,Ujjain,Mahidpur APMC,23.1885131,75.7716562,541.079985801939,1337.3877913525396,2301.388654178658,15,64,134,dense,high
wheat,Wheat||Madhya Pradesh||Ujjain||Nagda APMC,Wheat,Madhya Pradesh,Ujjain,Nagda APMC,23.1885131,75.7716562,313.3020655843108,1239.982660329667,2389.193134391369,15,64,134,dense,high
wheat,Wheat||Madhya Pradesh||Ujjain||Tarana APMC,Wheat,Madhya Pradesh,Ujjain,Tarana APMC,23.1885131,75.7716562,457.88578336341567,1196.4263934181433,2303.4188226858073,15,64,134,dense,high
wheat,Wheat||Madhya Pradesh||Ujjain||Ujjain APMC,Wheat,Madhya Pradesh,Ujjain,Ujjain APMC,23.1885131,75.7716562,538.5544545315125,655.395483120122,2529.00431766336,15,64,134,dense,high
wheat,Wheat||Madhya Pradesh||Umariya||Umariya APMC,Wheat,Madhya Pradesh,Umariya,Umariya APMC,23.8699867,79.5527381,98.92021804804222,80.60131757991158,2319.37065703903,4,38,137,dense,medium
wheat,Wheat||Madhya Pradesh||Vidisha||Ganjbasoda APMC,Wheat,Madhya Pradesh,Vidisha,Ganjbasoda APMC,23.8463004,77.8370209,552.9861213755657,869.4124613210251,2666.07864978934,12,56,168,dense,high
wheat,Wheat||Madhya Pradesh||Vidisha||Lateri APMC,Wheat,Madhya Pradesh,Vidisha,Lateri APMC,23.8463004,77.8370209,57.024006943046146,87.73174112871183,2433.991148055521,12,56,168,dense,medium
wheat,Wheat||Madhya Pradesh||Vidisha||Shamshabad APMC,Wheat,Madhya Pradesh,Vidisha,Shamshabad APMC,23.8463004,77.8370209,34.29065511850841,44.24185123585741,2472.6484555635648,12,56,168,dense,low
wheat,Wheat||Madhya Pradesh||Vidisha||Sironj APMC,Wheat,Madhya Pradesh,Vidisha,Sironj APMC,23.8463004,77.8370209,230.60052697831318,332.0940439029806,2765.322848734017,12,56,168,dense,high
wheat,Wheat||Madhya Pradesh||Vidisha||Vidisha APMC,Wheat,Madhya Pradesh,Vidisha,Vidisha APMC,23.8463004,77.8370209,823.6748397836767,2299.8989663571847,2728.699609606674,12,56,168,dense,high
wheat,Wheat||Maharashtra||Ahmednagar||Kopargaon APMC,Wheat,Maharashtra,Ahmednagar,Kopargaon APMC,19.1627725,74.8580243,12.283989647419103,18.28170034894655,2587.2298000675187,4,11,40,sparse,low
wheat,Wheat||Maharashtra||Ahmednagar||Rahata APMC,Wheat,Maharashtra,Ahmednagar,Rahata APMC,19.1627725,74.8580243,3.194095096302823,2.9117472447106407,2546.495603771493,4,11,40,sparse,low
wheat,Wheat||Maharashtra||Ahmednagar||Rahuri(Vambori) APMC,Wheat,Maharashtra,Ahmednagar,Rahuri(Vambori) APMC,19.1627725,74.8580243,3.0166638363768854,2.4889480781404623,2338.57241428664,4,11,40,sparse,low
wheat,Wheat||Maharashtra||Ahmednagar||Shevgaon APMC,Wheat,Maharashtra,Ahmednagar,Shevgaon APMC,19.1627725,74.8580243,7.40395919277801,15.659345945201856,2549.815953066639,4,11,40,sparse,low
wheat,Wheat||Maharashtra||Ahmednagar||Shevgaon(Bodhegaon) APMC,Wheat,Maharashtra,Ahmednagar,Shevgaon(Bodhegaon) APMC,19.1627725,74.8580243,1.3335146337681199,0.8058590694600022,2476.2752016562054,4,11,40,sparse,low
wheat,Wheat||Maharashtra||Akola||Akola APMC,Wheat,Maharashtra,Akola,Akola APMC,20.7618123,77.1921157,20.1021516139689,22.12270241260623,2571.8524647826616,0,11,79,sparse,low
wheat,Wheat||Maharashtra||Amarawati||Amarawati APMC,Wheat,Maharashtra,Amarawati,Amarawati APMC,19.5670323,76.4164557,43.515087242869285,64.99487686718307,2549.2722034283906,9,17,48,sparse,medium
wheat,Wheat||Maharashtra||Beed||Gevrai APMC,Wheat,Maharashtra,Beed,Gevrai APMC,18.9918442,75.909784,9.585433493003427,7.907847239434599,2606.0552277623383,2,17,39,sparse,low
wheat,Wheat||Maharashtra||Beed||Majalgaon APMC,Wheat,Maharashtra,Beed,Majalgaon APMC,18.9918442,75.909784,4.086470639441906,5.370698974020492,2705.5864299237537,2,17,39,sparse,low
wheat,Wheat||Maharashtra||Buldhana||Chikali APMC,Wheat,Maharashtra,Buldhana,Chikali APMC,20.562845,76.4086986,6.551493805650124,8.074209470987666,2343.9876294917894,5,19,87,sparse,low
wheat,Wheat||Maharashtra||Buldhana||Deoulgaon Raja APMC,Wheat,Maharashtra,Buldhana,Deoulgaon Raja APMC,20.562845,76.4086986,2.1455129269745585,2.217291530203536,2477.847382835931,5,19,87,sparse,low
wheat,Wheat||Maharashtra||Buldhana||Khamgaon APMC,Wheat,Maharashtra,Buldhana,Khamgaon APMC,20.562845,76.4086986,22.053652703456343,18.714822233311715,2285.739509891685,5,19,87,sparse,low
wheat,Wheat||Maharashtra||Buldhana||Lonar APMC,Wheat,Maharashtra,Buldhana,Lonar APMC,20.562845,76.4086986,13.840937042326628,35.03227594249232,2394.3664525217014,5,19,87,sparse,low
wheat,Wheat||Maharashtra||Buldhana||Malkapur APMC,Wheat,Maharashtra,Buldhana,Malkapur APMC,20.562845,76.4086986,29.977470122868883,33.423008344503856,2512.792246805219,5,19,87,sparse,low
wheat,Wheat||Maharashtra||Buldhana||Mehekar APMC,Wheat,Maharashtra,Buldhana,Mehekar APMC,20.562845,76.4086986,6.011599171427513,4.823208405800292,2430.8899856908756,5,19,87,sparse,low
wheat,Wheat||Maharashtra||Chattrapati Sambhajinagar||Chattrapati Sambhajinagar APMC,Wheat,Maharashtra,Chattrapati Sambhajinagar,Chattrapati Sambhajinagar APMC,19.5670323,76.4164557,4.097239405789289,3.985592624234127,2581.462104698875,9,17,48,sparse,low
wheat,Wheat||Maharashtra||Chattrapati Sambhajinagar||Kannad APMC,Wheat,Maharashtra,Chattrapati Sambhajinagar,Kannad APMC,19.5670323,76.4164557,4.6524988590800085,25.16770295680658,2561.6054831866,9,17,48,sparse,low
wheat,Wheat||Maharashtra||Chattrapati Sambhajinagar||Lasur Station APMC,Wheat,Maharashtra,Chattrapati Sambhajinagar,Lasur Station APMC,19.5670323,76.4164557,19.271901766676475,15.48982564811218,2507.646544709938,9,17,48,sparse,low
wheat,Wheat||Maharashtra||Chattrapati Sambhajinagar||Paithan APMC,Wheat,Maharashtra,Chattrapati Sambhajinagar,Paithan APMC,19.5670323,76.4164557,5.843100002271213,6.076364489836587,2685.8106069845576,9,17,48,sparse,low
wheat,Wheat||Maharashtra||Chattrapati Sambhajinagar||Sillod APMC,Wheat,Maharashtra,Chattrapati Sambhajinagar,Sillod APMC,19.5670323,76.4164557,8.114557042832537,11.135070790963965,2504.210212170669,9,17,48,sparse,low
wheat,Wheat||Maharashtra||Dharashiv(Usmanabad)||Kalamb (Dharashiv) APMC,Wheat,Maharashtra,Dharashiv(Usmanabad),Kalamb (Dharashiv) APMC,19.5670323,76.4164557,4.54394113774572,6.514756713857925,2712.215426593955,9,17,48,sparse,low
wheat,Wheat||Maharashtra||Dhule||Dhule APMC,Wheat,Maharashtra,Dhule,Dhule APMC,21.1305215,74.4900614,24.54450370199699,42.54138160197249,2670.4307361413235,3,10,90,sparse,low
wheat,Wheat||Maharashtra||Dhule||Dondaicha APMC,Wheat,Maharashtra,Dhule,Dondaicha APMC,21.1305215,74.4900614,49.656250656732766,93.39821122356132,2639.574989983915,3,10,90,sparse,medium
wheat,Wheat||Maharashtra||Dhule||Shirpur APMC,Wheat,Maharashtra,Dhule,Shirpur APMC,21.1305215,74.4900614,25.13945642743409,44.24426255572656,2382.5957647727723,3,10,90,sparse,low
wheat,Wheat||Maharashtra||Jalana||Jalana APMC,Wheat,Maharashtra,Jalana,Jalana APMC,19.6139567,75.796126,33.14621414827648,18.209828226011766,2531.5975247436936,11,24,48,sparse,low
wheat,Wheat||Maharashtra||Jalgaon||Amalner APMC,Wheat,Maharashtra,Jalgaon,Amalner APMC,20.8428827,75.5261246,43.97877607879156,97.12961899698348,2654.131988139501,1,19,83,sparse,medium
wheat,Wheat||Maharashtra||Jalgaon||Pachora APMC,Wheat,Maharashtra,Jalgaon,Pachora APMC,20.8428827,75.5261246,14.315517840346734,19.672816820476985,2555.90091593728,1,19,83,sparse,low
wheat,Wheat||Maharashtra||Mumbai||Mumbai APMC,Wheat,Maharashtra,Mumbai,Mumbai APMC,19.054999,72.8692035,689.8745897871246,252.7591578783889,4184.12816632474,2,6,16,sparse,high
wheat,Wheat||Maharashtra||Nagpur||Katol APMC,Wheat,Maharashtra,Nagpur,Katol APMC,21.1498134,79.0820556,4.3018758864157425,4.712271610875941,2409.882666627136,2,7,61,sparse,low
wheat,Wheat||Maharashtra||Nagpur||Nagpur APMC,Wheat,Maharashtra,Nagpur,Nagpur APMC,21.1498134,79.0820556,65.47876414784557,63.263727448040925,2924.0933188481617,2,7,61,sparse,medium
wheat,Wheat||Maharashtra||Nandurbar||Shahada APMC,Wheat,Maharashtra,Nandurbar,Shahada APMC,21.5141622,74.5405513,13.19402953906864,21.06099712579288,2410.9642507879594,3,20,96,sparse,low
wheat,Wheat||Maharashtra||Nashik||Lasalgaon(Niphad) APMC,Wheat,Maharashtra,Nashik,Lasalgaon(Niphad) APMC,20.0112475,73.7902364,7.508885068778564,9.927945376297838,2592.633063635367,2,12,50,sparse,low
wheat,Wheat||Maharashtra||Nashik||Malegaon APMC,Wheat,Maharashtra,Nashik,Malegaon APMC,20.0112475,73.7902364,16.71494726897429,25.519046777003105,2516.2162670352095,2,12,50,sparse,low
wheat,Wheat||Maharashtra||Nashik||Nandgaon APMC,Wheat,Maharashtra,Nashik,Nandgaon APMC,20.0112475,73.7902364,3.5781032916897737,3.537488658812398,2625.3558976098248,2,12,50,sparse,low
wheat,Wheat||Maharashtra||Pune||Pune APMC,Wheat,Maharashtra,Pune,Pune APMC,18.5213738,73.8545071,47.08409930686522,34.35088271122187,4683.72222709514,0,8,28,sparse,medium
wheat,Wheat||Maharashtra||Raigad||Karjat(Raigad) APMC,Wheat,Maharashtra,Raigad,Karjat(Raigad) APMC,18.4928092,73.138071,4.319470050451809,3.392419790252584,2373.2599347880887,1,3,14,sparse,low
wheat,Wheat||Maharashtra||Sangli||Sangli APMC,Wheat,Maharashtra,Sangli,Sangli APMC,17.1726928,74.5867654,40.57693588353616,21.521868719094392,3334.80737211582,0,0,16,sparse,medium
wheat,Wheat||Maharashtra||Sholapur||Solapur APMC,Wheat,Maharashtra,Sholapur,Solapur APMC,17.6799325,75.927467,135.38884764259032,61.496078201656815,2969.0422927973664,0,4,22,sparse,high
wheat,Wheat||Maharashtra||Thane||Ulhasnagar APMC,Wheat,Maharashtra,Thane,Ulhasnagar APMC,19.3653598,73.3685437,62.95282309919942,10.82804070577601,3302.751377572433,1,6,26,sparse,medium
wheat,Wheat||Maharashtra||Vashim||Karanja APMC,Wheat,Maharashtra,Vashim,Karanja APMC,19.5670323,76.4164557,132.42813995481256,173.43774116322848,2536.1422375186994,9,17,48,sparse,high
wheat,Wheat||Maharashtra||Vashim||Washim APMC,Wheat,Maharashtra,Vashim,Washim APMC,19.5670323,76.4164557,46.65425358271154,56.9101900230604,2218.497696314042,9,17,48,sparse,medium
wheat,Wheat||Maharashtra||Wardha||Hinganghat APMC,Wheat,Maharashtra,Wardha,Hinganghat APMC,20.5340173,78.8327986,10.959504946495986,8.880054871326317,2337.604583263834,2,2,43,sparse,low
wheat,Wheat||NCT of Delhi||Delhi||Najafgarh APMC,Wheat,NCT of Delhi,Delhi,Najafgarh APMC,28.6333255,77.2244838,80.84688499327756,110.49212495358327,2611.708658559139,11,29,69,sparse,medium
wheat,Wheat||NCT of Delhi||Delhi||Narela APMC,Wheat,NCT of Delhi,Delhi,Narela APMC,28.6333255,77.2244838,140.91564678539518,398.90294735373465,2511.0727761115936,11,29,69,sparse,high
wheat,Wheat||Rajasthan||Ajmer||Madanganj Kishangarh APMC,Wheat,Rajasthan,Ajmer,Madanganj Kishangarh APMC,26.4691,74.639,3.099986385982731,3.3161840963303804,2402.7896051725893,1,12,50,sparse,low
wheat,Wheat||Rajasthan||Alwar||Alwar APMC,Wheat,Rajasthan,Alwar,Alwar APMC,27.4140049,76.6170387,58.46224682460393,103.70742728560094,2381.8949941733795,8,22,100,sparse,medium
wheat,Wheat||Rajasthan||Alwar||Barodamev APMC,Wheat,Rajasthan,Alwar,Barodamev APMC,27.414004899999995,76.6170387,13.98072920103904,27.94057114374771,2437.6857404508496,8,22,100,sparse,low
wheat,Wheat||Rajasthan||Alwar||Kherli APMC,Wheat,Rajasthan,Alwar,Kherli APMC,27.4140049,76.6170387,34.24387595846026,43.842149057153854,2473.7542385804254,8,22,100,sparse,low
wheat,Wheat||Rajasthan||Alwar||Laxmangarh - Barodamev  APMC,Wheat,Rajasthan,Alwar,Laxmangarh - Barodamev  APMC,27.4140049,76.6170387,9.723208073054375,21.794353435789752,2402.7215134100697,8,22,100,sparse,low
wheat,Wheat||Rajasthan||Anupgarh||Anupgarh APMC,Wheat,Rajasthan,Anupgarh,Anupgarh APMC,29.1967444,73.2046162,89.73809058563853,215.1971133905972,2370.2440809584223,0,1,3,sparse,medium
wheat,Wheat||Rajasthan||Baran||Anta APMC,Wheat,Rajasthan,Baran,Anta APMC,24.9208165,76.6821985,18.68946204369437,52.86838991237108,2367.1719486034085,12,32,154,sparse,low
wheat,Wheat||Rajasthan||Baran||Atru APMC,Wheat,Rajasthan,Baran,Atru APMC,24.920816499999997,76.6821985,24.5337098474303,63.27180306861907,2468.038218242789,12,32,154,sparse,low
wheat,Wheat||Rajasthan||Baran||Baran APMC,Wheat,Rajasthan,Baran,Baran APMC,24.9208165,76.6821985,847.3916779889012,2053.712473787708,2523.872947808245,12,32,154,sparse,high
wheat,Wheat||Rajasthan||Baran||Kawai Salpura - Atru APMC,Wheat,Rajasthan,Baran,Kawai Salpura - Atru APMC,24.9208165,76.6821985,31.96849100040052,69.20152342950487,2469.899347540653,12,32,154,sparse,low
wheat,Wheat||Rajasthan||Beawar||Bijaynagar APMC,Wheat,Rajasthan,Beawar,Bijaynagar APMC,26.1070559,74.3128424,1.3889389099783838,1.8052499044507158,2346.0248497097896,1,10,60,sparse,low
wheat,Wheat||Rajasthan||Bharatpur||Bharatpur APMC,Wheat,Rajasthan,Bharatpur,Bharatpur APMC,27.0246959,77.2920116,37.292192608627914,66.01674432029552,2431.406223840766,5,35,122,sparse,medium
wheat,Wheat||Rajasthan||Bharatpur||Nadwai APMC,Wheat,Rajasthan,Bharatpur,Nadwai APMC,27.0246959,77.2920116,12.441486473941909,24.621424062025497,2394.3798476503157,5,35,122,sparse,low
wheat,Wheat||Rajasthan||Bhilwara||Bhilwara APMC,Wheat,Rajasthan,Bhilwara,Bhilwara APMC,25.470994000000005,74.6961316,9.603942541031445,14.509640696174959,2439.295917012504,1,18,85,sparse,low
wheat,Wheat||Rajasthan||Bundi||Bundi APMC,Wheat,Rajasthan,Bundi,Bundi APMC,25.4367659,75.7361471,391.560179971885,706.3301837706077,2425.79900793717,3,32,119,sparse,high
wheat,Wheat||Rajasthan||Bundi||Dei APMC,Wheat,Rajasthan,Bundi,Dei APMC,25.436765899999997,75.7361471,21.59765961133642,39.11116646020185,2411.326126059228,3,32,119,sparse,low
wheat,Wheat||Rajasthan||Bundi||Keshoraipatan APMC,Wheat,Rajasthan,Bundi,Keshoraipatan APMC,25.4367659,75.7361471,18.278243510993548,38.90521650085702,2546.173373507393,3,32,119,sparse,low
wheat,Wheat||Rajasthan||Chittorgarh||Begu APMC,Wheat,Rajasthan,Chittorgarh,Begu APMC,24.7171578,74.4718129,218.745242261395,74.19011959180428,2336.205856478357,3,18,107,sparse,high
wheat,Wheat||Rajasthan||Chittorgarh||Nimbahera APMC,Wheat,Rajasthan,Chittorgarh,Nimbahera APMC,24.7171578,74.4718129,369.16564272624765,192.91375451617606,2685.0098445642975,3,18,107,sparse,high
wheat,Wheat||Rajasthan||Dausa||Bandikui APMC,Wheat,Rajasthan,Dausa,Bandikui APMC,26.804865900000003,76.4437457,5.745086833975933,3.9173588617105177,2552.2699600897427,10,27,103,sparse,low
wheat,Wheat||Rajasthan||Dausa||Dausa APMC,Wheat,Rajasthan,Dausa,Dausa APMC,26.8048659,76.4437457,25.409385211046636,32.74683442001194,2434.918861000498,10,27,103,sparse,low
wheat,Wheat||Rajasthan||Dausa||Lalsot APMC,Wheat,Rajasthan,Dausa,Lalsot APMC,26.8048659,76.4437457,77.7012764534892,102.47799775520537,2422.6766581128636,10,27,103,sparse,medium
wheat,Wheat||Rajasthan||Dausa||Mandawari APMC,Wheat,Rajasthan,Dausa,Mandawari APMC,26.804865899999996,76.4437457,63.87083447439555,59.227642809830165,2436.1342962613735,10,27,103,sparse,medium
wheat,Wheat||Rajasthan||Ganganagar||Kesarisinghpur APMC,Wheat,Rajasthan,Ganganagar,Kesarisinghpur APMC,25.9061389,76.4815499,28.317362222435772,64.28367028946947,2273.6008369908895,5,32,125,sparse,low
wheat,Wheat||Rajasthan||Ganganagar||Sadulshahar APMC,Wheat,Rajasthan,Ganganagar,Sadulshahar APMC,25.9061389,76.4815499,77.76323329940092,242.69961990598134,2266.258652738557,5,32,125,sparse,medium
wheat,Wheat||Rajasthan||Ganganagar||Sriganganagar (Grain) APMC,Wheat,Rajasthan,Ganganagar,Sriganganagar (Grain) APMC,25.906138900000002,76.4815499,253.05139445347757,630.989156674855,2405.6870488919712,5,32,125,sparse,high
wheat,Wheat||Rajasthan||Gangapur City||Gangapur City APMC,Wheat,Rajasthan,Gangapur City,Gangapur City APMC,26.468180899999997,76.7266811,28.231921411154342,28.33829813690619,2408.406297127428,7,31,130,sparse,low
wheat,Wheat||Rajasthan||Hanumangarh||Goluwala APMC,Wheat,Rajasthan,Hanumangarh,Goluwala APMC,29.365953299999997,74.298429,83.50546629010988,256.2655340548925,2242.265762867434,0,1,7,sparse,medium
wheat,Wheat||Rajasthan||Jaipur Rural||Bassi APMC,Wheat,Rajasthan,Jaipur Rural,Bassi APMC,26.9206636,75.9740914,7.687290887666359,7.294613687939233,2447.82161972619,5,23,89,sparse,low
wheat,Wheat||Rajasthan||Jaipur Rural||Chaksu APMC,Wheat,Rajasthan,Jaipur Rural,Chaksu APMC,26.9206636,75.9740914,31.016764882289582,41.18564211061038,2497.711070863598,5,23,89,sparse,low
wheat,Wheat||Rajasthan||Jhalawar||Bhawani Mandi APMC,Wheat,Rajasthan,Jhalawar,Bhawani Mandi APMC,24.3132368,76.5221078,59.119402521937964,115.16187290483168,2424.012232834726,15,57,161,dense,medium
wheat,Wheat||Rajasthan||Jhalawar||Choumahla APMC,Wheat,Rajasthan,Jhalawar,Choumahla APMC,24.3132368,76.5221078,65.39883777932405,129.15693283915473,2559.7667566354025,15,57,161,dense,medium
wheat,Wheat||Rajasthan||Jhalawar||Iklera APMC,Wheat,Rajasthan,Jhalawar,Iklera APMC,24.3132368,76.5221078,60.55007833508113,78.87249944589674,2448.623190174472,15,57,161,dense,medium
wheat,Wheat||Rajasthan||Jhalawar||Jhalarapatan APMC,Wheat,Rajasthan,Jhalawar,Jhalarapatan APMC,24.3132368,76.5221078,67.93613991413302,131.78414205236817,2395.6402628147925,15,57,161,dense,medium
wheat,Wheat||Rajasthan||Jhalawar||Khanpur APMC,Wheat,Rajasthan,Jhalawar,Khanpur APMC,24.3132368,76.5221078,73.39584424850266,126.5691809980405,2546.3324199709355,15,57,161,dense,medium
wheat,Wheat||Rajasthan||Kekri||Kekri APMC,Wheat,Rajasthan,Kekri,Kekri APMC,25.974212,75.1545672,8.023641730704032,9.601284659708867,2362.7520893777973,6,19,75,sparse,low
wheat,Wheat||Rajasthan||Khairthal Tijara||Khairthal APMC,Wheat,Rajasthan,Khairthal Tijara,Khairthal APMC,27.7978292,76.6417499,20.039348040652296,35.72500245991081,2378.181337726888,4,31,88,sparse,low
wheat,Wheat||Rajasthan||Kota||Kota APMC,Wheat,Rajasthan,Kota,Kota APMC,25.173701900000005,75.8574194,1273.9672661115683,2178.9814467610076,2478.6151894430413,3,34,130,sparse,high
wheat,Wheat||Rajasthan||Pratapgarh||Pratapgarh APMC,Wheat,Rajasthan,Pratapgarh,Pratapgarh APMC,24.023222099999998,74.6250275,77.85233667484424,101.59750884570221,2470.185961673219,4,26,116,sparse,medium
wheat,Wheat||Rajasthan||Swai Madhopur||Old Lal mandi - Gangapurcity,Wheat,Rajasthan,Swai Madhopur,Old Lal mandi - Gangapurcity,26.810577700000003,73.7684549,6.056804905168375,10.719060362595862,2309.60626749996,1,3,36,sparse,low
wheat,Wheat||Rajasthan||Swai Madhopur||Sawai Madhopur APMC,Wheat,Rajasthan,Swai Madhopur,Sawai Madhopur APMC,26.8105777,73.7684549,31.061688643786038,46.33016910316186,2373.572448591343,1,3,36,sparse,low
wheat,Wheat||Rajasthan||Tonk||Deoli APMC,Wheat,Rajasthan,Tonk,Deoli APMC,26.122319799999996,75.6632235,31.484147245260342,45.05039878558707,2428.508240030828,5,24,84,sparse,low
wheat,Wheat||Rajasthan||Tonk||Dooni APMC,Wheat,Rajasthan,Tonk,Dooni APMC,26.1223198,75.6632235,52.66012629969447,66.15293252180278,2360.8529619825727,5,24,84,sparse,medium
wheat,Wheat||Rajasthan||Tonk||Malpura APMC,Wheat,Rajasthan,Tonk,Malpura APMC,26.1223198,75.6632235,10.76566694448816,8.501160384140803,2390.923325627379,5,24,84,sparse,low
wheat,Wheat||Rajasthan||Tonk||Niwai APMC,Wheat,Rajasthan,Tonk,Niwai APMC,26.1223198,75.6632235,15.398161493361169,15.479585550539484,2370.5731138312685,5,24,84,sparse,low
wheat,Wheat||Rajasthan||Tonk||Tonk APMC,Wheat,Rajasthan,Tonk,Tonk APMC,26.122319800000003,75.6632235,16.49679626851287,17.27927423326742,2351.2268153581076,5,24,84,sparse,low
wheat,Wheat||Rajasthan||Udaipur||Fatehnagar APMC,Wheat,Rajasthan,Udaipur,Fatehnagar APMC,24.578721,73.6862571,25.951936383375653,28.7777780374243,2573.610348294088,1,8,73,sparse,low
wheat,Wheat||Rajasthan||Udaipur||Udaipur (Grain) APMC,Wheat,Rajasthan,Udaipur,Udaipur (Grain) APMC,24.578720999999998,73.6862571,57.512257407365865,47.12246773042502,2704.3744869003685,1,8,73,sparse,medium
wheat,Wheat||Uttar Pradesh||Agra||Achnera APMC,Wheat,Uttar Pradesh,Agra,Achnera APMC,27.175255399999998,78.0098161,180.00966715761155,226.89313908042658,2542.991331949601,11,37,154,dense,high
wheat,Wheat||Uttar Pradesh||Agra||Agra APMC,Wheat,Uttar Pradesh,Agra,Agra APMC,27.175255400000005,78.0098161,592.4611316921023,385.5142095477412,2486.0372309390295,11,37,154,dense,high
wheat,Wheat||Uttar Pradesh||Aligarh||Aligarh APMC,Wheat,Uttar Pradesh,Aligarh,Aligarh APMC,27.876107300000005,78.1358153,430.8833645858528,379.79547882152457,2442.9426341917765,10,39,124,dense,high
wheat,Wheat||Uttar Pradesh||Aligarh||Charra APMC,Wheat,Uttar Pradesh,Aligarh,Charra APMC,27.876107300000005,78.1358153,66.86343389960746,176.57529328998007,2399.3624801727565,10,39,124,dense,medium
wheat,Wheat||Uttar Pradesh||Aligarh||Khair APMC,Wheat,Uttar Pradesh,Aligarh,Khair APMC,27.876107299999997,78.1358153,310.41588294459444,308.8396275537599,2419.576445526965,10,39,124,dense,high
wheat,Wheat||Uttar Pradesh||Ambedkarnagar||Akbarpur APMC,Wheat,Uttar Pradesh,Ambedkarnagar,Akbarpur APMC,27.130334400000002,80.859666,26.3403592333188,24.875619009752658,2418.5748355370997,26,59,140,dense,low
wheat,Wheat||Uttar Pradesh||Amethi||Jafarganj APMC,Wheat,Uttar Pradesh,Amethi,Jafarganj APMC,26.346274100000002,81.6252039,70.09970359650842,49.90814509437446,2427.5708388090165,6,53,128,dense,medium
wheat,Wheat||Uttar Pradesh||Amethi||Sultanpur APMC,Wheat,Uttar Pradesh,Amethi,Sultanpur APMC,26.346274100000002,81.6252039,158.69910614032136,165.94775513740723,2426.5025183235507,6,53,128,dense,high
wheat,Wheat||Uttar Pradesh||Amroha||Amroha APMC,Wheat,Uttar Pradesh,Amroha,Amroha APMC,28.7952632,78.3436244,40.33480599655704,40.59086758105427,2413.5632441526327,4,31,80,sparse,medium
wheat,Wheat||Uttar Pradesh||Amroha||Dhanaura APMC,Wheat,Uttar Pradesh,Amroha,Dhanaura APMC,28.795263200000004,78.3436244,1.0374655747401744,0.08091793741902187,2112.594318200344,4,31,80,sparse,low
wheat,Wheat||Uttar Pradesh||Auraiya||Achalda APMC,Wheat,Uttar Pradesh,Auraiya,Achalda APMC,26.655821499999995,79.5160757,82.91258195504675,59.730344735096224,2400.84111133256,11,68,167,dense,medium
wheat,Wheat||Uttar Pradesh||Auraiya||Auraiya APMC,Wheat,Uttar Pradesh,Auraiya,Auraiya APMC,26.655821499999995,79.5160757,282.16078578666924,294.6013706317845,2407.1249143864407,11,68,167,dense,high
wheat,Wheat||Uttar Pradesh||Ayodhya||Faizabad APMC,Wheat,Uttar Pradesh,Ayodhya,Faizabad APMC,26.7990707,82.2052321,293.01093632814985,238.26373640461182,2431.4805912478155,6,41,107,dense,high
wheat,Wheat||Uttar Pradesh||Azamgarh||Azamgarh APMC,Wheat,Uttar Pradesh,Azamgarh,Azamgarh APMC,26.023639,83.0293105,199.87716366750686,103.50734813391998,2395.979324898223,4,21,83,sparse,high
wheat,Wheat||Uttar Pradesh||Badaun||Badayoun APMC,Wheat,Uttar Pradesh,Badaun,Badayoun APMC,28.0649367,79.043832,270.3363974382956,596.4514869366602,2437.2113822893043,9,32,130,sparse,high
wheat,Wheat||Uttar Pradesh||Badaun||Wazirganj APMC,Wheat,Uttar Pradesh,Badaun,Wazirganj APMC,28.064936700000004,79.043832,54.185006690725245,73.63026175836721,2407.9165739341192,9,32,130,sparse,medium
wheat,Wheat||Uttar Pradesh||Bahraich||Bahraich APMC,Wheat,Uttar Pradesh,Bahraich,Bahraich APMC,27.734382300000004,81.47654,726.0443603141866,598.5202869377774,2430.7788510528626,5,42,102,dense,high
wheat,Wheat||Uttar Pradesh||Bahraich||Naanpara APMC,Wheat,Uttar Pradesh,Bahraich,Naanpara APMC,27.734382300000004,81.47654,176.16974771184482,217.72021782802858,2366.324787858414,5,42,102,dense,high
wheat,Wheat||Uttar Pradesh||Ballia||Ballia APMC,Wheat,Uttar Pradesh,Ballia,Ballia APMC,25.8749595,84.1210329,117.02811607093774,86.37436807806075,2424.29125651425,3,8,30,sparse,medium
wheat,Wheat||Uttar Pradesh||Ballia||Rasda APMC,Wheat,Uttar Pradesh,Ballia,Rasda APMC,25.8749595,84.1210329,27.700646756934468,6.459529058479488,2414.071847053623,3,8,30,sparse,low
wheat,Wheat||Uttar Pradesh||Balrampur||Balrampur APMC,Wheat,Uttar Pradesh,Balrampur,Balrampur APMC,27.447698800000005,82.3956245,41.83975728604813,10.703588241389651,2388.4509798289814,7,14,84,sparse,medium
wheat,Wheat||Uttar Pradesh||Balrampur||Panchpedwa APMC,Wheat,Uttar Pradesh,Balrampur,Panchpedwa APMC,27.447698800000005,82.3956245,67.04028837144207,46.46554370572591,2528.803791395952,7,14,84,sparse,medium
wheat,Wheat||Uttar Pradesh||Balrampur||Tulsipur APMC,Wheat,Uttar Pradesh,Balrampur,Tulsipur APMC,27.447698800000005,82.3956245,15.948915920885273,9.622778563286285,2410.327110570656,7,14,84,sparse,low
wheat,Wheat||Uttar Pradesh||Banda||Atarra APMC,Wheat,Uttar Pradesh,Banda,Atarra APMC,25.4438537,80.5595237,124.39074876379749,108.98094041016864,2286.3452236509947,12,54,163,dense,high
wheat,Wheat||Uttar Pradesh||Banda||Banda APMC,Wheat,Uttar Pradesh,Banda,Banda APMC,25.4438537,80.5595237,70.12951302425208,57.04353926901989,2363.0813185713278,12,54,163,dense,medium
wheat,Wheat||Uttar Pradesh||Barabanki||Safdarganj APMC,Wheat,Uttar Pradesh,Barabanki,Safdarganj APMC,26.9421406,81.3856087,96.67513642871243,313.5862205691789,2440.181930006463,26,57,132,dense,medium
wheat,Wheat||Uttar Pradesh||Bareilly||Bareilly APMC,Wheat,Uttar Pradesh,Bareilly,Bareilly APMC,28.4582345,79.4047452,215.80360714824178,423.37976675498084,2411.318391765337,7,27,118,sparse,high
wheat,Wheat||Uttar Pradesh||Basti||Basti APMC,Wheat,Uttar Pradesh,Basti,Basti APMC,26.8387084,82.5350919,440.58178450654003,422.1952333365076,2440.376843766322,7,23,94,sparse,high
wheat,Wheat||Uttar Pradesh||Bhadohi(Sant Ravi Nagar)||Gopiganj APMC,Wheat,Uttar Pradesh,Bhadohi(Sant Ravi Nagar),Gopiganj APMC,27.1303344,80.859666,4.868271092286856,1.498664064562108,2345.863654467366,26,59,140,dense,low
wheat,Wheat||Uttar Pradesh||Bijnor||Bijnaur APMC,Wheat,Uttar Pradesh,Bijnor,Bijnaur APMC,29.4074203,78.4821406,25.80531258573565,9.367226311898456,2351.323419151821,4,22,58,sparse,low
wheat,Wheat||Uttar Pradesh||Bulandshahar||Anoop Shahar APMC,Wheat,Uttar Pradesh,Bulandshahar,Anoop Shahar APMC,28.5242541,77.5995188,32.838020226122815,63.6553883278081,2419.153342044116,11,28,75,sparse,low
wheat,Wheat||Uttar Pradesh||Bulandshahar||Buland Shahr APMC,Wheat,Uttar Pradesh,Bulandshahar,Buland Shahr APMC,28.5242541,77.5995188,161.97108226318116,326.09065513258804,2433.562372839586,11,28,75,sparse,high
wheat,Wheat||Uttar Pradesh||Bulandshahar||Divai APMC,Wheat,Uttar Pradesh,Bulandshahar,Divai APMC,28.5242541,77.5995188,2.4066041362377213,1.7486734273791165,2238.743640004332,11,28,75,sparse,low
wheat,Wheat||Uttar Pradesh||Bulandshahar||Jahangirabad APMC,Wheat,Uttar Pradesh,Bulandshahar,Jahangirabad APMC,28.5242541,77.5995188,142.80634201559798,304.66987266012853,2434.961355053975,11,28,75,sparse,high
wheat,Wheat||Uttar Pradesh||Bulandshahar||Khurja APMC,Wheat,Uttar Pradesh,Bulandshahar,Khurja APMC,28.5242541,77.5995188,114.00018426389973,183.64013779550967,2407.1460204941613,11,28,75,sparse,medium
wheat,Wheat||Uttar Pradesh||Bulandshahar||Siyana APMC,Wheat,Uttar Pradesh,Bulandshahar,Siyana APMC,28.524254100000004,77.5995188,23.05905714898907,47.44384482811082,2366.2964116929993,11,28,75,sparse,low
wheat,Wheat||Uttar Pradesh||Chandauli||Chandoli APMC,Wheat,Uttar Pradesh,Chandauli,Chandoli APMC,25.125695,83.2494601,39.00737343303987,25.748305342538494,2417.6321962107004,4,13,58,sparse,medium
wheat,Wheat||Uttar Pradesh||Chitrakut||Karvi APMC,Wheat,Uttar Pradesh,Chitrakut,Karvi APMC,25.217387400000003,80.9236326,42.65854115488499,70.90160472581522,2367.145187276203,16,41,154,dense,medium
wheat,Wheat||Uttar Pradesh||Deoria||Devariya APMC,Wheat,Uttar Pradesh,Deoria,Devariya APMC,26.4239911,83.7638578,193.41434884900178,134.2710908710365,2373.5932603756555,4,12,59,sparse,high
wheat,Wheat||Uttar Pradesh||Etah||Aliganj APMC,Wheat,Uttar Pradesh,Etah,Aliganj APMC,27.5550357,78.5992221,6.520849263184013,7.223700072878785,2336.2061673530225,16,46,147,dense,low
wheat,Wheat||Uttar Pradesh||Etah||Etah APMC,Wheat,Uttar Pradesh,Etah,Etah APMC,27.555035699999998,78.5992221,359.1939851880581,590.4840088718016,2374.2261796644125,16,46,147,dense,high
wheat,Wheat||Uttar Pradesh||Etawah||Bharthna APMC,Wheat,Uttar Pradesh,Etawah,Bharthna APMC,26.7155629,79.0917098,139.7587451596472,76.41571154302076,2395.0625965985255,10,54,170,dense,high
wheat,Wheat||Uttar Pradesh||Etawah||Etawah APMC,Wheat,Uttar Pradesh,Etawah,Etawah APMC,26.7155629,79.0917098,187.81062304152297,243.17979219781284,2410.362426685665,10,54,170,dense,high
wheat,Wheat||Uttar Pradesh||Etawah||Jasvantnagar APMC,Wheat,Uttar Pradesh,Etawah,Jasvantnagar APMC,26.7155629,79.0917098,7.147031058553374,8.187330625895722,2497.8797842912077,10,54,170,dense,low
wheat,Wheat||Uttar Pradesh||Farukhabad||Farukhabad APMC,Wheat,Uttar Pradesh,Farukhabad,Farukhabad APMC,27.130334400000002,80.859666,26.658145173564247,22.9191268893332,2429.676864267008,26,59,140,dense,low
wheat,Wheat||Uttar Pradesh||Farukhabad||Kayamganj APMC,Wheat,Uttar Pradesh,Farukhabad,Kayamganj APMC,27.1303344,80.859666,49.48361113091992,77.61209608545244,2414.7460851939286,26,59,140,dense,medium
wheat,Wheat||Uttar Pradesh||Farukhabad||Mohamadabad APMC,Wheat,Uttar Pradesh,Farukhabad,Mohamadabad APMC,27.130334400000002,80.859666,66.14310798065536,53.41517725226099,2403.6464752821757,26,59,140,dense,medium
wheat,Wheat||Uttar Pradesh||Fatehpur||Bindki APMC,Wheat,Uttar Pradesh,Fatehpur,Bindki APMC,25.8348023,80.9154547,473.5089961307534,447.74611400364887,2392.0528009254845,7,65,148,dense,high
wheat,Wheat||Uttar Pradesh||Fatehpur||Fatehpur APMC,Wheat,Uttar Pradesh,Fatehpur,Fatehpur APMC,25.8348023,80.9154547,117.6847336583021,116.0196210482183,2404.8528759374844,7,65,148,dense,medium
wheat,Wheat||Uttar Pradesh||Fatehpur||Jahanabad APMC,Wheat,Uttar Pradesh,Fatehpur,Jahanabad APMC,25.8348023,80.9154547,40.03679111719099,89.59089371665344,2230.1647006975063,7,65,148,dense,medium
wheat,Wheat||Uttar Pradesh||Fatehpur||Khaga APMC,Wheat,Uttar Pradesh,Fatehpur,Khaga APMC,25.8348023,80.9154547,68.80755985492695,47.53804104685936,2362.9691797032824,7,65,148,dense,medium
wheat,Wheat||Uttar Pradesh||Fatehpur||Kishunpur APMC,Wheat,Uttar Pradesh,Fatehpur,Kishunpur APMC,25.8348023,80.9154547,2.3357768017469556,2.695722273590891,2364.5538886931895,7,65,148,dense,low
wheat,Wheat||Uttar Pradesh||Firozabad||Firozabad APMC,Wheat,Uttar Pradesh,Firozabad,Firozabad APMC,27.1941954,78.4604956,64.86798571668866,67.05085366826836,2495.847792243442,10,39,158,dense,medium
wheat,Wheat||Uttar Pradesh||Firozabad||Tundla APMC,Wheat,Uttar Pradesh,Firozabad,Tundla APMC,27.1941954,78.4604956,163.03815278383425,297.31450807815963,2485.9949656249837,10,39,158,dense,high
wheat,Wheat||Uttar Pradesh||Gautam Budh Nagar||Dadri APMC,Wheat,Uttar Pradesh,Gautam Budh Nagar,Dadri APMC,28.4492122,77.5281018,117.05300110650285,107.15554043235382,2379.0074180279,11,34,75,sparse,medium
wheat,Wheat||Uttar Pradesh||Ghaziabad||Ghaziabad APMC,Wheat,Uttar Pradesh,Ghaziabad,Ghaziabad APMC,28.7749966,77.4586967,1086.4377580665748,1000.4208167674398,2438.269254820921,11,27,68,sparse,high
wheat,Wheat||Uttar Pradesh||Ghaziabad||Hapur APMC,Wheat,Uttar Pradesh,Ghaziabad,Hapur APMC,28.7749966,77.4586967,348.1539924899979,461.7194493160428,2450.464887174686,11,27,68,sparse,high
wheat,Wheat||Uttar Pradesh||Ghazipur||Gazipur APMC,Wheat,Uttar Pradesh,Ghazipur,Gazipur APMC,25.603486300000004,83.5075888,43.99785245628832,24.603394820944843,2439.863258832935,5,14,58,sparse,medium
wheat,Wheat||Uttar Pradesh||Gonda||Gonda APMC,Wheat,Uttar Pradesh,Gonda,Gonda APMC,27.1103723,81.9238906,1112.7245737309945,1273.6751850993548,2454.8227319750918,7,41,112,dense,high
wheat,Wheat||Uttar Pradesh||Gonda||Nawabganj APMC,Wheat,Uttar Pradesh,Gonda,Nawabganj APMC,27.110372299999998,81.9238906,66.20303529606089,104.79353817983191,2431.993168244158,7,41,112,dense,medium
wheat,Wheat||Uttar Pradesh||Gorakhpur||Chorichora APMC,Wheat,Uttar Pradesh,Gorakhpur,Chorichora APMC,26.6677977,83.3642334,24.871158476655182,21.648236134050265,2317.8798594339223,3,15,73,sparse,low
wheat,Wheat||Uttar Pradesh||Gorakhpur||Gorakhpur APMC,Wheat,Uttar Pradesh,Gorakhpur,Gorakhpur APMC,26.667797699999998,83.3642334,440.1383383423828,258.2114290455236,2383.094217552899,3,15,73,sparse,high
wheat,Wheat||Uttar Pradesh||Hamirpur||Bharuasumerpur APMC,Wheat,Uttar Pradesh,Hamirpur,Bharuasumerpur APMC,25.75,80.0,108.62102496591503,92.92932850064896,2369.6948080465227,13,71,163,dense,medium
wheat,Wheat||Uttar Pradesh||Hamirpur||Kurara APMC,Wheat,Uttar Pradesh,Hamirpur,Kurara APMC,25.75,80.0,29.96055626476259,32.065704498362635,2392.76281031005,13,71,163,dense,low
wheat,Wheat||Uttar Pradesh||Hamirpur||Maudaha APMC,Wheat,Uttar Pradesh,Hamirpur,Maudaha APMC,25.75,80.0,104.51395953510324,111.19876650415344,2273.823690749992,13,71,163,dense,medium
wheat,Wheat||Uttar Pradesh||Hamirpur||Muskara APMC,Wheat,Uttar Pradesh,Hamirpur,Muskara APMC,25.75,80.0,82.71524544653954,82.95632734452501,2306.6310532273446,13,71,163,dense,medium
wheat,Wheat||Uttar Pradesh||Hamirpur||Raath APMC,Wheat,Uttar Pradesh,Hamirpur,Raath APMC,25.75,80.0,371.1328453846416,569.1913753640747,2259.7593953364994,13,71,163,dense,high
wheat,Wheat||Uttar Pradesh||Hardoi||Hardoi APMC,Wheat,Uttar Pradesh,Hardoi,Hardoi APMC,27.3369978,80.0998232,664.260469768494,708.5327583692227,2375.5561387129587,11,59,149,dense,high
wheat,Wheat||Uttar Pradesh||Hardoi||Madhoganj APMC,Wheat,Uttar Pradesh,Hardoi,Madhoganj APMC,27.3369978,80.0998232,364.30714197599144,279.0073450104188,2375.7424645700926,11,59,149,dense,high
wheat,Wheat||Uttar Pradesh||Hardoi||Sandi APMC,Wheat,Uttar Pradesh,Hardoi,Sandi APMC,27.336997800000002,80.0998232,106.65856034353477,96.80484015329236,2333.233406432409,11,59,149,dense,medium
wheat,Wheat||Uttar Pradesh||Hardoi||Sandila APMC,Wheat,Uttar Pradesh,Hardoi,Sandila APMC,27.3369978,80.0998232,498.47011135712756,246.49197569356534,2386.353086546633,11,59,149,dense,high
wheat,Wheat||Uttar Pradesh||Hardoi||Shahabad(New Mandi) APMC,Wheat,Uttar Pradesh,Hardoi,Shahabad(New Mandi) APMC,27.336997799999995,80.0998232,83.25385622249121,66.02818247963262,2389.2224842347396,11,59,149,dense,medium
wheat,Wheat||Uttar Pradesh||Hathras||Haathras APMC,Wheat,Uttar Pradesh,Hathras,Haathras APMC,27.5724324,78.1116209,240.67741384708546,231.56027264126703,2439.9585543852036,13,47,141,dense,high
wheat,Wheat||Uttar Pradesh||Hathras||Sikandraraau APMC,Wheat,Uttar Pradesh,Hathras,Sikandraraau APMC,27.5724324,78.1116209,18.43699067247542,29.8818330978146,2442.10177767218,13,47,141,dense,low
wheat,Wheat||Uttar Pradesh||Jalaun (Orai)||Ait APMC,Wheat,Uttar Pradesh,Jalaun (Orai),Ait APMC,25.9895758,79.4538041,10.24864266987035,11.13789981445419,2454.316446110969,15,58,175,dense,low
wheat,Wheat||Uttar Pradesh||Jalaun (Orai)||Jalaun APMC,Wheat,Uttar Pradesh,Jalaun (Orai),Jalaun APMC,25.989575800000004,79.4538041,83.48437679344677,147.6805616283182,2351.318193984811,15,58,175,dense,medium
wheat,Wheat||Uttar Pradesh||Jalaun (Orai)||Konch APMC,Wheat,Uttar Pradesh,Jalaun (Orai),Konch APMC,25.9895758,79.4538041,100.22072862015675,182.87607455676923,2413.922466624916,15,58,175,dense,medium
wheat,Wheat||Uttar Pradesh||Jalaun (Orai)||Madhogarh APMC,Wheat,Uttar Pradesh,Jalaun (Orai),Madhogarh APMC,25.989575799999997,79.4538041,40.60048638655372,32.074974810686385,2362.581872071899,15,58,175,dense,medium
wheat,Wheat||Uttar Pradesh||Jalaun (Orai)||Orai APMC,Wheat,Uttar Pradesh,Jalaun (Orai),Orai APMC,25.9895758,79.4538041,101.36339959172031,147.06254744739456,2361.1048745697144,15,58,175,dense,medium
wheat,Wheat||Uttar Pradesh||Jaunpur||Jaunpur APMC,Wheat,Uttar Pradesh,Jaunpur,Jaunpur APMC,25.7967065,82.4888992,69.96077919876085,47.09368372130377,2425.630108603936,5,18,101,sparse,medium
wheat,Wheat||Uttar Pradesh||Jaunpur||Mugrabaadshahpur APMC,Wheat,Uttar Pradesh,Jaunpur,Mugrabaadshahpur APMC,25.7967065,82.4888992,30.242398823446788,7.703286387530241,2436.0611100975357,5,18,101,sparse,low
wheat,Wheat||Uttar Pradesh||Jaunpur||Shahganj APMC,Wheat,Uttar Pradesh,Jaunpur,Shahganj APMC,25.796706499999996,82.4888992,45.06719419966509,17.876949143783825,2479.043609213857,5,18,101,sparse,medium
wheat,Wheat||Uttar Pradesh||Jhansi||Gurusarai APMC,Wheat,Uttar Pradesh,Jhansi,Gurusarai APMC,25.529855,78.6527802,65.16247065855717,75.452843491156,2327.3522828545547,6,44,203,dense,medium
wheat,Wheat||Uttar Pradesh||Jhansi||Jhansi APMC,Wheat,Uttar Pradesh,Jhansi,Jhansi APMC,25.529855,78.6527802,207.98109910551474,229.9493184335501,2361.6583958035258,6,44,203,dense,high
wheat,Wheat||Uttar Pradesh||Jhansi||Mauranipur APMC,Wheat,Uttar Pradesh,Jhansi,Mauranipur APMC,25.529855,78.6527802,104.39803384927694,117.6680404246471,2328.1809496268575,6,44,203,dense,medium
wheat,Wheat||Uttar Pradesh||Jhansi||Moth APMC,Wheat,Uttar Pradesh,Jhansi,Moth APMC,25.529855,78.6527802,56.89690031258057,75.30104434414514,2304.881055468807,6,44,203,dense,medium
wheat,Wheat||Uttar Pradesh||Kannuj||Chhibramau APMC,Wheat,Uttar Pradesh,Kannuj,Chhibramau APMC,27.1303344,80.859666,51.71215994853063,34.0156664028531,2353.175121345827,26,59,140,dense,medium
wheat,Wheat||Uttar Pradesh||Kannuj||Kannauj APMC,Wheat,Uttar Pradesh,Kannuj,Kannauj APMC,27.130334400000002,80.859666,108.29043385550645,178.7302477509502,2397.1632203108056,26,59,140,dense,medium
wheat,Wheat||Uttar Pradesh||Kanpur Dehat||Jhijhank APMC,Wheat,Uttar Pradesh,Kanpur Dehat,Jhijhank APMC,26.458564,79.8548052,133.1631862621364,116.0797514730939,2344.208450544925,12,68,161,dense,high
wheat,Wheat||Uttar Pradesh||Kanpur Dehat||Pukharayan APMC,Wheat,Uttar Pradesh,Kanpur Dehat,Pukharayan APMC,26.458563999999996,79.8548052,102.95736562874269,68.72853716857547,2403.592007271911,12,68,161,dense,medium
wheat,Wheat||Uttar Pradesh||Kanpur||Choubepur APMC,Wheat,Uttar Pradesh,Kanpur,Choubepur APMC,26.460913499999997,80.3217588,89.2612229933586,100.11828490527802,2417.835448896488,15,66,159,dense,medium
wheat,Wheat||Uttar Pradesh||Kanpur||Kanpur(Grain) APMC,Wheat,Uttar Pradesh,Kanpur,Kanpur(Grain) APMC,26.460913499999997,80.3217588,917.9667550238955,667.7076548594549,2481.4372876963434,15,66,159,dense,high
wheat,Wheat||Uttar Pradesh||Kanpur||Uttaripura APMC,Wheat,Uttar Pradesh,Kanpur,Uttaripura APMC,26.4609135,80.3217588,52.28834910345585,57.79481616567566,2386.337448822465,15,66,159,dense,medium
wheat,Wheat||Uttar Pradesh||Kanpur||Varipaal APMC,Wheat,Uttar Pradesh,Kanpur,Varipaal APMC,26.4609135,80.3217588,29.135864850136784,35.07673656294105,2356.569982001456,15,66,159,dense,low
wheat,Wheat||Uttar Pradesh||Kasganj||Kasganj APMC,Wheat,Uttar Pradesh,Kasganj,Kasganj APMC,27.7888528,78.8229701,97.25182372964686,77.269739405211,2393.6848121277817,12,44,139,dense,medium
wheat,Wheat||Uttar Pradesh||Khiri (Lakhimpur)||Maigalganj APMC,Wheat,Uttar Pradesh,Khiri (Lakhimpur),Maigalganj APMC,27.1303344,80.859666,28.48078497067985,48.913741988943706,2470.765704902081,26,59,140,dense,low
wheat,Wheat||Uttar Pradesh||Khiri (Lakhimpur)||Mohammdi APMC,Wheat,Uttar Pradesh,Khiri (Lakhimpur),Mohammdi APMC,27.130334400000002,80.859666,121.24820442244085,101.21100432677983,2416.6581529065766,26,59,140,dense,high
wheat,Wheat||Uttar Pradesh||Lakhimpur||Golagokarnath APMC,Wheat,Uttar Pradesh,Lakhimpur,Golagokarnath APMC,27.9850602,80.7538454,319.4226253571014,368.9893681656606,2408.2229880972636,5,36,112,sparse,high
wheat,Wheat||Uttar Pradesh||Lakhimpur||Lakhimpur APMC,Wheat,Uttar Pradesh,Lakhimpur,Lakhimpur APMC,27.9850602,80.7538454,591.4114306435861,570.7326344377296,2406.4587732053374,5,36,112,sparse,high
wheat,Wheat||Uttar Pradesh||Lalitpur||Mehrauni APMC,Wheat,Uttar Pradesh,Lalitpur,Mehrauni APMC,24.6999688,78.51862,66.53910715426757,115.4899253060477,2361.6079595514607,7,48,172,dense,medium
wheat,Wheat||Uttar Pradesh||Lucknow||Banthara APMC,Wheat,Uttar Pradesh,Lucknow,Banthara APMC,26.8381,80.9346001,274.2473272392277,202.24044388564863,2546.5930634789793,33,57,154,dense,high
wheat,Wheat||Uttar Pradesh||Lucknow||Lucknow APMC,Wheat,Uttar Pradesh,Lucknow,Lucknow APMC,26.8381,80.9346001,336.5929942227093,90.87608623570429,2445.3360222650476,33,57,154,dense,high
wheat,Wheat||Uttar Pradesh||Maharajganj||Anandnagar APMC,Wheat,Uttar Pradesh,Maharajganj,Anandnagar APMC,26.4710847,81.1807046,30.77715927825406,27.18943997557491,2308.866258938037,15,64,144,dense,low
wheat,Wheat||Uttar Pradesh||Maharajganj||Nautnava APMC,Wheat,Uttar Pradesh,Maharajganj,Nautnava APMC,26.4710847,81.1807046,0.497248599916805,2.6329314800874015,2373.701087449847,15,64,144,dense,low
wheat,Wheat||Uttar Pradesh||Maharajganj||Partaval APMC,Wheat,Uttar Pradesh,Maharajganj,Partaval APMC,26.4710847,81.1807046,102.95614365752411,115.70489203690545,2394.194147858164,15,64,144,dense,medium
wheat,Wheat||Uttar Pradesh||Mahoba||Charkhari APMC,Wheat,Uttar Pradesh,Mahoba,Charkhari APMC,25.3615939,79.706011,42.713162817186976,50.00520667303402,2278.944290562742,16,55,180,dense,medium
wheat,Wheat||Uttar Pradesh||Mahoba||Mahoba APMC,Wheat,Uttar Pradesh,Mahoba,Mahoba APMC,25.3615939,79.706011,64.91755367591121,123.90942961914504,2392.102112380824,16,55,180,dense,medium
wheat,Wheat||Uttar Pradesh||Mainpuri||Bewar APMC,Wheat,Uttar Pradesh,Mainpuri,Bewar APMC,27.2093072,79.0625369,11.666643506688763,14.947354229127658,2316.281043041522,10,48,161,dense,low
wheat,Wheat||Uttar Pradesh||Mainpuri||Ghiraur APMC,Wheat,Uttar Pradesh,Mainpuri,Ghiraur APMC,27.2093072,79.0625369,231.5035886526299,241.7165108988506,2381.9134059722683,10,48,161,dense,high
wheat,Wheat||Uttar Pradesh||Mainpuri||Mainpuri APMC,Wheat,Uttar Pradesh,Mainpuri,Mainpuri APMC,27.209307200000005,79.0625369,547.3171668146683,635.447437535382,2370.419050155458,10,48,161,dense,high
wheat,Wheat||Uttar Pradesh||Mathura||Kosikalan APMC,Wheat,Uttar Pradesh,Mathura,Kosikalan APMC,27.4955539,77.6855554,110.59645344603251,157.65815595635638,2497.742088664532,10,44,106,dense,medium
wheat,Wheat||Uttar Pradesh||Mathura||Mathura APMC,Wheat,Uttar Pradesh,Mathura,Mathura APMC,27.495553899999997,77.6855554,386.368115946093,428.99039687167914,2430.170883156239,10,44,106,dense,high
wheat,Wheat||Uttar Pradesh||Meerut||Meerut APMC,Wheat,Uttar Pradesh,Meerut,Meerut APMC,29.0018557,77.7679671,247.25818524503495,115.75462357856145,2419.7246166047007,15,24,68,sparse,high
wheat,Wheat||Uttar Pradesh||Mirzapur||Ahirora APMC,Wheat,Uttar Pradesh,Mirzapur,Ahirora APMC,24.9316896,82.6280163,65.13468245649275,9.707318745304093,2344.890702359333,4,17,81,sparse,medium
wheat,Wheat||Uttar Pradesh||Mirzapur||Mirzapur APMC,Wheat,Uttar Pradesh,Mirzapur,Mirzapur APMC,24.9316896,82.6280163,257.89117811096895,206.7764262915149,2433.043426488438,4,17,81,sparse,high
wheat,Wheat||Uttar Pradesh||Muzaffarnagar||Muzzafarnagar APMC,Wheat,Uttar Pradesh,Muzaffarnagar,Muzzafarnagar APMC,29.4496979,77.7429333,280.07495273868074,168.86265947068745,2444.8043558715617,5,19,51,sparse,high
wheat,Wheat||Uttar Pradesh||Pillibhit||Bishalpur APMC,Wheat,Uttar Pradesh,Pillibhit,Bishalpur APMC,27.1303344,80.859666,175.832178019125,284.75824690640746,2437.5125373987526,26,59,140,dense,high
wheat,Wheat||Uttar Pradesh||Pillibhit||Pilibhit APMC,Wheat,Uttar Pradesh,Pillibhit,Pilibhit APMC,27.1303344,80.859666,391.54861188699783,859.783317594345,2434.839082654248,26,59,140,dense,high
wheat,Wheat||Uttar Pradesh||Pillibhit||Puranpur APMC,Wheat,Uttar Pradesh,Pillibhit,Puranpur APMC,27.1303344,80.859666,180.24505407288785,476.232988538197,2423.886714146598,26,59,140,dense,high
wheat,Wheat||Uttar Pradesh||Pratapgarh||Pratapgarh APMC,Wheat,Uttar Pradesh,Pratapgarh,Pratapgarh APMC,25.75,81.75,79.56891494054399,60.352767612186625,2489.945377135428,7,39,123,dense,medium
wheat,Wheat||Uttar Pradesh||Prayagraj||Ajuha APMC,Wheat,Uttar Pradesh,Prayagraj,Ajuha APMC,25.4381302,81.8338005,55.19898422997843,42.07131871391122,2397.3547059695247,2,33,123,sparse,medium
wheat,Wheat||Uttar Pradesh||Prayagraj||Prayagraj APMC,Wheat,Uttar Pradesh,Prayagraj,Prayagraj APMC,25.4381302,81.8338005,634.6379949703143,293.2519415905528,2373.8797009846276,2,33,123,sparse,high
wheat,Wheat||Uttar Pradesh||Raebarelli||Bachranwa APMC,Wheat,Uttar Pradesh,Raebarelli,Bachranwa APMC,26.772439699999996,80.9443515,89.5440909883261,86.83284986562941,2451.7518760845173,29,62,152,dense,medium
wheat,Wheat||Uttar Pradesh||Raebarelli||Jayas APMC,Wheat,Uttar Pradesh,Raebarelli,Jayas APMC,26.772397,80.9443626,250.59058445974784,428.875847520274,2485.1476113696035,29,62,152,dense,high
wheat,Wheat||Uttar Pradesh||Raebarelli||Lalganj APMC,Wheat,Uttar Pradesh,Raebarelli,Lalganj APMC,26.7724397,80.9443515,139.77232054353456,92.0967795318858,2392.217085117463,29,62,152,dense,high
wheat,Wheat||Uttar Pradesh||Raebarelli||Raibareilly APMC,Wheat,Uttar Pradesh,Raebarelli,Raibareilly APMC,26.772397,80.9443626,265.64927779403973,158.39429663927862,2427.6355506042673,29,62,152,dense,high
wheat,Wheat||Uttar Pradesh||Raebarelli||Salon APMC,Wheat,Uttar Pradesh,Raebarelli,Salon APMC,26.772397000000005,80.9443626,9.787061687443627,15.443686249619963,2355.008827169558,29,62,152,dense,low
wheat,Wheat||Uttar Pradesh||Rampur||Milak APMC,Wheat,Uttar Pradesh,Rampur,Milak APMC,28.793472799999996,79.1845806,9.674714230377536,6.040866347641576,2346.373903573141,3,18,103,sparse,low
wheat,Wheat||Uttar Pradesh||Rampur||Rampur APMC,Wheat,Uttar Pradesh,Rampur,Rampur APMC,28.793472800000004,79.1845806,41.095383613361534,46.21048656854601,2465.052019500322,3,18,103,sparse,medium
wheat,Wheat||Uttar Pradesh||Saharanpur||Saharanpur APMC,Wheat,Uttar Pradesh,Saharanpur,Saharanpur APMC,29.985679899999997,77.5040646,337.3991992895817,200.52725377171043,2446.240293021637,3,7,39,sparse,high
wheat,Wheat||Uttar Pradesh||Sambhal||Muradabad APMC,Wheat,Uttar Pradesh,Sambhal,Muradabad APMC,28.427192799999997,78.5564546,75.9408607859568,69.10225060092291,2406.8914357719555,9,41,117,dense,medium
wheat,Wheat||Uttar Pradesh||Shahjahanpur||Puwaha APMC,Wheat,Uttar Pradesh,Shahjahanpur,Puwaha APMC,27.9128583,79.7476254,191.83887806380352,514.9057251146512,2424.3396648064795,10,44,136,dense,high
wheat,Wheat||Uttar Pradesh||Shahjahanpur||Shahjahanpur APMC,Wheat,Uttar Pradesh,Shahjahanpur,Shahjahanpur APMC,27.9128583,79.7476254,897.0654553502553,1181.7466608519926,2455.049955027768,10,44,136,dense,high
wheat,Wheat||Uttar Pradesh||Shahjahanpur||Tilhar APMC,Wheat,Uttar Pradesh,Shahjahanpur,Tilhar APMC,27.9128583,79.7476254,70.67670869406116,148.95376142339146,2474.166438226229,10,44,136,dense,medium
wheat,Wheat||Uttar Pradesh||Shamli||Shamli APMC,Wheat,Uttar Pradesh,Shamli,Shamli APMC,29.481150799999998,77.2901344,74.57897717276511,55.28020188446824,2416.4547489348024,3,18,49,sparse,medium
wheat,Wheat||Uttar Pradesh||Siddharth Nagar||Sahiyapur APMC,Wheat,Uttar Pradesh,Siddharth Nagar,Sahiyapur APMC,27.27547,83.0880597,71.3259065143962,449.0862608671538,2276.5143931148123,6,11,74,sparse,medium
wheat,Wheat||Uttar Pradesh||Sitapur||Hargaon (Laharpur) APMC,Wheat,Uttar Pradesh,Sitapur,Hargaon (Laharpur) APMC,27.5026748,80.8335139,14.395109278472024,23.456341939204577,2367.6709745495605,26,47,120,dense,low
wheat,Wheat||Uttar Pradesh||Sitapur||Mehmoodabad APMC,Wheat,Uttar Pradesh,Sitapur,Mehmoodabad APMC,27.5026748,80.8335139,142.558667437647,123.92652560156642,2460.092583238922,26,47,120,dense,high
wheat,Wheat||Uttar Pradesh||Sitapur||Sitapur APMC,Wheat,Uttar Pradesh,Sitapur,Sitapur APMC,27.502674799999998,80.8335139,306.55930309487326,332.5664237975155,2405.574673133016,26,47,120,dense,high
wheat,Wheat||Uttar Pradesh||Sitapur||Viswan APMC,Wheat,Uttar Pradesh,Sitapur,Viswan APMC,27.502674799999998,80.8335139,115.67255471162933,137.46763599808094,2404.8915432585013,26,47,120,dense,medium
wheat,Wheat||Uttar Pradesh||Sonbhadra||Robertsganj APMC,Wheat,Uttar Pradesh,Sonbhadra,Robertsganj APMC,24.414815899999997,83.0637517,72.27426989135029,172.63728467614987,2440.3885082799193,2,6,51,sparse,medium
wheat,Wheat||Uttar Pradesh||Unnao||Bangarmau APMC,Wheat,Uttar Pradesh,Unnao,Bangarmau APMC,26.5673264,80.6198193,297.74131634263006,390.28249415837547,2394.658788225918,28,64,155,dense,high
wheat,Wheat||Uttar Pradesh||Unnao||Purwa APMC,Wheat,Uttar Pradesh,Unnao,Purwa APMC,26.5673264,80.6198193,68.24545310222186,80.6234344503204,2406.28222666066,28,64,155,dense,medium
wheat,Wheat||Uttar Pradesh||Unnao||Unnao APMC,Wheat,Uttar Pradesh,Unnao,Unnao APMC,26.5673264,80.6198193,126.73527549122683,159.06005475811835,2415.830475622471,28,64,155,dense,high
wheat,Wheat||Uttar Pradesh||Varanasi||Varanasi APMC,Wheat,Uttar Pradesh,Varanasi,Varanasi APMC,25.3356491,83.0076292,385.1165626238822,154.12852842580367,2450.3497550418583,7,15,77,sparse,high
wheat,Wheat||Uttarakhand||Haridwar||Lakshar APMC,Wheat,Uttarakhand,Haridwar,Lakshar APMC,29.912351400000002,78.0087178,7.355823859949313,14.362724865719782,2260.1557976588538,3,9,38,sparse,low
wheat,Wheat||West Bengal||Bankura||Bishnupur(Bankura) APMC,Wheat,West Bengal,Bankura,Bishnupur(Bankura) APMC,23.132377,87.2081925,0.180544303433424,0.05286107444829716,2664.098429568911,3,8,11,sparse,low
wheat,Wheat||West Bengal||Bankura||Khatra APMC,Wheat,West Bengal,Bankura,Khatra APMC,23.132377,87.2081925,0.1927109955240655,0.6037916758007673,2663.1928965240822,3,8,11,sparse,low
wheat,Wheat||West Bengal||Birbhum||Birbhum APMC,Wheat,West Bengal,Birbhum,Birbhum APMC,24.0621532,87.6982823,21.94446606388442,8.290541093704826,2720.6379055514817,6,9,13,sparse,low
wheat,Wheat||West Bengal||Birbhum||Bolpur APMC,Wheat,West Bengal,Birbhum,Bolpur APMC,24.062153200000004,87.69828230000002,19.12798901897489,7.988832774658401,2657.915347699352,6,9,13,sparse,low
wheat,Wheat||West Bengal||Birbhum||Rampurhat APMC,Wheat,West Bengal,Birbhum,Rampurhat APMC,24.062153199999997,87.6982823,11.99482196253721,1.9886517636464227,2493.2886972355245,6,9,13,sparse,low
wheat,Wheat||West Bengal||Birbhum||Sainthia APMC,Wheat,West Bengal,Birbhum,Sainthia APMC,24.0621532,87.69828230000002,13.271264140241676,5.682207040925189,2509.5485869584954,6,9,13,sparse,low
wheat,Wheat||West Bengal||Murshidabad||Kandi APMC,Wheat,West Bengal,Murshidabad,Kandi APMC,24.1745993,88.2721335,1.5437342565668348,0.4676390263699301,2373.194894566014,4,7,13,sparse,low
wheat,Wheat||West Bengal||Nadia||Karimpur APMC,Wheat,West Bengal,Nadia,Karimpur APMC,23.484737400000004,88.5567067,2.850043252324015,1.099114635902811,2343.775889001084,0,9,11,sparse,low
wheat,Wheat||West Bengal||Paschim Bardhaman||Asansol APMC,Wheat,West Bengal,Paschim Bardhaman,Asansol APMC,23.6002978,87.3041301,5.727287960701396,1.772522885204994,2630.8134530410566,7,9,13,sparse,low
wheat,Wheat||West Bengal||Paschim Bardhaman||Durgapur APMC,Wheat,West Bengal,Paschim Bardhaman,Durgapur APMC,23.6002978,87.3041301,5.734745008450159,1.1605381642807304,2569.3070996553893,7,9,13,sparse,low
wheat,Wheat||West Bengal||Uttar Dinajpur||Kaliaganj APMC,Wheat,West Bengal,Uttar Dinajpur,Kaliaganj APMC,25.8721428,87.961986,5.746630771834425,6.024796046910101,2584.267197006596,1,1,11,sparse,low
wheat,Wheat||West Bengal||Uttar Dinajpur||Raiganj APMC,Wheat,West Bengal,Uttar Dinajpur,Raiganj APMC,25.872142799999995,87.961986,6.292347865251598,5.810870756918692,2581.9697413532476,1,1,11,sparse,low
